ElapsedTime_s,Height_km,Latitude_deg,LongitudeW_deg,TotalRadius_km,LatitudeRadius_km,Gravity_ms2,Temperature_K,Pressure_Pa,Density_kgm3,PressureScaleHeight_km,DensityScaleHeight_km,SpeedOfSound_ms,PressureAtSurface_Pa,SigmaLevel,PressureAltitude_km,ReferenceTemperature_K,ReferencePressure_Pa,ReferenceDensity_kgm3,ProfileWeight,LowDensity_kgm3,HighDensity_kgm3,PerturbedDensity_kgm3,DensityPerturbation_pct,DensityStandardDeviation_pct,PerturbedSpeedOfSound_ms,RelativeStepSize,DensityDeviation_pct,LowDensityDeviation_pct,HighDensityDeviation_pct,PerturbedDensityDeviation_pct,EWWind_ms,NSWind_ms,EWWindPerturbation_ms,NSWindPerturbation_ms,PerturbedEWWind_ms,PerturbedNSWind_ms,EWStandardDeviation_ms,NSStandardDeviation_ms,LongitudeOfTheSun,SubsolarLatitude_deg,SubsolarLongitudeW_deg,LocalSolarTime_hr,SolarZenithAngle_deg,OneWayLightTime_min,OrbitalRadius_AU,SecondsPerSol,TotalNumberDensity_m3,SpecificGasConstant_JkgK,SpecificHeatRatio,AverageMolecularWeight,CompressibilityFactor,Arnd_m3,Armass_pct,Armole_pct,Aramw,N2nd_m3,N2mass_pct,N2mole_pct,N2amw,CH4nd_m3,CH4mass_pct,CH4mole_pct,CH4amw,MinMaxFactor
0.0,0.000,22.00,48.00,2575.500,2575.500,1.353,95.7,1.465e+05,5.243e+00,19.956,24.828,203.2,1.465e+05,1.000,0.000,93.3,1.465e+05,5.435e+00,0.0,5.090e+00,5.400e+00,5.305e+00,1.2,2.96,202.0,0.00,-3.5,-6.3,-0.6,-2.4,0.0,0.0,-5.6,-1.0,-5.6,-1.0,7.0,7.0,137.02,17.73,139.18,18.08,84.48,74.92,9.94,1377648.0,1.1354e+26,2.919e+02,1.478e+00,27.808,0.9763,2.2709e+24,2.62,2.00,36.40,1.0787e+26,95.66,95.00,28.00,3.4063e+24,1.73,3.00,16.00,-999.900
500.0,2.000,22.30,48.50,2577.500,2575.500,1.351,93.7,1.325e+05,4.833e+00,19.961,24.848,200.0,1.465e+05,0.905,2.000,90.5,1.323e+05,5.053e+00,0.0,4.674e+00,4.997e+00,4.985e+00,3.1,3.34,196.9,43.87,-4.4,-7.5,-1.1,-1.4,-0.2,0.0,-3.3,-6.6,-3.5,-6.6,7.3,7.3,137.02,17.73,139.31,18.05,84.07,74.92,9.94,1377648.0,1.0466e+26,2.926e+02,1.459e+00,27.808,0.9787,2.0931e+24,2.62,2.00,36.40,9.9424e+25,95.66,95.00,28.00,3.1397e+24,1.73,3.00,16.00,-999.900
1000.0,4.000,22.60,49.00,2579.500,2575.500,1.349,91.7,1.199e+05,4.457e+00,19.966,24.868,197.0,1.465e+05,0.818,4.000,88.2,1.192e+05,4.667e+00,0.0,4.294e+00,4.626e+00,4.541e+00,1.9,3.73,195.2,43.53,-4.5,-8.0,-0.9,-2.7,-0.4,0.0,-10.2,-9.2,-10.6,-9.2,7.6,7.6,137.02,17.73,139.44,18.03,83.65,74.92,9.94,1377648.0,9.6524e+25,2.933e+02,1.443e+00,27.808,0.9810,1.9305e+24,2.62,2.00,36.40,9.1698e+25,95.66,95.00,28.00,2.8957e+24,1.73,3.00,16.00,-999.900
1500.0,6.000,22.90,49.50,2581.500,2575.500,1.347,89.7,1.085e+05,4.113e+00,19.971,24.888,194.2,1.465e+05,0.740,6.000,86.5,1.071e+05,4.272e+00,0.0,3.948e+00,4.286e+00,4.127e+00,0.3,4.12,193.8,43.20,-3.7,-7.6,0.3,-3.4,-0.7,0.0,-6.9,-7.5,-7.6,-7.5,7.8,7.8,137.02,17.73,139.57,18.00,83.24,74.92,9.94,1377648.0,8.9078e+25,2.940e+02,1.429e+00,27.808,0.9833,1.7816e+24,2.62,2.00,36.40,8.4624e+25,95.66,95.00,28.00,2.6724e+24,1.73,3.00,16.00,-999.900
2000.0,8.000,23.20,50.00,2583.500,2575.500,1.345,87.8,9.805e+04,3.793e+00,18.941,22.957,191.4,1.465e+05,0.669,7.605,84.7,9.610e+04,3.905e+00,0.0,3.626e+00,3.967e+00,3.870e+00,2.0,4.50,189.5,42.76,-2.9,-7.2,1.6,-0.9,-0.7,0.0,-3.3,-3.2,-4.0,-3.2,8.1,8.1,137.02,17.73,139.70,17.98,82.83,74.92,9.94,1377648.0,8.2135e+25,2.946e+02,1.418e+00,27.808,0.9854,1.6427e+24,2.62,2.00,36.40,7.8029e+25,95.66,95.00,28.00,2.4641e+24,1.73,3.00,16.00,-999.900
2500.0,10.000,23.50,50.50,2585.500,2575.500,1.343,86.1,8.824e+04,3.476e+00,18.944,22.961,189.1,1.465e+05,0.602,9.604,83.0,8.607e+04,3.564e+00,0.0,3.310e+00,3.649e+00,3.722e+00,7.1,4.88,182.7,42.25,-2.5,-7.1,2.4,4.4,0.5,0.0,-2.8,-2.3,-2.3,-2.3,8.4,8.4,137.02,17.73,139.83,17.96,82.42,74.92,9.94,1377648.0,7.5268e+25,2.949e+02,1.408e+00,27.808,0.9861,1.5054e+24,2.62,2.00,36.40,7.1505e+25,95.66,95.00,28.00,2.2580e+24,1.73,3.00,16.00,-999.900
3000.0,12.000,23.80,51.00,2587.500,2575.500,1.341,84.5,7.939e+04,3.184e+00,18.352,20.647,187.8,1.465e+05,0.542,11.244,81.6,7.694e+04,3.237e+00,0.0,3.021e+00,3.356e+00,3.391e+00,6.5,5.26,182.0,42.40,-1.6,-6.7,3.7,4.8,1.7,0.0,-2.4,-5.2,-0.7,-5.2,8.7,8.7,137.02,17.73,139.97,17.93,82.01,74.92,9.94,1377648.0,6.8952e+25,2.951e+02,1.414e+00,27.808,0.9869,1.3790e+24,2.62,2.00,36.40,6.5504e+25,95.66,95.00,28.00,2.0686e+24,1.73,3.00,16.00,-999.900
3500.0,14.000,24.10,51.50,2589.500,2575.500,1.339,83.4,7.120e+04,2.890e+00,18.356,20.647,186.6,1.465e+05,0.486,13.243,80.2,6.868e+04,2.933e+00,0.0,2.731e+00,3.057e+00,2.988e+00,3.4,5.64,183.5,42.71,-1.5,-6.9,4.2,1.9,3.3,0.0,-3.7,-7.6,-0.4,-7.6,9.0,9.0,137.02,17.73,140.10,17.91,81.61,74.92,9.94,1377648.0,6.2576e+25,2.954e+02,1.413e+00,27.808,0.9879,1.2515e+24,2.62,2.00,36.40,5.9447e+25,95.66,95.00,28.00,1.8773e+24,1.73,3.00,16.00,-999.900
4000.0,16.000,24.40,52.00,2591.500,2575.500,1.337,82.3,6.386e+04,2.623e+00,18.359,20.647,185.4,1.465e+05,0.436,15.243,78.9,6.120e+04,2.653e+00,0.0,2.470e+00,2.785e+00,2.834e+00,8.0,6.02,178.3,43.03,-1.1,-6.9,5.0,6.8,4.9,0.0,-6.8,2.1,-2.0,2.1,9.2,9.2,137.02,17.73,140.23,17.88,81.20,74.92,9.94,1377648.0,5.6799e+25,2.957e+02,1.411e+00,27.808,0.9889,1.1360e+24,2.62,2.00,36.40,5.3959e+25,95.66,95.00,28.00,1.7040e+24,1.73,3.00,16.00,-999.900
4500.0,18.000,24.70,52.50,2593.500,2575.500,1.335,80.9,5.720e+04,2.388e+00,17.791,22.489,183.7,1.465e+05,0.390,16.732,77.6,5.446e+04,2.396e+00,0.0,2.241e+00,2.546e+00,2.507e+00,5.0,6.40,179.3,43.32,-0.3,-6.5,6.3,4.6,6.4,0.0,-13.3,3.2,-6.9,3.2,9.5,9.5,137.02,17.73,140.36,17.86,80.80,74.92,9.94,1377648.0,5.1725e+25,2.961e+02,1.409e+00,27.808,0.9903,1.0345e+24,2.62,2.00,36.40,4.9139e+25,95.66,95.00,28.00,1.5518e+24,1.73,3.00,16.00,-999.900
5000.0,20.000,25.00,53.00,2595.500,2575.500,1.333,78.9,5.113e+04,2.185e+00,17.794,22.493,181.5,1.465e+05,0.349,18.732,76.4,4.839e+04,2.158e+00,0.0,2.042e+00,2.338e+00,2.152e+00,-1.5,6.77,182.9,43.57,1.3,-5.4,8.4,-0.3,7.9,0.0,-6.3,8.2,1.6,8.2,9.8,9.8,137.02,17.73,140.49,17.83,80.40,74.92,9.94,1377648.0,4.7326e+25,2.967e+02,1.408e+00,27.808,0.9923,9.4652e+23,2.62,2.00,36.40,4.4960e+25,95.66,95.00,28.00,1.4198e+24,1.73,3.00,16.00,-999.900
5500.0,22.000,25.30,53.50,2597.500,2575.500,1.331,77.4,4.557e+04,1.982e+00,17.233,20.097,179.8,1.465e+05,0.311,20.125,75.6,4.295e+04,1.932e+00,0.0,1.846e+00,2.129e+00,1.801e+00,-9.2,7.15,188.7,43.66,2.6,-4.5,10.2,-6.8,9.0,0.0,-1.7,3.2,7.2,3.2,10.1,10.1,137.02,17.73,140.62,17.81,79.99,74.92,9.94,1377648.0,4.2932e+25,2.969e+02,1.407e+00,27.808,0.9931,8.5863e+23,2.62,2.00,36.40,4.0785e+25,95.66,95.00,28.00,1.2879e+24,1.73,3.00,16.00,-999.900
6000.0,24.000,25.60,54.00,2599.500,2575.500,1.329,76.1,4.059e+04,1.795e+00,17.237,20.100,178.3,1.465e+05,0.277,22.125,74.5,3.807e+04,1.735e+00,0.0,1.665e+00,1.935e+00,1.721e+00,-4.1,7.52,182.1,43.70,3.4,-4.1,11.5,-0.8,10.0,0.0,-3.3,4.9,6.7,4.9,10.4,10.4,137.02,17.73,140.75,17.78,79.60,74.92,9.94,1377648.0,3.8870e+25,2.971e+02,1.406e+00,27.808,0.9937,7.7740e+23,2.62,2.00,36.40,3.6926e+25,95.66,95.00,28.00,1.1661e+24,1.73,3.00,16.00,-999.900
6500.0,26.000,25.90,54.50,2601.500,2575.500,1.327,75.5,3.608e+04,1.607e+00,16.897,17.827,177.6,1.465e+05,0.246,23.679,73.7,3.371e+04,1.552e+00,0.0,1.485e+00,1.739e+00,1.526e+00,-5.0,7.89,182.3,43.84,3.5,-4.3,12.0,-1.7,11.2,0.0,-3.9,8.2,7.3,8.2,10.6,10.6,137.02,17.73,140.88,17.76,79.20,74.92,9.94,1377648.0,3.4802e+25,2.973e+02,1.405e+00,27.808,0.9943,6.9605e+23,2.62,2.00,36.40,3.3062e+25,95.66,95.00,28.00,1.0441e+24,1.73,3.00,16.00,-999.900
7000.0,28.000,26.20,55.00,2603.500,2575.500,1.325,75.0,3.206e+04,1.437e+00,16.902,17.826,177.1,1.465e+05,0.219,25.680,72.9,2.982e+04,1.386e+00,0.0,1.323e+00,1.560e+00,1.413e+00,-1.6,8.26,178.5,43.99,3.7,-4.5,12.6,2.0,12.5,0.0,-3.8,7.5,8.7,7.5,10.9,10.9,137.03,17.73,141.01,17.73,78.80,74.93,9.94,1377648.0,3.1111e+25,2.975e+02,1.405e+00,27.808,0.9949,6.2222e+23,2.62,2.00,36.40,2.9555e+25,95.66,95.00,28.00,9.3332e+23,1.73,3.00,16.00,-999.900
7500.0,30.000,26.50,55.50,2605.500,2575.500,1.322,74.7,2.849e+04,1.281e+00,16.831,16.958,176.7,1.465e+05,0.194,27.562,72.3,2.635e+04,1.233e+00,0.0,1.175e+00,1.396e+00,1.412e+00,10.2,8.63,168.3,44.06,3.9,-4.7,13.3,14.5,13.6,0.0,-1.9,14.2,11.7,14.2,11.2,11.2,137.03,17.73,141.14,17.71,78.41,74.93,9.94,1377648.0,2.7741e+25,2.976e+02,1.404e+00,27.808,0.9954,5.5483e+23,2.62,2.00,36.40,2.6354e+25,95.66,95.00,28.00,8.3224e+23,1.73,3.00,16.00,-999.900
8000.0,32.000,26.80,56.00,2607.500,2575.500,1.320,74.6,2.531e+04,1.139e+00,16.836,16.967,176.6,1.465e+05,0.173,29.563,71.8,2.328e+04,1.096e+00,0.0,1.041e+00,1.246e+00,1.197e+00,5.1,9.00,172.3,44.06,3.9,-5.0,13.7,9.2,14.5,0.0,6.6,11.9,21.2,11.9,11.5,11.5,137.03,17.73,141.27,17.68,78.01,74.93,9.94,1377648.0,2.4659e+25,2.978e+02,1.404e+00,27.808,0.9959,4.9318e+23,2.62,2.00,36.40,2.3426e+25,95.66,95.00,28.00,7.3977e+23,1.73,3.00,16.00,-999.900
8500.0,34.000,27.10,56.50,2609.500,2575.500,1.318,74.6,2.248e+04,1.012e+00,16.840,16.975,176.5,1.465e+05,0.153,31.564,71.4,2.055e+04,9.718e-01,0.0,9.219e-01,1.111e+00,1.066e+00,5.3,9.36,172.0,44.05,4.2,-5.1,14.4,9.7,15.5,0.0,3.3,2.0,18.7,2.0,11.8,11.8,137.03,17.73,141.40,17.66,77.62,74.93,9.94,1377648.0,2.1921e+25,2.979e+02,1.403e+00,27.808,0.9964,4.3843e+23,2.62,2.00,36.40,2.0825e+25,95.66,95.00,28.00,6.5764e+23,1.73,3.00,16.00,-999.900
9000.0,36.000,27.40,57.00,2611.500,2575.500,1.316,74.5,1.997e+04,8.999e-01,16.930,16.675,176.5,1.465e+05,0.136,33.735,71.2,1.814e+04,8.598e-01,0.0,8.167e-01,9.917e-01,9.446e-01,5.0,9.73,172.2,44.04,4.7,-5.0,15.3,9.9,16.4,0.0,8.9,-3.1,25.3,-3.1,12.0,12.0,137.03,17.73,141.53,17.64,77.23,74.93,9.94,1377648.0,1.9489e+25,2.980e+02,1.403e+00,27.808,0.9968,3.8979e+23,2.62,2.00,36.40,1.8515e+25,95.66,95.00,28.00,5.8468e+23,1.73,3.00,16.00,-999.900
9500.0,38.000,27.70,57.50,2613.500,2575.500,1.314,74.6,1.776e+04,7.984e-01,16.935,16.672,176.6,1.465e+05,0.121,35.736,70.9,1.601e+04,7.609e-01,0.0,7.219e-01,8.831e-01,7.795e-01,-2.4,10.09,178.8,43.85,4.9,-5.1,16.1,2.4,16.9,0.0,6.3,-4.6,23.2,-4.6,12.3,12.3,137.03,17.73,141.66,17.61,76.84,74.93,9.94,1377648.0,1.7291e+25,2.981e+02,1.403e+00,27.808,0.9971,3.4582e+23,2.62,2.00,36.40,1.6426e+25,95.66,95.00,28.00,5.1872e+23,1.73,3.00,16.00,-999.900
10000.0,40.000,28.00,58.00,2615.500,2575.500,1.312,74.7,1.579e+04,7.083e-01,16.939,16.670,176.8,1.465e+05,0.108,37.738,70.7,1.413e+04,6.733e-01,0.0,6.381e-01,7.862e-01,6.704e-01,-5.4,10.45,181.7,43.67,5.2,-5.2,16.8,-0.4,17.4,0.0,11.9,-8.4,29.2,-8.4,12.6,12.6,137.03,17.73,141.79,17.59,76.46,74.93,9.94,1377648.0,1.5340e+25,2.982e+02,1.402e+00,27.808,0.9975,3.0679e+23,2.62,2.00,36.40,1.4573e+25,95.66,95.00,28.00,4.6019e+23,1.73,3.00,16.00,-999.900
10500.0,42.000,28.30,58.50,2617.500,2575.500,1.310,75.0,1.405e+04,6.281e-01,17.192,16.575,177.1,1.465e+05,0.096,40.305,70.6,1.247e+04,5.938e-01,0.0,5.639e-01,6.997e-01,5.721e-01,-8.9,10.82,185.6,43.61,5.8,-5.1,17.8,-3.7,18.2,0.0,19.1,4.9,37.3,4.9,12.9,12.9,137.03,17.73,141.92,17.56,76.07,74.93,9.94,1377648.0,1.3603e+25,2.983e+02,1.402e+00,27.808,0.9978,2.7206e+23,2.62,2.00,36.40,1.2923e+25,95.66,95.00,28.00,4.0809e+23,1.73,3.00,16.00,-999.900
11000.0,44.000,28.60,59.00,2619.500,2575.500,1.308,75.3,1.251e+04,5.569e-01,17.198,16.582,177.5,1.465e+05,0.085,42.308,70.8,1.101e+04,5.224e-01,0.0,4.981e-01,6.226e-01,5.117e-01,-8.1,11.18,185.2,43.66,6.6,-4.7,19.2,-2.0,19.2,0.0,12.1,-6.1,31.3,-6.1,13.2,13.2,137.03,17.73,142.05,17.54,75.69,74.93,9.94,1377648.0,1.2060e+25,2.984e+02,1.402e+00,27.808,0.9980,2.4121e+23,2.62,2.00,36.40,1.1457e+25,95.66,95.00,28.00,3.6181e+23,1.73,3.00,16.00,-999.900
11500.0,46.000,28.90,59.50,2621.500,2575.500,1.306,75.6,1.115e+04,4.938e-01,17.203,16.588,177.9,1.465e+05,0.076,44.312,70.9,9.724e+03,4.606e-01,0.0,4.401e-01,5.540e-01,4.683e-01,-5.2,11.54,182.7,43.70,7.2,-4.5,20.3,1.7,20.3,0.0,5.5,-16.8,25.8,-16.8,13.4,13.4,137.03,17.73,142.18,17.51,75.31,74.93,9.94,1377648.0,1.0694e+25,2.985e+02,1.402e+00,27.808,0.9982,2.1387e+23,2.62,2.00,36.40,1.0159e+25,95.66,95.00,28.00,3.2081e+23,1.73,3.00,16.00,-999.900
12000.0,48.000,29.20,60.00,2623.500,2575.500,1.304,76.0,9.932e+03,4.378e-01,17.603,16.036,178.3,1.465e+05,0.068,47.373,71.1,8.594e+03,4.058e-01,0.0,3.888e-01,4.929e-01,3.365e-01,-23.1,11.90,203.4,43.74,7.9,-4.2,21.5,-17.1,21.3,0.0,7.7,-11.1,29.0,-11.1,13.7,13.7,137.03,17.73,142.32,17.49,74.93,74.93,9.94,1377648.0,9.4805e+24,2.985e+02,1.402e+00,27.808,0.9985,1.8961e+23,2.62,2.00,36.40,9.0064e+24,95.66,95.00,28.00,2.8441e+23,1.73,3.00,16.00,-999.900
12500.0,50.000,29.50,60.50,2625.500,2575.500,1.302,76.8,8.871e+03,3.866e-01,17.607,16.049,179.3,1.465e+05,0.061,49.372,71.3,7.600e+03,3.576e-01,0.0,3.421e-01,4.369e-01,3.216e-01,-16.8,12.25,196.6,43.77,8.1,-4.3,22.2,-10.1,22.3,0.0,18.3,-1.8,40.6,-1.8,14.0,14.0,137.03,17.73,142.45,17.46,74.55,74.93,9.94,1377648.0,8.3727e+24,2.986e+02,1.402e+00,27.808,0.9987,1.6745e+23,2.62,2.00,36.40,7.9541e+24,95.66,95.00,28.00,2.5118e+23,1.73,3.00,16.00,-999.900
13000.0,52.000,29.80,61.00,2627.500,2575.500,1.300,77.7,7.927e+03,3.416e-01,18.157,16.320,180.3,1.465e+05,0.054,52.961,71.7,6.725e+03,3.147e-01,0.0,3.012e-01,3.874e-01,2.904e-01,-15.0,12.61,195.6,43.77,8.5,-4.3,23.1,-7.7,23.3,0.0,8.2,14.0,31.4,14.0,14.3,14.3,137.03,17.73,142.58,17.44,74.18,74.93,9.94,1377648.0,7.3978e+24,2.986e+02,1.402e+00,27.808,0.9988,1.4796e+23,2.62,2.00,36.40,7.0279e+24,95.66,95.00,28.00,2.2193e+23,1.73,3.00,16.00,-999.900
13500.0,54.000,30.10,61.50,2629.500,2575.500,1.298,78.7,7.104e+03,3.023e-01,18.161,16.318,181.5,1.465e+05,0.048,54.960,72.2,5.958e+03,2.767e-01,0.0,2.657e-01,3.440e-01,2.331e-01,-22.9,12.96,206.7,43.53,9.3,-4.0,24.3,-15.8,23.6,0.0,5.4,17.0,29.0,17.0,14.6,14.6,137.03,17.73,142.71,17.41,73.80,74.93,9.94,1377648.0,6.5472e+24,2.987e+02,1.402e+00,27.808,0.9989,1.3094e+23,2.62,2.00,36.40,6.2199e+24,95.66,95.00,28.00,1.9642e+23,1.73,3.00,16.00,-999.900
14000.0,56.000,30.40,62.00,2631.500,2575.500,1.296,79.7,6.367e+03,2.676e-01,18.164,16.317,182.6,1.465e+05,0.043,56.961,73.0,5.285e+03,2.425e-01,0.0,2.343e-01,3.056e-01,2.249e-01,-15.9,13.32,199.2,43.33,10.3,-3.4,26.0,-7.3,24.0,0.0,-3.5,10.4,20.6,10.4,14.8,14.8,137.03,17.73,142.84,17.39,73.43,74.93,9.94,1377648.0,5.7946e+24,2.987e+02,1.401e+00,27.808,0.9989,1.1589e+23,2.62,2.00,36.40,5.5049e+24,95.66,95.00,28.00,1.7384e+23,1.73,3.00,16.00,-999.900
14500.0,58.000,30.70,62.50,2633.500,2575.500,1.295,81.9,5.723e+03,2.339e-01,19.289,13.452,185.2,1.465e+05,0.039,62.545,74.6,4.698e+03,2.112e-01,0.0,2.041e-01,2.680e-01,1.997e-01,-14.6,13.67,200.4,43.48,10.8,-3.3,26.9,-5.4,25.4,0.0,-3.9,14.0,21.4,14.0,15.1,15.1,137.03,17.73,142.97,17.36,73.06,74.93,9.94,1377648.0,5.0650e+24,2.987e+02,1.401e+00,27.808,0.9990,1.0130e+23,2.62,2.00,36.40,4.8118e+24,95.66,95.00,28.00,1.5195e+23,1.73,3.00,16.00,-999.900
15000.0,60.000,31.00,63.00,2635.500,2575.500,1.293,85.7,5.162e+03,2.017e-01,19.295,13.450,189.4,1.465e+05,0.035,64.553,76.9,4.189e+03,1.826e-01,0.0,1.754e-01,2.320e-01,1.771e-01,-12.2,14.02,202.1,43.98,10.5,-3.9,27.0,-3.0,27.6,0.0,-9.3,15.1,18.3,15.1,15.4,15.4,137.03,17.73,143.10,17.34,72.69,74.93,9.94,1377648.0,4.3682e+24,2.988e+02,1.401e+00,27.808,0.9992,8.7363e+22,2.62,2.00,36.40,4.1498e+24,95.66,95.00,28.00,1.3104e+23,1.73,3.00,16.00,-999.900
15500.0,62.000,31.30,63.50,2637.500,2575.500,1.291,91.2,4.696e+03,1.724e-01,21.910,12.676,195.4,1.465e+05,0.032,75.375,79.9,3.751e+03,1.573e-01,0.0,1.501e-01,1.981e-01,1.698e-01,-1.5,13.92,196.9,44.13,9.7,-4.6,26.0,8.0,29.0,0.0,-4.4,23.6,24.6,23.6,15.7,15.7,137.03,17.73,143.23,17.32,72.33,74.93,9.94,1377648.0,3.7345e+24,2.988e+02,1.401e+00,27.808,0.9993,7.4689e+22,2.62,2.00,36.40,3.5477e+24,95.66,95.00,28.00,1.1203e+23,1.73,3.00,16.00,-999.900
16000.0,64.000,31.60,64.00,2639.500,2575.500,1.289,97.4,4.289e+03,1.474e-01,21.915,12.686,202.0,1.465e+05,0.029,77.380,84.7,3.377e+03,1.335e-01,0.0,1.284e-01,1.692e-01,1.506e-01,2.2,13.83,199.8,44.14,10.4,-3.8,26.7,12.9,29.9,0.0,-10.7,10.4,19.2,10.4,16.0,16.0,137.03,17.73,143.36,17.29,71.96,74.93,9.94,1377648.0,3.1916e+24,2.988e+02,1.401e+00,27.808,0.9993,6.3832e+22,2.62,2.00,36.40,3.0320e+24,95.66,95.00,28.00,9.5748e+22,1.73,3.00,16.00,-999.900
16500.0,66.000,31.90,64.50,2641.500,2575.500,1.287,103.4,3.930e+03,1.272e-01,26.142,16.115,208.1,1.465e+05,0.027,94.588,91.4,3.061e+03,1.122e-01,0.0,1.109e-01,1.458e-01,1.440e-01,13.2,13.73,195.6,44.15,13.4,-1.1,30.0,28.4,30.9,0.0,-10.3,9.8,20.6,9.8,16.2,16.2,137.03,17.73,143.49,17.27,71.60,74.93,9.94,1377648.0,2.7544e+24,2.988e+02,1.401e+00,27.808,0.9993,5.5089e+22,2.62,2.00,36.40,2.6167e+24,95.66,95.00,28.00,8.2633e+22,1.73,3.00,16.00,-999.900
17000.0,68.000,32.20,65.00,2643.500,2575.500,1.285,108.7,3.643e+03,1.121e-01,26.146,16.116,213.4,1.465e+05,0.025,96.590,98.4,2.795e+03,9.511e-02,0.0,9.788e-02,1.284e-01,1.315e-01,17.3,13.63,197.0,44.20,17.9,2.9,35.1,38.2,32.0,0.0,-12.0,3.7,20.0,3.7,16.5,16.5,137.03,17.73,143.62,17.24,71.24,74.93,9.94,1377648.0,2.4282e+24,2.988e+02,1.401e+00,27.808,0.9994,4.8564e+22,2.62,2.00,36.40,2.3068e+24,95.66,95.00,28.00,7.2846e+22,1.73,3.00,16.00,-999.900
17500.0,70.000,32.50,65.50,2645.500,2575.500,1.283,114.0,3.376e+03,9.908e-02,26.149,16.117,218.5,1.465e+05,0.023,98.592,103.9,2.568e+03,8.266e-02,0.0,8.657e-02,1.134e-01,1.050e-01,6.0,13.53,212.2,44.24,19.9,4.7,37.2,27.0,33.1,0.0,-1.9,3.3,31.2,3.3,16.8,16.8,137.03,17.73,143.75,17.22,70.89,74.93,9.94,1377648.0,2.1457e+24,2.989e+02,1.401e+00,27.808,0.9995,4.2913e+22,2.62,2.00,36.40,2.0384e+24,95.66,95.00,28.00,6.4370e+22,1.73,3.00,16.00,-999.900
18000.0,72.000,32.80,66.00,2647.500,2575.500,1.281,119.3,3.129e+03,8.774e-02,26.153,16.118,223.5,1.465e+05,0.021,100.594,109.9,2.369e+03,7.214e-02,0.0,7.674e-02,1.003e-01,9.153e-02,4.3,13.43,218.9,44.27,21.6,6.4,39.1,26.9,34.2,0.0,-7.5,16.3,26.6,16.3,17.1,17.1,137.03,17.73,143.88,17.19,70.53,74.93,9.94,1377648.0,1.9001e+24,2.989e+02,1.401e+00,27.808,0.9996,3.8002e+22,2.62,2.00,36.40,1.8051e+24,95.66,95.00,28.00,5.7003e+22,1.73,3.00,16.00,-999.900
18500.0,74.000,33.10,66.50,2649.500,2575.500,1.279,123.5,2.915e+03,7.897e-02,30.727,23.216,227.4,1.465e+05,0.020,120.367,114.5,2.195e+03,6.412e-02,0.0,6.914e-02,9.020e-02,8.920e-02,13.0,13.34,214.0,44.17,23.2,7.8,40.7,39.1,34.8,0.0,-1.5,9.8,33.3,9.8,17.4,17.4,137.03,17.73,144.01,17.17,70.18,74.93,9.94,1377648.0,1.7102e+24,2.989e+02,1.401e+00,27.808,0.9997,3.4204e+22,2.62,2.00,36.40,1.6247e+24,95.66,95.00,28.00,5.1305e+22,1.73,3.00,16.00,-999.900
19000.0,76.000,33.40,67.00,2651.500,2575.500,1.277,126.2,2.732e+03,7.241e-02,30.733,23.219,229.9,1.465e+05,0.019,122.375,117.5,2.039e+03,5.806e-02,0.0,6.346e-02,8.263e-02,7.375e-02,1.9,13.24,227.8,43.90,24.7,9.3,42.3,27.0,35.1,0.0,-17.0,19.9,18.1,19.9,17.6,17.6,137.03,17.73,144.14,17.14,69.83,74.93,9.94,1377648.0,1.5681e+24,2.989e+02,1.401e+00,27.808,0.9997,3.1363e+22,2.62,2.00,36.40,1.4897e+24,95.66,95.00,28.00,4.7044e+22,1.73,3.00,16.00,-999.900
19500.0,78.000,33.70,67.50,2653.500,2575.500,1.275,129.0,2.561e+03,6.643e-02,30.738,23.222,232.4,1.465e+05,0.017,124.383,120.4,1.898e+03,5.273e-02,0.0,5.827e-02,7.573e-02,6.532e-02,-1.7,13.14,234.4,43.64,26.0,10.5,43.6,23.9,35.3,0.0,-24.7,19.2,10.6,19.2,17.9,17.9,137.03,17.73,144.27,17.12,69.48,74.93,9.94,1377648.0,1.4386e+24,2.989e+02,1.401e+00,27.808,0.9998,2.8772e+22,2.62,2.00,36.40,1.3667e+24,95.66,95.00,28.00,4.3159e+22,1.73,3.00,16.00,-999.900
20000.0,80.000,34.00,68.00,2655.500,2575.500,1.273,131.7,2.401e+03,6.097e-02,30.743,23.225,234.9,1.465e+05,0.016,126.391,123.6,1.770e+03,4.790e-02,0.0,5.354e-02,6.944e-02,6.346e-02,4.1,13.04,230.2,43.38,27.3,11.8,45.0,32.5,35.5,0.0,-24.1,15.8,11.5,15.8,18.2,18.2,137.03,17.73,144.40,17.09,69.14,74.93,9.94,1377648.0,1.3204e+24,2.989e+02,1.401e+00,27.808,0.9998,2.6408e+22,2.62,2.00,36.40,1.2544e+24,95.66,95.00,28.00,3.9612e+22,1.73,3.00,16.00,-999.900
20500.0,82.000,34.30,68.50,2657.500,2575.500,1.271,134.5,2.251e+03,5.599e-02,30.749,23.229,237.3,1.465e+05,0.015,128.399,126.4,1.653e+03,4.375e-02,0.0,4.921e-02,6.370e-02,5.820e-02,4.0,12.94,232.7,43.14,28.0,12.5,45.6,33.0,35.8,0.0,-26.1,12.6,9.7,12.6,18.5,18.5,137.03,17.73,144.53,17.07,68.79,74.93,9.94,1377648.0,1.2125e+24,2.989e+02,1.401e+00,27.808,0.9998,2.4249e+22,2.62,2.00,36.40,1.1518e+24,95.66,95.00,28.00,3.6374e+22,1.73,3.00,16.00,-999.900
21000.0,84.000,34.60,69.00,2659.500,2575.500,1.269,137.2,2.110e+03,5.143e-02,30.754,23.232,239.7,1.465e+05,0.014,130.407,129.5,1.547e+03,3.997e-02,0.0,4.525e-02,5.846e-02,5.863e-02,14.0,12.85,224.5,42.90,28.7,13.2,46.3,46.7,36.1,0.0,-45.9,-0.0,-9.8,-0.0,18.8,18.8,137.03,17.73,144.67,17.04,68.45,74.93,9.94,1377648.0,1.1138e+24,2.989e+02,1.401e+00,27.808,0.9998,2.2276e+22,2.62,2.00,36.40,1.0581e+24,95.66,95.00,28.00,3.3414e+22,1.73,3.00,16.00,-999.900
21500.0,86.000,34.90,69.50,2661.500,2575.500,1.267,139.8,1.980e+03,4.739e-02,33.870,28.973,241.9,1.465e+05,0.014,145.771,132.2,1.450e+03,3.669e-02,0.0,4.173e-02,5.382e-02,5.345e-02,12.8,12.75,227.8,42.67,29.2,13.8,46.7,45.7,36.4,0.0,-58.2,-11.5,-21.8,-11.5,19.0,19.0,137.03,17.73,144.80,17.02,68.12,74.93,9.94,1377648.0,1.0263e+24,2.990e+02,1.401e+00,27.808,0.9999,2.0526e+22,2.62,2.00,36.40,9.7499e+23,95.66,95.00,28.00,3.0789e+22,1.73,3.00,16.00,-999.900
22000.0,88.000,35.20,70.00,2663.500,2575.500,1.266,141.2,1.867e+03,4.424e-02,33.875,28.983,243.2,1.465e+05,0.013,147.778,134.2,1.360e+03,3.391e-02,0.0,3.900e-02,5.019e-02,5.560e-02,25.7,12.65,216.9,42.42,30.5,15.0,48.0,64.0,36.6,0.0,-40.2,-5.7,-3.6,-5.7,19.3,19.3,137.03,17.73,144.93,17.00,67.78,74.93,9.94,1377648.0,9.5803e+23,2.990e+02,1.401e+00,27.808,0.9999,1.9161e+22,2.62,2.00,36.40,9.1013e+23,95.66,95.00,28.00,2.8741e+22,1.73,3.00,16.00,-999.900
22500.0,90.000,35.50,70.50,2665.500,2575.500,1.264,142.6,1.761e+03,4.130e-02,33.880,28.992,244.4,1.465e+05,0.012,149.785,134.9,1.277e+03,3.167e-02,0.0,3.644e-02,4.681e-02,4.883e-02,18.2,12.55,224.7,42.17,30.4,15.1,47.8,54.2,36.8,0.0,-24.9,-8.9,12.0,-8.9,19.6,19.6,137.03,17.73,145.06,16.97,67.45,74.93,9.94,1377648.0,8.9442e+23,2.990e+02,1.401e+00,27.808,0.9999,1.7888e+22,2.62,2.00,36.40,8.4970e+23,95.66,95.00,28.00,2.6833e+22,1.73,3.00,16.00,-999.900
23000.0,92.000,35.80,71.00,2667.500,2575.500,1.262,144.1,1.661e+03,3.856e-02,33.885,29.002,245.6,1.465e+05,0.011,151.791,136.2,1.200e+03,2.949e-02,0.0,3.406e-02,4.366e-02,5.044e-02,30.8,12.45,214.7,41.92,30.8,15.5,48.1,71.1,37.0,0.0,-20.7,4.1,16.3,4.1,19.9,19.9,137.03,17.73,145.19,16.95,67.12,74.93,9.94,1377648.0,8.3515e+23,2.990e+02,1.401e+00,27.808,0.9999,1.6703e+22,2.62,2.00,36.40,7.9340e+23,95.66,95.00,28.00,2.5055e+22,1.73,3.00,16.00,-999.900
23500.0,94.000,36.10,71.50,2669.500,2575.500,1.260,145.5,1.566e+03,3.601e-02,33.889,29.011,246.8,1.465e+05,0.011,153.798,138.1,1.128e+03,2.734e-02,0.0,3.184e-02,4.074e-02,4.252e-02,18.1,12.35,227.2,41.66,31.7,16.4,49.0,55.5,37.2,0.0,-27.8,16.3,9.4,16.3,20.2,20.2,137.03,17.73,145.32,16.92,66.79,74.93,9.94,1377648.0,7.7992e+23,2.990e+02,1.401e+00,27.808,0.9999,1.5598e+22,2.62,2.00,36.40,7.4093e+23,95.66,95.00,28.00,2.3398e+22,1.73,3.00,16.00,-999.900
24000.0,96.000,36.40,72.00,2671.500,2575.500,1.258,146.7,1.478e+03,3.370e-02,35.697,32.698,247.9,1.465e+05,0.010,164.064,139.7,1.062e+03,2.543e-02,0.0,2.982e-02,3.808e-02,3.563e-02,5.7,12.25,241.1,41.42,32.5,17.3,49.8,40.1,37.4,0.0,1.2,21.2,38.6,21.2,20.4,20.4,137.03,17.72,145.45,16.90,66.46,74.93,9.94,1377648.0,7.2983e+23,2.990e+02,1.401e+00,27.808,0.9999,1.4597e+22,2.62,2.00,36.40,6.9334e+23,95.66,95.00,28.00,2.1895e+22,1.73,3.00,16.00,-999.900
24500.0,98.000,36.70,72.50,2673.500,2575.500,1.256,147.5,1.399e+03,3.171e-02,35.701,32.701,248.5,1.465e+05,0.010,166.068,140.9,1.000e+03,2.374e-02,0.0,2.809e-02,3.580e-02,3.106e-02,-2.0,12.15,251.1,41.25,33.6,18.3,50.8,30.8,37.8,0.0,-5.4,51.8,32.4,51.8,20.7,20.7,137.03,17.72,145.58,16.87,66.14,74.93,9.94,1377648.0,6.8674e+23,2.990e+02,1.401e+00,27.808,0.9999,1.3735e+22,2.62,2.00,36.40,6.5240e+23,95.66,95.00,28.00,2.0602e+22,1.73,3.00,16.00,-999.900
25000.0,100.000,37.00,73.00,2675.500,2575.500,1.254,148.3,1.323e+03,2.984e-02,35.706,32.703,249.2,1.465e+05,0.009,168.073,142.1,9.425e+02,2.219e-02,0.0,2.646e-02,3.365e-02,2.648e-02,-11.3,12.05,264.5,41.08,34.4,19.2,51.6,19.3,38.2,0.0,6.9,74.6,45.1,74.6,21.0,21.0,137.03,17.72,145.71,16.85,65.82,74.93,9.94,1377648.0,6.4621e+23,2.990e+02,1.401e+00,27.808,0.9999,1.2924e+22,2.62,2.00,36.40,6.1390e+23,95.66,95.00,28.00,1.9386e+22,1.73,3.00,16.00,-999.900
25500.0,102.000,37.30,73.50,2677.500,2575.500,1.252,149.1,1.251e+03,2.808e-02,35.710,32.706,249.8,1.465e+05,0.009,170.077,143.4,8.887e+02,2.074e-02,0.0,2.492e-02,3.164e-02,2.657e-02,-5.4,11.95,256.9,40.90,35.4,20.2,52.6,28.1,38.6,0.0,22.3,50.0,60.9,50.0,21.3,21.3,137.03,17.72,145.84,16.82,65.51,74.93,9.94,1377648.0,6.0809e+23,2.990e+02,1.401e+00,27.808,0.9999,1.2162e+22,2.62,2.00,36.40,5.7768e+23,95.66,95.00,28.00,1.8243e+22,1.73,3.00,16.00,-999.900
26000.0,104.000,37.60,74.00,2679.500,2575.500,1.250,149.8,1.184e+03,2.642e-02,35.714,32.708,250.5,1.465e+05,0.008,172.081,144.5,8.385e+02,1.941e-02,0.0,2.348e-02,2.974e-02,2.401e-02,-9.1,11.86,262.8,40.72,36.1,20.9,53.2,23.7,39.0,0.0,20.5,35.8,59.5,35.8,21.6,21.6,137.03,17.72,145.97,16.80,65.19,74.93,9.94,1377648.0,5.7224e+23,2.990e+02,1.401e+00,27.808,0.9999,1.1445e+22,2.62,2.00,36.40,5.4363e+23,95.66,95.00,28.00,1.7167e+22,1.73,3.00,16.00,-999.900
26500.0,106.000,37.90,74.50,2681.500,2575.500,1.249,150.6,1.120e+03,2.487e-02,35.718,32.711,251.1,1.465e+05,0.008,174.085,146.0,7.915e+02,1.814e-02,0.0,2.211e-02,2.796e-02,2.255e-02,-9.3,11.76,263.7,40.54,37.1,21.9,54.2,24.3,39.3,0.0,23.2,30.7,62.5,30.7,21.8,21.8,137.03,17.72,146.10,16.77,64.88,74.94,9.94,1377648.0,5.3852e+23,2.990e+02,1.401e+00,27.808,0.9999,1.0770e+22,2.62,2.00,36.40,5.1159e+23,95.66,95.00,28.00,1.6156e+22,1.73,3.00,16.00,-999.900
27000.0,108.000,38.20,75.00,2683.500,2575.500,1.247,151.4,1.059e+03,2.340e-02,35.722,32.713,251.8,1.465e+05,0.007,176.089,146.7,7.476e+02,1.704e-02,0.0,2.083e-02,2.629e-02,2.508e-02,7.2,11.66,243.2,40.35,37.3,22.2,54.2,47.1,39.7,0.0,28.8,43.9,68.5,43.9,22.1,22.1,137.03,17.72,146.23,16.75,64.58,74.94,9.94,1377648.0,5.0680e+23,2.990e+02,1.401e+00,27.808,0.9999,1.0136e+22,2.62,2.00,36.40,4.8146e+23,95.66,95.00,28.00,1.5204e+22,1.73,3.00,16.00,-999.900
27500.0,110.000,38.50,75.50,2685.500,2575.500,1.245,152.2,1.002e+03,2.202e-02,35.726,32.716,252.4,1.465e+05,0.007,178.093,147.3,7.064e+02,1.604e-02,0.0,1.963e-02,2.472e-02,2.019e-02,-8.3,11.56,263.7,40.16,37.3,22.3,54.1,25.9,40.0,0.0,45.1,29.4,85.2,29.4,22.4,22.4,137.03,17.72,146.36,16.72,64.27,74.94,9.94,1377648.0,4.7697e+23,2.990e+02,1.401e+00,27.808,0.9999,9.5394e+21,2.62,2.00,36.40,4.5312e+23,95.66,95.00,28.00,1.4309e+22,1.73,3.00,16.00,-999.900
28000.0,112.000,38.80,76.00,2687.500,2575.500,1.243,152.7,9.497e+02,2.080e-02,36.965,34.791,252.9,1.465e+05,0.006,186.252,148.1,6.677e+02,1.509e-02,0.0,1.855e-02,2.332e-02,2.044e-02,-1.7,11.46,255.1,39.98,37.9,23.0,54.6,35.5,40.3,0.0,40.6,3.7,80.9,3.7,22.7,22.7,137.03,17.72,146.49,16.70,63.97,74.94,9.94,1377648.0,4.5041e+23,2.990e+02,1.401e+00,27.808,0.9999,9.0083e+21,2.62,2.00,36.40,4.2789e+23,95.66,95.00,28.00,1.3512e+22,1.73,3.00,16.00,-999.900
28500.0,114.000,39.10,76.50,2689.500,2575.500,1.241,153.3,9.001e+02,1.964e-02,36.970,34.788,253.3,1.465e+05,0.006,188.264,149.0,6.314e+02,1.417e-02,0.0,1.754e-02,2.200e-02,1.983e-02,1.0,11.36,252.1,39.79,38.6,23.7,55.2,39.9,40.7,0.0,27.2,-7.0,67.8,-7.0,23.0,23.0,137.03,17.72,146.62,16.67,63.67,74.94,9.94,1377648.0,4.2539e+23,2.990e+02,1.401e+00,27.808,0.9999,8.5079e+21,2.62,2.00,36.40,4.0412e+23,95.66,95.00,28.00,1.2762e+22,1.73,3.00,16.00,-999.900
29000.0,116.000,39.40,77.00,2691.500,2575.500,1.239,153.8,8.530e+02,1.855e-02,36.975,34.785,253.8,1.465e+05,0.006,190.275,149.6,5.972e+02,1.335e-02,0.0,1.658e-02,2.076e-02,1.749e-02,-5.7,11.26,261.3,39.60,38.9,24.2,55.5,31.0,41.0,0.0,34.1,-28.4,75.1,-28.4,23.2,23.2,137.03,17.72,146.75,16.65,63.37,74.94,9.94,1377648.0,4.0176e+23,2.990e+02,1.400e+00,27.808,0.9999,8.0353e+21,2.62,2.00,36.40,3.8168e+23,95.66,95.00,28.00,1.2053e+22,1.73,3.00,16.00,-999.900
29500.0,118.000,39.70,77.50,2693.500,2575.500,1.237,154.3,8.085e+02,1.752e-02,36.981,34.782,254.2,1.465e+05,0.006,192.286,150.3,5.651e+02,1.258e-02,0.0,1.568e-02,1.958e-02,1.649e-02,-5.9,11.16,262.0,39.41,39.3,24.6,55.7,31.1,41.3,0.0,12.6,-20.9,53.9,-20.9,23.5,23.5,137.03,17.72,146.88,16.63,63.08,74.94,9.94,1377648.0,3.7944e+23,2.990e+02,1.400e+00,27.808,0.9999,7.5889e+21,2.62,2.00,36.40,3.6047e+23,95.66,95.00,28.00,1.1383e+22,1.73,3.00,16.00,-999.900
30000.0,120.000,40.00,78.00,2695.500,2575.500,1.236,154.7,7.669e+02,1.658e-02,37.684,36.545,254.5,1.465e+05,0.005,197.935,151.0,5.349e+02,1.185e-02,0.0,1.485e-02,1.852e-02,1.486e-02,-10.4,11.06,268.8,39.19,40.0,25.3,56.3,25.4,41.5,0.0,29.8,-45.1,71.2,-45.1,23.8,23.8,137.03,17.72,147.02,16.60,62.79,74.94,9.94,1377648.0,3.5915e+23,2.990e+02,1.400e+00,27.808,0.9999,7.1830e+21,2.62,2.00,36.40,3.4119e+23,95.66,95.00,28.00,1.0774e+22,1.73,3.00,16.00,-999.900
30500.0,122.000,40.30,78.50,2697.500,2575.500,1.234,154.9,7.277e+02,1.571e-02,37.692,36.552,254.7,1.465e+05,0.005,199.952,151.7,5.065e+02,1.117e-02,0.0,1.408e-02,1.752e-02,1.346e-02,-14.3,10.96,275.2,38.99,40.7,26.1,56.9,20.5,41.7,0.0,26.2,-29.4,67.9,-29.4,24.1,24.1,137.03,17.72,147.15,16.58,62.51,74.94,9.94,1377648.0,3.4016e+23,2.990e+02,1.400e+00,27.808,0.9999,6.8033e+21,2.62,2.00,36.40,3.2315e+23,95.66,95.00,28.00,1.0205e+22,1.73,3.00,16.00,-999.900
31000.0,124.000,40.60,79.00,2699.500,2575.500,1.232,155.2,6.905e+02,1.488e-02,37.699,36.559,254.9,1.465e+05,0.005,201.969,153.1,4.798e+02,1.048e-02,0.0,1.335e-02,1.658e-02,1.450e-02,-2.6,10.86,258.3,38.79,41.9,27.4,58.2,38.3,42.0,0.0,16.7,-12.6,58.7,-12.6,24.4,24.4,137.03,17.72,147.28,16.55,62.22,74.94,9.94,1377648.0,3.2219e+23,2.990e+02,1.400e+00,27.808,0.9999,6.4438e+21,2.62,2.00,36.40,3.0608e+23,95.66,95.00,28.00,9.6657e+21,1.73,3.00,16.00,-999.900
31500.0,126.000,40.90,79.50,2701.500,2575.500,1.230,155.5,6.552e+02,1.409e-02,37.706,36.566,255.2,1.465e+05,0.004,203.986,153.8,4.547e+02,9.889e-03,0.0,1.266e-02,1.569e-02,1.367e-02,-3.0,10.76,259.1,38.59,42.5,28.0,58.6,38.2,42.2,0.0,24.6,-15.0,66.8,-15.0,24.6,24.6,137.03,17.72,147.41,16.53,61.95,74.94,9.94,1377648.0,3.0517e+23,2.990e+02,1.400e+00,27.808,0.9999,6.1034e+21,2.62,2.00,36.40,2.8991e+23,95.66,95.00,28.00,9.1551e+21,1.73,3.00,16.00,-999.900
32000.0,128.000,41.20,80.00,2703.500,2575.500,1.228,155.8,6.217e+02,1.335e-02,37.713,36.574,255.4,1.465e+05,0.004,206.003,155.1,4.311e+02,9.297e-03,0.0,1.200e-02,1.485e-02,1.361e-02,2.0,10.66,252.9,38.39,43.6,29.1,59.7,46.4,42.4,0.0,18.2,-12.0,60.6,-12.0,24.9,24.9,137.03,17.72,147.54,16.50,61.67,74.94,9.94,1377648.0,2.8906e+23,2.990e+02,1.400e+00,27.808,0.9999,5.7811e+21,2.62,2.00,36.40,2.7460e+23,95.66,95.00,28.00,8.6717e+21,1.73,3.00,16.00,-999.900
32500.0,130.000,41.50,80.50,2705.500,2575.500,1.227,156.1,5.901e+02,1.264e-02,38.349,36.208,255.7,1.465e+05,0.004,211.475,156.3,4.089e+02,8.750e-03,0.0,1.138e-02,1.405e-02,1.396e-02,10.4,10.56,243.3,38.18,44.5,30.0,60.5,59.5,42.6,0.0,10.5,5.8,53.1,5.8,25.2,25.2,137.03,17.72,147.67,16.48,61.40,74.94,9.94,1377648.0,2.7375e+23,2.990e+02,1.400e+00,27.808,0.9999,5.4749e+21,2.62,2.00,36.40,2.6006e+23,95.66,95.00,28.00,8.2124e+21,1.73,3.00,16.00,-999.900
33000.0,132.000,41.80,81.00,2707.500,2575.500,1.225,156.6,5.605e+02,1.197e-02,38.356,36.215,256.1,1.465e+05,0.004,213.491,156.5,3.881e+02,8.294e-03,0.0,1.078e-02,1.328e-02,1.268e-02,6.0,10.45,248.8,37.95,44.3,30.0,60.2,52.9,42.7,0.0,4.1,-4.0,46.8,-4.0,25.5,25.5,137.03,17.72,147.80,16.45,61.13,74.94,9.94,1377648.0,2.5915e+23,2.990e+02,1.400e+00,27.808,0.9999,5.1831e+21,2.62,2.00,36.40,2.4620e+23,95.66,95.00,28.00,7.7746e+21,1.73,3.00,16.00,-999.900
33500.0,134.000,42.10,81.50,2709.500,2575.500,1.223,157.2,5.323e+02,1.133e-02,38.363,36.223,256.5,1.465e+05,0.004,215.508,157.2,3.683e+02,7.838e-03,0.0,1.022e-02,1.256e-02,1.078e-02,-4.8,10.35,263.0,37.72,44.5,30.3,60.3,37.5,42.8,0.0,-2.2,-18.8,40.7,-18.8,25.8,25.8,137.03,17.72,147.93,16.43,60.86,74.94,9.94,1377648.0,2.4535e+23,2.990e+02,1.400e+00,27.808,0.9999,4.9069e+21,2.62,2.00,36.40,2.3308e+23,95.66,95.00,28.00,7.3604e+21,1.73,3.00,16.00,-999.900
34000.0,136.000,42.40,82.00,2711.500,2575.500,1.221,157.7,5.056e+02,1.073e-02,38.370,36.231,256.9,1.465e+05,0.003,217.524,157.4,3.497e+02,7.429e-03,0.0,9.682e-03,1.188e-02,1.054e-02,-1.7,10.25,259.2,37.49,44.4,30.3,59.9,41.9,42.9,0.0,-43.3,-10.1,-0.4,-10.1,26.0,26.0,137.03,17.72,148.06,16.40,60.60,74.94,9.94,1377648.0,2.3228e+23,2.990e+02,1.400e+00,27.808,0.9999,4.6456e+21,2.62,2.00,36.40,2.2066e+23,95.66,95.00,28.00,6.9684e+21,1.73,3.00,16.00,-999.900
34500.0,138.000,42.70,82.50,2713.500,2575.500,1.219,158.1,4.805e+02,1.017e-02,39.002,37.348,257.3,1.465e+05,0.003,223.090,158.3,3.320e+02,7.018e-03,0.0,9.188e-03,1.125e-02,9.724e-03,-4.4,10.15,263.1,37.26,44.9,30.9,60.3,38.6,43.0,0.0,-48.6,-14.0,-5.5,-14.0,26.3,26.3,137.03,17.72,148.19,16.38,60.34,74.94,9.94,1377648.0,2.2019e+23,2.990e+02,1.400e+00,27.808,0.9999,4.4038e+21,2.62,2.00,36.40,2.0918e+23,95.66,95.00,28.00,6.6057e+21,1.73,3.00,16.00,-999.900
35000.0,140.000,43.00,83.00,2715.500,2575.500,1.217,158.4,4.567e+02,9.642e-03,39.009,37.354,257.6,1.465e+05,0.003,225.107,158.6,3.154e+02,6.653e-03,0.0,8.721e-03,1.066e-02,9.526e-03,-1.2,10.05,259.1,37.04,44.9,31.1,60.2,43.2,43.2,0.0,-48.2,-13.4,-5.0,-13.4,26.6,26.6,137.03,17.72,148.32,16.35,60.09,74.94,9.94,1377648.0,2.0880e+23,2.990e+02,1.400e+00,27.808,0.9999,4.1761e+21,2.62,2.00,36.40,1.9836e+23,95.66,95.00,28.00,6.2641e+21,1.73,3.00,16.00,-999.900
35500.0,142.000,43.30,83.50,2717.500,2575.500,1.216,158.8,4.342e+02,9.143e-03,39.016,37.360,257.9,1.465e+05,0.003,227.123,159.4,2.996e+02,6.289e-03,0.0,8.279e-03,1.010e-02,8.792e-03,-3.8,9.95,263.0,36.82,45.4,31.6,60.6,39.8,43.3,0.0,-58.2,-16.2,-14.9,-16.2,26.9,26.9,137.03,17.72,148.45,16.33,59.84,74.94,9.94,1377648.0,1.9801e+23,2.990e+02,1.400e+00,27.808,0.9999,3.9602e+21,2.62,2.00,36.40,1.8811e+23,95.66,95.00,28.00,5.9403e+21,1.73,3.00,16.00,-999.900
36000.0,144.000,43.60,84.00,2719.500,2575.500,1.214,159.2,4.127e+02,8.671e-03,39.022,37.366,258.2,1.465e+05,0.003,229.139,160.8,2.848e+02,5.924e-03,0.0,7.859e-03,9.567e-03,7.868e-03,-9.3,9.85,271.0,36.60,46.4,32.7,61.5,32.8,43.4,0.0,-65.0,-21.0,-21.7,-21.0,27.2,27.2,137.03,17.72,148.58,16.31,59.59,74.94,9.94,1377648.0,1.8778e+23,2.990e+02,1.400e+00,27.808,0.9999,3.7556e+21,2.62,2.00,36.40,1.7839e+23,95.66,95.00,28.00,5.6334e+21,1.73,3.00,16.00,-999.900
36500.0,146.000,43.90,84.50,2721.500,2575.500,1.212,159.6,3.925e+02,8.227e-03,39.716,38.368,258.5,1.465e+05,0.003,235.212,160.3,2.707e+02,5.651e-03,0.0,7.464e-03,9.068e-03,7.669e-03,-6.8,9.75,267.7,36.40,45.6,32.1,60.5,35.7,43.5,0.0,-46.9,-15.4,-3.4,-15.4,27.4,27.4,137.03,17.72,148.71,16.28,59.35,74.94,9.94,1377648.0,1.7817e+23,2.990e+02,1.400e+00,27.808,0.9999,3.5634e+21,2.62,2.00,36.40,1.6926e+23,95.66,95.00,28.00,5.3451e+21,1.73,3.00,16.00,-999.900
37000.0,148.000,44.20,85.00,2723.500,2575.500,1.210,159.9,3.734e+02,7.813e-03,39.724,38.368,258.7,1.465e+05,0.003,237.236,161.5,2.574e+02,5.332e-03,0.0,7.095e-03,8.603e-03,7.854e-03,0.5,9.65,258.0,36.22,46.5,33.1,61.3,47.3,43.8,0.0,-61.3,-28.8,-17.5,-28.8,27.7,27.7,137.04,17.72,148.84,16.26,59.11,74.94,9.94,1377648.0,1.6920e+23,2.990e+02,1.400e+00,27.808,0.9999,3.3839e+21,2.62,2.00,36.40,1.6074e+23,95.66,95.00,28.00,5.0759e+21,1.73,3.00,16.00,-999.900
37500.0,150.000,44.50,85.50,2725.500,2575.500,1.209,160.2,3.553e+02,7.419e-03,39.732,38.367,259.0,1.465e+05,0.002,239.260,161.9,2.449e+02,5.058e-03,0.0,6.745e-03,8.161e-03,7.638e-03,2.9,9.55,255.2,36.03,46.7,33.3,61.3,51.0,44.0,0.0,-63.0,-71.1,-19.1,-71.1,28.0,28.0,137.04,17.72,148.97,16.23,58.87,74.94,9.94,1377648.0,1.6067e+23,2.990e+02,1.400e+00,27.808,1.0000,3.2135e+21,2.62,2.00,36.40,1.5264e+23,95.66,95.00,28.00,4.8202e+21,1.73,3.00,16.00,-999.900
38000.0,152.000,44.80,86.00,2727.500,2575.500,1.207,160.5,3.381e+02,7.046e-03,39.740,38.367,259.2,1.465e+05,0.002,241.284,162.3,2.329e+02,4.801e-03,0.0,6.405e-03,7.750e-03,7.067e-03,0.3,9.55,258.8,35.85,46.7,33.4,61.4,47.2,44.2,0.0,-55.7,-33.9,-11.5,-33.9,28.3,28.3,137.04,17.72,149.10,16.21,58.64,74.94,9.94,1377648.0,1.5258e+23,2.990e+02,1.400e+00,27.808,1.0000,3.0516e+21,2.62,2.00,36.40,1.4495e+23,95.66,95.00,28.00,4.5774e+21,1.73,3.00,16.00,-999.900
38500.0,154.000,45.10,86.50,2729.500,2575.500,1.205,160.8,3.217e+02,6.691e-03,39.748,38.367,259.5,1.465e+05,0.002,243.307,162.7,2.217e+02,4.558e-03,0.0,6.082e-03,7.360e-03,6.937e-03,3.7,9.55,254.8,35.66,46.8,33.4,61.5,52.2,44.4,0.0,-54.5,-38.0,-10.2,-38.0,28.6,28.6,137.04,17.72,149.23,16.18,58.41,74.94,9.94,1377648.0,1.4489e+23,2.990e+02,1.400e+00,27.808,1.0000,2.8978e+21,2.62,2.00,36.40,1.3765e+23,95.66,95.00,28.00,4.3468e+21,1.73,3.00,16.00,-999.900
39000.0,156.000,45.40,87.00,2731.500,2575.500,1.203,161.1,3.061e+02,6.353e-03,39.755,38.367,259.7,1.465e+05,0.002,245.330,163.0,2.110e+02,4.328e-03,0.0,5.776e-03,6.989e-03,6.570e-03,3.4,9.55,255.4,35.47,46.8,33.5,61.5,51.8,44.5,0.0,-40.7,-44.0,3.8,-44.0,28.8,28.8,137.04,17.72,149.37,16.16,58.19,74.94,9.94,1377648.0,1.3759e+23,2.990e+02,1.400e+00,27.808,1.0000,2.7518e+21,2.62,2.00,36.40,1.3071e+23,95.66,95.00,28.00,4.1278e+21,1.73,3.00,16.00,-999.900
39500.0,158.000,45.70,87.50,2733.500,2575.500,1.201,161.4,2.914e+02,6.038e-03,40.669,39.314,260.0,1.465e+05,0.002,252.960,163.4,2.008e+02,4.110e-03,0.0,5.489e-03,6.642e-03,6.031e-03,-0.1,9.55,260.1,35.25,46.9,33.5,61.6,46.7,44.6,0.0,-22.7,-13.2,21.9,-13.2,29.1,29.1,137.04,17.72,149.50,16.13,57.97,74.94,9.94,1377648.0,1.3075e+23,2.990e+02,1.400e+00,27.808,1.0000,2.6151e+21,2.62,2.00,36.40,1.2422e+23,95.66,95.00,28.00,3.9226e+21,1.73,3.00,16.00,-999.900
40000.0,160.000,46.00,88.00,2735.500,2575.500,1.200,161.7,2.776e+02,5.741e-03,40.678,39.320,260.2,1.465e+05,0.002,254.997,163.8,1.912e+02,3.905e-03,0.0,5.219e-03,6.315e-03,5.460e-03,-4.9,9.55,266.8,35.00,47.0,33.6,61.7,39.8,44.5,0.0,-23.0,30.7,21.5,30.7,29.4,29.4,137.04,17.72,149.63,16.11,57.75,74.94,9.94,1377648.0,1.2432e+23,2.990e+02,1.400e+00,27.808,1.0000,2.4864e+21,2.62,2.00,36.40,1.1810e+23,95.66,95.00,28.00,3.7296e+21,1.73,3.00,16.00,-999.900
40500.0,162.000,46.30,88.50,2737.500,2575.500,1.198,162.0,2.644e+02,5.458e-03,40.688,39.326,260.5,1.465e+05,0.002,257.033,164.1,1.821e+02,3.710e-03,0.0,4.962e-03,6.004e-03,5.086e-03,-6.8,9.55,269.8,34.74,47.1,33.7,61.8,37.1,44.4,0.0,-34.6,49.2,9.8,49.2,29.7,29.7,137.04,17.72,149.76,16.08,57.54,74.94,9.94,1377648.0,1.1820e+23,2.990e+02,1.400e+00,27.808,1.0000,2.3640e+21,2.62,2.00,36.40,1.1229e+23,95.66,95.00,28.00,3.5460e+21,1.73,3.00,16.00,-999.900
41000.0,164.000,46.60,89.00,2739.500,2575.500,1.196,162.4,2.519e+02,5.190e-03,40.698,39.331,260.7,1.465e+05,0.002,259.070,164.5,1.734e+02,3.526e-03,0.0,4.718e-03,5.708e-03,4.997e-03,-3.7,9.55,265.7,34.49,47.2,33.8,61.9,41.7,44.3,0.0,-16.6,36.9,27.8,36.9,30.0,30.0,137.04,17.72,149.89,16.06,57.33,74.94,9.94,1377648.0,1.1239e+23,2.990e+02,1.400e+00,27.808,1.0000,2.2477e+21,2.62,2.00,36.40,1.0677e+23,95.66,95.00,28.00,3.3716e+21,1.73,3.00,16.00,-999.900
41500.0,166.000,46.90,89.50,2741.500,2575.500,1.194,162.7,2.400e+02,4.934e-03,40.707,39.337,261.0,1.465e+05,0.002,261.106,164.9,1.652e+02,3.351e-03,0.0,4.486e-03,5.428e-03,4.936e-03,0.0,9.55,260.9,34.24,47.2,33.9,62.0,47.3,44.2,0.0,-38.9,35.2,5.3,35.2,30.2,30.2,137.04,17.72,150.02,16.03,57.13,74.94,9.94,1377648.0,1.0686e+23,2.990e+02,1.400e+00,27.808,1.0000,2.1371e+21,2.62,2.00,36.40,1.0151e+23,95.66,95.00,28.00,3.2057e+21,1.73,3.00,16.00,-999.900
42000.0,168.000,47.20,90.00,2743.500,2575.500,1.193,163.0,2.286e+02,4.692e-03,40.716,39.342,261.2,1.465e+05,0.002,263.141,165.2,1.574e+02,3.186e-03,0.0,4.265e-03,5.161e-03,4.606e-03,-1.8,9.55,263.6,33.98,47.3,33.9,62.0,44.6,44.1,0.0,-50.5,42.6,-6.4,42.6,30.5,30.5,137.04,17.72,150.15,16.01,56.93,74.94,9.94,1377648.0,1.0160e+23,2.990e+02,1.400e+00,27.808,1.0000,2.0320e+21,2.62,2.00,36.40,9.6522e+22,95.66,95.00,28.00,3.0480e+21,1.73,3.00,16.00,-999.900
42500.0,170.000,47.50,90.50,2745.500,2575.500,1.191,163.3,2.178e+02,4.461e-03,40.726,39.348,261.5,1.465e+05,0.001,265.176,165.6,1.500e+02,3.029e-03,0.0,4.055e-03,4.907e-03,4.595e-03,3.0,9.55,257.6,33.73,47.3,33.9,62.0,51.7,44.0,0.0,-36.4,35.9,7.6,35.9,30.8,30.8,137.04,17.72,150.28,15.99,56.74,74.94,9.94,1377648.0,9.6606e+22,2.990e+02,1.400e+00,27.808,1.0000,1.9321e+21,2.62,2.00,36.40,9.1775e+22,95.66,95.00,28.00,2.8982e+21,1.73,3.00,16.00,-999.900
43000.0,172.000,47.80,91.00,2747.500,2575.500,1.189,163.6,2.075e+02,4.242e-03,40.735,39.353,261.7,1.465e+05,0.001,267.211,165.9,1.429e+02,2.881e-03,0.0,3.856e-03,4.666e-03,4.120e-03,-2.9,9.55,265.6,33.47,47.2,33.8,61.9,43.0,43.9,0.0,-10.4,14.2,33.4,14.2,31.1,31.1,137.04,17.72,150.41,15.96,56.55,74.94,9.94,1377648.0,9.1856e+22,2.990e+02,1.400e+00,27.808,1.0000,1.8371e+21,2.62,2.00,36.40,8.7263e+22,95.66,95.00,28.00,2.7557e+21,1.73,3.00,16.00,-999.900
43500.0,174.000,48.10,91.50,2749.500,2575.500,1.188,163.9,1.977e+02,4.034e-03,41.644,40.417,262.0,1.465e+05,0.001,275.186,166.3,1.362e+02,2.741e-03,0.0,3.668e-03,4.438e-03,4.038e-03,0.1,9.55,261.8,33.22,47.2,33.8,61.9,47.3,43.7,0.0,-12.3,25.6,31.4,25.6,31.4,31.4,137.04,17.72,150.54,15.94,56.36,74.94,9.94,1377648.0,8.7368e+22,2.990e+02,1.400e+00,27.808,1.0000,1.7474e+21,2.62,2.00,36.40,8.3000e+22,95.66,95.00,28.00,2.6210e+21,1.73,3.00,16.00,-999.900
44000.0,176.000,48.40,92.00,2751.500,2575.500,1.186,164.2,1.885e+02,3.841e-03,41.653,40.431,262.2,1.465e+05,0.001,277.223,166.6,1.299e+02,2.607e-03,0.0,3.492e-03,4.225e-03,3.791e-03,-1.3,9.55,263.9,32.97,47.3,33.9,62.0,45.4,43.6,0.0,-6.4,14.9,37.2,14.9,31.6,31.6,137.04,17.72,150.67,15.91,56.18,74.94,9.94,1377648.0,8.3183e+22,2.990e+02,1.400e+00,27.808,1.0000,1.6637e+21,2.62,2.00,36.40,7.9024e+22,95.66,95.00,28.00,2.4955e+21,1.73,3.00,16.00,-999.900
44500.0,178.000,48.70,92.50,2753.500,2575.500,1.184,164.4,1.798e+02,3.657e-03,41.663,40.444,262.4,1.465e+05,0.001,279.260,167.0,1.239e+02,2.481e-03,0.0,3.325e-03,4.023e-03,3.775e-03,3.2,9.55,258.3,32.72,47.4,34.0,62.1,52.2,43.4,0.0,-37.1,-18.4,6.3,-18.4,31.9,31.9,137.04,17.72,150.80,15.89,56.00,74.94,9.94,1377648.0,7.9200e+22,2.990e+02,1.400e+00,27.808,1.0000,1.5840e+21,2.62,2.00,36.40,7.5240e+22,95.66,95.00,28.00,2.3760e+21,1.73,3.00,16.00,-999.900
45000.0,180.000,49.00,93.00,2755.500,2575.500,1.182,164.7,1.715e+02,3.482e-03,41.672,40.457,262.6,1.465e+05,0.001,281.296,167.3,1.181e+02,2.362e-03,0.0,3.166e-03,3.830e-03,3.577e-03,2.7,9.55,259.1,32.46,47.4,34.0,62.2,51.5,43.3,0.0,-54.9,14.0,-11.6,14.0,32.2,32.2,137.04,17.72,150.93,15.86,55.83,74.95,9.94,1377648.0,7.5410e+22,2.990e+02,1.400e+00,27.808,1.0000,1.5082e+21,2.62,2.00,36.40,7.1640e+22,95.66,95.00,28.00,2.2623e+21,1.73,3.00,16.00,-999.900
45500.0,182.000,49.30,93.50,2757.500,2575.500,1.181,165.0,1.635e+02,3.316e-03,41.680,40.470,262.8,1.465e+05,0.001,283.332,167.6,1.127e+02,2.248e-03,0.0,3.014e-03,3.647e-03,3.680e-03,11.0,9.55,249.5,32.21,47.5,34.1,62.2,63.7,43.1,0.0,-39.3,57.5,3.8,57.5,32.5,32.5,137.04,17.72,151.06,15.84,55.66,74.95,9.94,1377648.0,7.1803e+22,2.990e+02,1.400e+00,27.808,1.0000,1.4361e+21,2.62,2.00,36.40,6.8213e+22,95.66,95.00,28.00,2.1541e+21,1.73,3.00,16.00,-999.900
46000.0,184.000,49.60,94.00,2759.500,2575.500,1.179,165.2,1.560e+02,3.157e-03,41.689,40.483,263.0,1.465e+05,0.001,285.367,168.0,1.075e+02,2.141e-03,0.0,2.870e-03,3.473e-03,3.089e-03,-2.2,9.55,265.9,31.95,47.5,34.1,62.2,44.3,42.9,0.0,-40.6,60.9,2.3,60.9,32.8,32.8,137.04,17.72,151.19,15.81,55.50,74.95,9.94,1377648.0,6.8370e+22,2.990e+02,1.400e+00,27.808,1.0000,1.3674e+21,2.62,2.00,36.40,6.4952e+22,95.66,95.00,28.00,2.0511e+21,1.73,3.00,16.00,-999.900
46500.0,186.000,49.90,94.50,2761.500,2575.500,1.177,165.5,1.488e+02,3.007e-03,42.583,41.338,263.2,1.465e+05,0.001,293.498,168.3,1.026e+02,2.039e-03,0.0,2.733e-03,3.307e-03,3.066e-03,2.0,9.55,260.7,31.69,47.5,34.1,62.2,50.4,42.6,0.0,-52.2,48.2,-9.6,48.2,33.0,33.0,137.04,17.72,151.32,15.79,55.34,74.95,9.94,1377648.0,6.5114e+22,2.990e+02,1.400e+00,27.808,1.0000,1.3023e+21,2.62,2.00,36.40,6.1859e+22,95.66,95.00,28.00,1.9534e+21,1.73,3.00,16.00,-999.900
47000.0,188.000,50.20,95.00,2763.500,2575.500,1.176,165.8,1.420e+02,2.866e-03,42.593,41.354,263.4,1.465e+05,0.001,295.536,168.6,9.789e+01,1.942e-03,0.0,2.605e-03,3.153e-03,2.787e-03,-2.7,9.55,267.1,31.38,47.6,34.2,62.4,43.5,42.2,0.0,-17.7,40.9,24.5,40.9,33.3,33.3,137.04,17.72,151.45,15.76,55.19,74.95,9.94,1377648.0,6.2066e+22,2.990e+02,1.400e+00,27.808,1.0000,1.2413e+21,2.62,2.00,36.40,5.8962e+22,95.66,95.00,28.00,1.8620e+21,1.73,3.00,16.00,-999.900
47500.0,190.000,50.50,95.50,2765.500,2575.500,1.174,166.0,1.356e+02,2.732e-03,42.603,41.373,263.7,1.465e+05,0.001,297.580,168.9,9.344e+01,1.850e-03,0.0,2.484e-03,3.005e-03,2.736e-03,0.2,9.55,263.4,31.08,47.7,34.3,62.4,47.9,41.9,0.0,-19.4,32.9,22.4,32.9,33.6,33.6,137.04,17.72,151.58,15.74,55.04,74.95,9.94,1377648.0,5.9162e+22,2.990e+02,1.400e+00,27.808,1.0000,1.1832e+21,2.62,2.00,36.40,5.6204e+22,95.66,95.00,28.00,1.7749e+21,1.73,3.00,16.00,-999.900
48000.0,192.000,50.80,96.00,2767.500,2575.500,1.172,166.3,1.295e+02,2.604e-03,42.614,41.393,263.9,1.465e+05,0.001,299.623,169.3,8.920e+01,1.763e-03,0.0,2.367e-03,2.865e-03,2.655e-03,2.0,9.55,261.3,30.78,47.7,34.3,62.5,50.6,41.4,0.0,-0.8,12.5,40.6,12.5,33.9,33.9,137.04,17.72,151.72,15.71,54.89,74.95,9.94,1377648.0,5.6397e+22,2.990e+02,1.400e+00,27.808,1.0000,1.1279e+21,2.62,2.00,36.40,5.3577e+22,95.66,95.00,28.00,1.6919e+21,1.73,3.00,16.00,-999.900
48500.0,194.000,51.10,96.50,2769.500,2575.500,1.170,166.6,1.236e+02,2.483e-03,42.624,41.411,264.1,1.465e+05,0.001,301.666,169.6,8.516e+01,1.680e-03,0.0,2.257e-03,2.731e-03,2.491e-03,0.3,9.55,263.6,30.48,47.8,34.3,62.6,48.3,41.0,0.0,17.3,-12.7,58.3,-12.7,34.2,34.2,137.04,17.72,151.85,15.69,54.75,74.95,9.94,1377648.0,5.3762e+22,2.990e+02,1.400e+00,27.808,1.0000,1.0752e+21,2.62,2.00,36.40,5.1074e+22,95.66,95.00,28.00,1.6129e+21,1.73,3.00,16.00,-999.900
49000.0,196.000,51.40,97.00,2771.500,2575.500,1.169,166.8,1.181e+02,2.367e-03,42.634,41.430,264.3,1.465e+05,0.001,303.709,169.9,8.133e+01,1.601e-03,0.0,2.152e-03,2.603e-03,2.132e-03,-9.9,9.55,278.4,30.18,47.8,34.4,62.6,33.2,40.6,0.0,9.8,-8.6,50.4,-8.6,34.4,34.4,137.04,17.72,151.98,15.67,54.62,74.95,9.94,1377648.0,5.1253e+22,2.990e+02,1.400e+00,27.808,1.0000,1.0251e+21,2.62,2.00,36.40,4.8690e+22,95.66,95.00,28.00,1.5376e+21,1.73,3.00,16.00,-999.900
49500.0,198.000,51.70,97.50,2773.500,2575.500,1.167,167.1,1.127e+02,2.256e-03,42.644,41.449,264.5,1.465e+05,0.001,305.751,170.2,7.767e+01,1.527e-03,0.0,2.051e-03,2.482e-03,2.065e-03,-8.5,9.55,276.5,29.87,47.8,34.4,62.6,35.3,40.1,0.0,-22.6,-23.9,17.5,-23.9,34.7,34.7,137.04,17.72,152.11,15.64,54.49,74.95,9.94,1377648.0,4.8862e+22,2.990e+02,1.400e+00,27.808,1.0000,9.7724e+20,2.62,2.00,36.40,4.6419e+22,95.66,95.00,28.00,1.4659e+21,1.73,3.00,16.00,-999.900
50000.0,200.000,52.00,98.00,2775.500,2575.500,1.165,167.3,1.076e+02,2.151e-03,42.653,41.467,264.7,1.465e+05,0.001,307.792,170.5,7.419e+01,1.456e-03,0.0,1.956e-03,2.366e-03,2.089e-03,-2.9,9.55,268.6,29.57,47.8,34.3,62.6,43.5,39.7,0.0,9.1,2.1,48.8,2.1,35.0,35.0,137.04,17.72,152.24,15.62,54.36,74.95,9.94,1377648.0,4.6584e+22,2.990e+02,1.400e+00,27.808,1.0000,9.3169e+20,2.62,2.00,36.40,4.4255e+22,95.66,95.00,28.00,1.3975e+21,1.73,3.00,16.00,-999.900
50500.0,202.000,52.30,98.50,2777.500,2575.500,1.164,167.6,1.028e+02,2.051e-03,42.663,41.486,264.9,1.465e+05,0.001,309.833,170.8,7.089e+01,1.388e-03,0.0,1.864e-03,2.256e-03,2.046e-03,-0.2,9.55,265.2,29.26,47.7,34.3,62.5,47.4,39.2,0.0,-11.0,-35.1,28.2,-35.1,35.3,35.3,137.04,17.72,152.37,15.59,54.24,74.95,9.94,1377648.0,4.4414e+22,2.990e+02,1.400e+00,27.808,1.0000,8.8829e+20,2.62,2.00,36.40,4.2194e+22,95.66,95.00,28.00,1.3324e+21,1.73,3.00,16.00,-999.900
51000.0,204.000,52.60,99.00,2779.500,2575.500,1.162,167.9,9.816e+01,1.956e-03,43.537,41.795,265.1,1.465e+05,0.001,318.173,171.1,6.773e+01,1.324e-03,0.0,1.778e-03,2.151e-03,1.983e-03,1.4,9.55,263.3,28.97,47.7,34.2,62.4,49.8,38.8,0.0,-12.4,-33.0,26.4,-33.0,35.6,35.6,137.04,17.72,152.50,15.57,54.12,74.95,9.94,1377648.0,4.2352e+22,2.990e+02,1.400e+00,27.808,1.0000,8.4704e+20,2.62,2.00,36.40,4.0234e+22,95.66,95.00,28.00,1.2706e+21,1.73,3.00,16.00,-999.900
51500.0,206.000,52.90,99.50,2781.500,2575.500,1.160,168.2,9.381e+01,1.865e-03,43.543,41.811,265.4,1.465e+05,0.001,320.192,171.4,6.472e+01,1.263e-03,0.0,1.696e-03,2.052e-03,1.894e-03,1.6,9.55,263.3,28.70,47.6,34.2,62.4,49.9,38.4,0.0,-7.4,-28.9,31.0,-28.9,35.8,35.8,137.04,17.72,152.63,15.54,54.01,74.95,9.94,1377648.0,4.0394e+22,2.990e+02,1.400e+00,27.808,1.0000,8.0788e+20,2.62,2.00,36.40,3.8375e+22,95.66,95.00,28.00,1.2118e+21,1.73,3.00,16.00,-999.900
52000.0,208.000,53.20,100.00,2783.500,2575.500,1.159,168.6,8.966e+01,1.779e-03,43.549,41.827,265.7,1.465e+05,0.001,322.210,171.6,6.186e+01,1.206e-03,0.0,1.617e-03,1.957e-03,1.859e-03,4.5,9.55,259.9,28.43,47.6,34.2,62.3,54.2,38.0,0.0,-26.6,-57.3,11.4,-57.3,36.1,36.1,137.04,17.72,152.76,15.52,53.90,74.95,9.94,1377648.0,3.8528e+22,2.990e+02,1.400e+00,27.808,1.0000,7.7056e+20,2.62,2.00,36.40,3.6602e+22,95.66,95.00,28.00,1.1558e+21,1.73,3.00,16.00,-999.900
52500.0,210.000,53.50,100.50,2785.500,2575.500,1.157,168.9,8.569e+01,1.697e-03,43.555,41.843,265.9,1.465e+05,0.001,324.228,171.9,5.913e+01,1.150e-03,0.0,1.543e-03,1.867e-03,1.737e-03,2.4,9.55,262.8,28.16,47.5,34.1,62.3,51.0,37.6,0.0,-37.3,-43.1,0.4,-43.1,36.4,36.4,137.04,17.72,152.89,15.49,53.80,74.95,9.94,1377648.0,3.6749e+22,2.990e+02,1.400e+00,27.808,1.0000,7.3498e+20,2.62,2.00,36.40,3.4911e+22,95.66,95.00,28.00,1.1025e+21,1.73,3.00,16.00,-999.900
53000.0,212.000,53.80,101.00,2787.500,2575.500,1.155,169.2,8.189e+01,1.619e-03,43.561,41.858,266.2,1.465e+05,0.001,326.245,172.2,5.653e+01,1.098e-03,0.0,1.471e-03,1.780e-03,1.666e-03,2.9,9.55,262.4,27.89,47.4,34.0,62.1,51.7,37.3,0.0,-13.2,-0.8,24.1,-0.8,36.7,36.7,137.04,17.72,153.02,15.47,53.71,74.95,9.94,1377648.0,3.5053e+22,2.990e+02,1.400e+00,27.808,1.0000,7.0106e+20,2.62,2.00,36.40,3.3300e+22,95.66,95.00,28.00,1.0516e+21,1.73,3.00,16.00,-999.900
53500.0,214.000,54.10,101.50,2789.500,2575.500,1.154,169.5,7.829e+01,1.545e-03,44.280,43.171,266.4,1.465e+05,0.001,333.620,172.4,5.405e+01,1.048e-03,0.0,1.405e-03,1.699e-03,1.412e-03,-8.6,9.55,278.7,27.62,47.4,34.0,62.1,34.6,36.9,0.0,-21.0,-31.6,15.9,-31.6,37.0,37.0,137.04,17.72,153.15,15.44,53.62,74.95,9.94,1377648.0,3.3459e+22,2.990e+02,1.400e+00,27.808,1.0000,6.6917e+20,2.62,2.00,36.40,3.1786e+22,95.66,95.00,28.00,1.0038e+21,1.73,3.00,16.00,-999.900
54000.0,216.000,54.40,102.00,2791.500,2575.500,1.152,169.7,7.488e+01,1.476e-03,44.285,43.173,266.5,1.465e+05,0.001,335.630,172.7,5.169e+01,1.001e-03,0.0,1.342e-03,1.623e-03,1.419e-03,-3.9,9.55,271.9,27.34,47.4,34.0,62.2,41.7,36.4,0.0,-15.2,-19.1,21.2,-19.1,37.2,37.2,137.04,17.72,153.28,15.42,53.53,74.95,9.94,1377648.0,3.1960e+22,2.990e+02,1.400e+00,27.808,1.0000,6.3920e+20,2.62,2.00,36.40,3.0362e+22,95.66,95.00,28.00,9.5880e+20,1.73,3.00,16.00,-999.900
54500.0,218.000,54.70,102.50,2793.500,2575.500,1.150,169.9,7.161e+01,1.410e-03,44.289,43.174,266.7,1.465e+05,0.000,337.641,173.0,4.944e+01,9.560e-04,0.0,1.282e-03,1.551e-03,1.250e-03,-11.3,9.55,283.2,27.07,47.4,34.0,62.2,30.7,36.0,0.0,-9.9,-35.0,26.1,-35.0,37.5,37.5,137.04,17.72,153.41,15.39,53.45,74.95,9.94,1377648.0,3.0528e+22,2.990e+02,1.400e+00,27.808,1.0000,6.1056e+20,2.62,2.00,36.40,2.9002e+22,95.66,95.00,28.00,9.1584e+20,1.73,3.00,16.00,-999.900
55000.0,220.000,55.00,103.00,2795.500,2575.500,1.149,170.1,6.848e+01,1.347e-03,44.293,43.176,266.9,1.465e+05,0.000,339.650,173.2,4.728e+01,9.131e-04,0.0,1.224e-03,1.481e-03,1.236e-03,-8.2,9.55,278.6,26.79,47.5,34.1,62.2,35.4,35.6,0.0,-12.0,-50.3,23.6,-50.3,37.8,37.8,137.04,17.72,153.54,15.37,53.37,74.95,9.94,1377648.0,2.9160e+22,2.990e+02,1.400e+00,27.808,1.0000,5.8320e+20,2.62,2.00,36.40,2.7702e+22,95.66,95.00,28.00,8.7480e+20,1.73,3.00,16.00,-999.900
55500.0,222.000,55.30,103.50,2797.500,2575.500,1.147,170.3,6.550e+01,1.286e-03,44.298,43.178,267.0,1.465e+05,0.000,341.659,173.5,4.524e+01,8.723e-04,0.0,1.169e-03,1.415e-03,1.191e-03,-7.4,9.55,277.5,26.52,47.4,34.0,62.2,36.5,35.1,0.0,3.7,-17.6,38.8,-17.6,38.1,38.1,137.04,17.72,153.67,15.34,53.30,74.95,9.94,1377648.0,2.7853e+22,2.990e+02,1.400e+00,27.808,1.0000,5.5706e+20,2.62,2.00,36.40,2.6461e+22,95.66,95.00,28.00,8.3560e+20,1.73,3.00,16.00,-999.900
56000.0,224.000,55.60,104.00,2799.500,2575.500,1.145,170.5,6.264e+01,1.228e-03,44.302,43.179,267.2,1.465e+05,0.000,343.666,173.7,4.328e+01,8.334e-04,0.0,1.117e-03,1.351e-03,1.063e-03,-13.5,9.55,287.3,26.24,47.4,34.0,62.1,27.5,34.6,0.0,-20.9,-17.3,13.7,-17.3,38.4,38.4,137.04,17.72,153.80,15.32,53.23,74.95,9.94,1377648.0,2.6605e+22,2.990e+02,1.400e+00,27.808,1.0000,5.3209e+20,2.62,2.00,36.40,2.5274e+22,95.66,95.00,28.00,7.9814e+20,1.73,3.00,16.00,-999.900
56500.0,226.000,55.90,104.50,2801.500,2575.500,1.144,170.8,5.990e+01,1.173e-03,45.103,42.054,267.4,1.465e+05,0.000,351.893,173.9,4.141e+01,7.964e-04,0.0,1.067e-03,1.291e-03,9.944e-04,-15.3,9.55,290.4,25.97,47.3,33.9,62.1,24.9,34.1,0.0,-15.2,-29.5,19.0,-29.5,38.6,38.6,137.04,17.72,153.93,15.30,53.17,74.95,9.94,1377648.0,2.5410e+22,2.990e+02,1.400e+00,27.808,1.0000,5.0821e+20,2.62,2.00,36.40,2.4140e+22,95.66,95.00,28.00,7.6231e+20,1.73,3.00,16.00,-999.900
57000.0,228.000,56.20,105.00,2803.500,2575.500,1.142,171.3,5.733e+01,1.119e-03,45.109,42.042,267.8,1.465e+05,0.000,353.917,174.2,3.963e+01,7.612e-04,0.0,1.018e-03,1.231e-03,9.601e-04,-14.2,9.55,289.2,25.77,47.1,33.7,61.8,26.1,34.0,0.0,-19.3,-41.9,14.7,-41.9,38.9,38.9,137.04,17.72,154.07,15.27,53.12,74.95,9.94,1377648.0,2.4240e+22,2.990e+02,1.400e+00,27.808,1.0000,4.8480e+20,2.62,2.00,36.40,2.3028e+22,95.66,95.00,28.00,7.2720e+20,1.73,3.00,16.00,-999.900
57500.0,230.000,56.50,105.50,2805.500,2575.500,1.141,171.9,5.487e+01,1.068e-03,45.114,42.030,268.3,1.465e+05,0.000,355.941,174.4,3.793e+01,7.275e-04,0.0,9.707e-04,1.174e-03,8.693e-04,-18.6,9.55,297.3,25.58,46.8,33.4,61.4,19.5,33.9,0.0,-29.8,-6.5,4.1,-6.5,39.2,39.2,137.04,17.72,154.20,15.25,53.06,74.95,9.94,1377648.0,2.3123e+22,2.990e+02,1.400e+00,27.808,1.0000,4.6245e+20,2.62,2.00,36.40,2.1967e+22,95.66,95.00,28.00,6.9368e+20,1.73,3.00,16.00,-999.900
58000.0,232.000,56.80,106.00,2807.500,2575.500,1.139,172.5,5.252e+01,1.018e-03,45.120,42.018,268.7,1.465e+05,0.000,357.964,174.6,3.631e+01,6.956e-04,0.0,9.259e-04,1.120e-03,8.328e-04,-18.2,9.55,297.2,25.40,46.4,33.1,61.1,19.7,33.8,0.0,-33.4,-28.6,0.3,-28.6,39.5,39.5,137.04,17.72,154.33,15.22,53.02,74.95,9.94,1377648.0,2.2056e+22,2.990e+02,1.400e+00,27.808,1.0000,4.4112e+20,2.62,2.00,36.40,2.0953e+22,95.66,95.00,28.00,6.6169e+20,1.73,3.00,16.00,-999.900
58500.0,234.000,57.10,106.50,2809.500,2575.500,1.137,173.0,5.026e+01,9.715e-04,45.125,42.006,269.2,1.465e+05,0.000,359.986,174.8,3.476e+01,6.651e-04,0.0,8.831e-04,1.069e-03,8.528e-04,-12.2,9.55,287.3,25.22,46.1,32.8,60.7,28.2,33.7,0.0,-49.2,-10.6,-15.5,-10.6,39.8,39.8,137.04,17.72,154.46,15.20,52.98,74.95,9.94,1377648.0,2.1038e+22,2.990e+02,1.400e+00,27.808,1.0000,4.2076e+20,2.62,2.00,36.40,1.9986e+22,95.66,95.00,28.00,6.3114e+20,1.73,3.00,16.00,-999.900
59000.0,236.000,57.40,107.00,2811.500,2575.500,1.136,173.5,4.814e+01,9.281e-04,45.998,43.758,269.5,1.465e+05,0.000,368.941,175.0,3.328e+01,6.361e-04,0.0,8.437e-04,1.021e-03,8.231e-04,-11.3,9.55,286.2,24.91,45.9,32.7,60.5,29.4,33.0,0.0,-50.9,14.3,-17.9,14.3,40.0,40.0,137.04,17.72,154.59,15.17,52.94,74.95,9.94,1377648.0,2.0099e+22,2.990e+02,1.400e+00,27.808,1.0000,4.0199e+20,2.62,2.00,36.40,1.9094e+22,95.66,95.00,28.00,6.0298e+20,1.73,3.00,16.00,-999.900
59500.0,238.000,57.70,107.50,2813.500,2575.500,1.134,173.9,4.611e+01,8.869e-04,46.007,43.752,269.8,1.465e+05,0.000,370.991,175.2,3.187e+01,6.084e-04,0.0,8.062e-04,9.756e-04,8.012e-04,-9.7,9.55,283.9,24.57,45.8,32.5,60.4,31.7,32.2,0.0,-47.8,16.2,-15.6,16.2,40.3,40.3,137.04,17.72,154.72,15.15,52.91,74.95,9.94,1377648.0,1.9206e+22,2.990e+02,1.400e+00,27.808,1.0000,3.8412e+20,2.62,2.00,36.40,1.8246e+22,95.66,95.00,28.00,5.7618e+20,1.73,3.00,16.00,-999.900
60000.0,240.000,58.00,108.00,2815.500,2575.500,1.133,174.3,4.416e+01,8.474e-04,46.015,43.746,270.1,1.465e+05,0.000,373.040,175.4,3.052e+01,5.819e-04,0.0,7.704e-04,9.322e-04,8.314e-04,-1.9,9.55,272.7,24.23,45.6,32.4,60.2,42.9,31.4,0.0,-53.6,5.2,-22.2,5.2,40.6,40.6,137.04,17.72,154.85,15.12,52.88,74.95,9.94,1377648.0,1.8352e+22,2.990e+02,1.400e+00,27.808,1.0000,3.6704e+20,2.62,2.00,36.40,1.7435e+22,95.66,95.00,28.00,5.5057e+20,1.73,3.00,16.00,-999.900
60500.0,242.000,58.30,108.50,2817.500,2575.500,1.131,174.7,4.230e+01,8.097e-04,46.023,43.739,270.5,1.465e+05,0.000,375.088,175.6,2.923e+01,5.568e-04,0.0,7.361e-04,8.907e-04,7.904e-04,-2.4,9.55,273.8,23.89,45.4,32.2,60.0,42.0,30.5,0.0,-70.0,26.0,-39.5,26.0,40.9,40.9,137.04,17.72,154.98,15.10,52.86,74.95,9.94,1377648.0,1.7536e+22,2.990e+02,1.400e+00,27.808,1.0000,3.5071e+20,2.62,2.00,36.40,1.6659e+22,95.66,95.00,28.00,5.2607e+20,1.73,3.00,16.00,-999.900
61000.0,244.000,58.60,109.00,2819.500,2575.500,1.129,175.1,4.052e+01,7.737e-04,46.031,43.732,270.8,1.465e+05,0.000,377.136,175.8,2.800e+01,5.328e-04,0.0,7.033e-04,8.511e-04,7.596e-04,-1.8,9.55,273.3,23.55,45.2,32.0,59.7,42.6,29.7,0.0,-43.5,36.0,-13.9,36.0,41.2,41.2,137.04,17.72,155.11,15.07,52.85,74.95,9.94,1377648.0,1.6755e+22,2.990e+02,1.400e+00,27.808,1.0000,3.3510e+20,2.62,2.00,36.40,1.5917e+22,95.66,95.00,28.00,5.0265e+20,1.73,3.00,16.00,-999.900
61500.0,246.000,58.90,109.50,2821.500,2575.500,1.128,175.6,3.883e+01,7.398e-04,47.037,44.812,271.1,1.465e+05,0.000,387.373,176.0,2.682e+01,5.099e-04,0.0,6.725e-04,8.138e-04,7.284e-04,-1.5,9.55,273.2,23.29,45.1,31.9,59.6,42.9,29.1,0.0,-48.7,40.5,-19.5,40.5,41.4,41.4,137.04,17.72,155.24,15.05,52.84,74.95,9.94,1377648.0,1.6021e+22,2.990e+02,1.400e+00,27.808,1.0000,3.2041e+20,2.62,2.00,36.40,1.5220e+22,95.66,95.00,28.00,4.8062e+20,1.73,3.00,16.00,-999.900
62000.0,248.000,59.20,110.00,2823.500,2575.500,1.126,176.0,3.723e+01,7.076e-04,47.045,44.825,271.4,1.465e+05,0.000,389.427,176.1,2.570e+01,4.880e-04,0.0,6.433e-04,7.783e-04,6.375e-04,-9.9,9.55,285.9,23.05,45.0,31.8,59.5,30.6,28.7,0.0,-16.9,82.0,11.9,82.0,41.7,41.7,137.04,17.72,155.37,15.02,52.83,74.95,9.94,1377648.0,1.5324e+22,2.990e+02,1.400e+00,27.808,1.0000,3.0647e+20,2.62,2.00,36.40,1.4557e+22,95.66,95.00,28.00,4.5971e+20,1.73,3.00,16.00,-999.900
62500.0,250.000,59.50,110.50,2825.500,2575.500,1.125,176.4,3.569e+01,6.768e-04,47.053,44.839,271.7,1.465e+05,0.000,391.480,176.3,2.462e+01,4.671e-04,0.0,6.153e-04,7.445e-04,6.612e-04,-2.3,9.55,274.9,22.82,44.9,31.7,59.4,41.6,28.3,0.0,-9.3,103.1,19.0,103.1,42.0,42.0,137.04,17.72,155.50,15.00,52.83,74.96,9.94,1377648.0,1.4657e+22,2.990e+02,1.400e+00,27.808,1.0000,2.9314e+20,2.62,2.00,36.40,1.3924e+22,95.66,95.00,28.00,4.3970e+20,1.73,3.00,16.00,-999.900
63000.0,252.000,59.80,111.00,2827.500,2575.500,1.123,176.8,3.421e+01,6.474e-04,47.061,44.852,272.0,1.465e+05,0.000,393.532,176.5,2.360e+01,4.473e-04,0.0,5.885e-04,7.121e-04,6.480e-04,0.1,9.55,271.9,22.58,44.7,31.6,59.2,44.9,27.9,0.0,10.8,97.1,38.7,97.1,42.3,42.3,137.04,17.72,155.63,14.98,52.84,74.96,9.94,1377648.0,1.4019e+22,2.990e+02,1.400e+00,27.808,1.0000,2.8038e+20,2.62,2.00,36.40,1.3318e+22,95.66,95.00,28.00,4.2058e+20,1.73,3.00,16.00,-999.900
63500.0,254.000,60.10,111.50,2829.500,2575.500,1.121,177.1,3.279e+01,6.191e-04,47.067,44.868,272.3,1.465e+05,0.000,395.581,176.6,2.261e+01,4.283e-04,0.0,5.629e-04,6.811e-04,6.501e-04,5.0,9.55,265.8,22.36,44.6,31.4,59.0,51.8,27.5,0.0,6.3,94.8,33.8,94.8,42.6,42.6,137.04,17.72,155.76,14.95,52.85,74.96,9.94,1377648.0,1.3408e+22,2.990e+02,1.400e+00,27.808,1.0000,2.6817e+20,2.62,2.00,36.40,1.2738e+22,95.66,95.00,28.00,4.0225e+20,1.73,3.00,16.00,-999.900
64000.0,256.000,60.40,112.00,2831.500,2575.500,1.120,177.5,3.143e+01,5.921e-04,47.072,44.890,272.6,1.465e+05,0.000,397.625,176.7,2.167e+01,4.101e-04,0.0,5.382e-04,6.513e-04,6.622e-04,11.8,9.55,257.8,22.14,44.4,31.2,58.8,61.5,27.2,0.0,-2.4,94.9,24.8,94.9,42.8,42.8,137.04,17.72,155.89,14.93,52.86,74.96,9.94,1377648.0,1.2822e+22,2.990e+02,1.400e+00,27.808,1.0000,2.5644e+20,2.62,2.00,36.40,1.2181e+22,95.66,95.00,28.00,3.8466e+20,1.73,3.00,16.00,-999.900
64500.0,258.000,60.70,112.50,2833.500,2575.500,1.118,177.9,3.012e+01,5.662e-04,47.077,44.911,272.9,1.465e+05,0.000,399.669,176.9,2.077e+01,3.928e-04,0.0,5.147e-04,6.228e-04,6.259e-04,10.5,9.55,259.6,21.93,44.1,31.0,58.5,59.3,26.8,0.0,-6.0,49.0,20.8,49.0,43.1,43.1,137.04,17.72,156.02,14.90,52.88,74.96,9.94,1377648.0,1.2262e+22,2.990e+02,1.400e+00,27.808,1.0000,2.4523e+20,2.62,2.00,36.40,1.1649e+22,95.66,95.00,28.00,3.6785e+20,1.73,3.00,16.00,-999.900
65000.0,260.000,61.00,113.00,2835.500,2575.500,1.117,177.9,2.887e+01,5.427e-04,47.616,47.641,272.9,1.465e+05,0.000,406.256,177.0,1.991e+01,3.763e-04,0.0,4.934e-04,5.970e-04,6.308e-04,16.2,9.55,253.2,21.75,44.2,31.1,58.7,67.7,26.6,0.0,34.5,35.3,61.1,35.3,43.4,43.4,137.04,17.72,156.15,14.88,52.90,74.96,9.94,1377648.0,1.1753e+22,2.990e+02,1.400e+00,27.808,1.0000,2.3500e+20,2.62,2.00,36.40,1.1165e+22,95.66,95.00,28.00,3.5268e+20,1.73,3.00,16.00,-999.900
65500.0,262.000,61.30,113.50,2837.500,2575.500,1.115,177.9,2.768e+01,5.203e-04,47.649,47.711,272.9,1.465e+05,0.000,408.544,177.1,1.909e+01,3.605e-04,0.0,4.730e-04,5.724e-04,6.205e-04,19.3,9.55,249.9,21.57,44.3,31.2,58.8,72.1,26.4,0.0,24.0,23.5,50.4,23.5,43.7,43.7,137.04,17.72,156.28,14.85,52.93,74.96,9.94,1377648.0,1.1269e+22,2.990e+02,1.400e+00,27.808,1.0000,2.2533e+20,2.62,2.00,36.40,1.0705e+22,95.66,95.00,28.00,3.3816e+20,1.73,3.00,16.00,-999.900
66000.0,264.000,61.60,114.00,2839.500,2575.500,1.113,177.9,2.654e+01,4.990e-04,47.760,47.931,272.9,1.465e+05,0.000,411.507,177.3,1.831e+01,3.454e-04,0.0,4.536e-04,5.489e-04,5.755e-04,15.3,9.55,254.1,21.39,44.5,31.3,58.9,66.6,26.2,0.0,18.2,24.8,44.4,24.8,44.0,44.0,137.04,17.72,156.41,14.83,52.97,74.96,9.94,1377648.0,1.0806e+22,2.990e+02,1.400e+00,27.808,1.0000,2.1602e+20,2.62,2.00,36.40,1.0265e+22,95.66,95.00,28.00,3.2436e+20,1.73,3.00,16.00,-999.900
66500.0,266.000,61.90,114.50,2841.500,2575.500,1.112,177.9,2.545e+01,4.785e-04,47.790,48.005,272.9,1.465e+05,0.000,413.771,177.4,1.755e+01,3.310e-04,0.0,4.350e-04,5.263e-04,5.733e-04,19.8,9.55,249.3,21.22,44.6,31.4,59.0,73.2,26.0,0.0,25.7,55.9,51.7,55.9,44.2,44.2,137.05,17.72,156.55,14.80,53.01,74.96,9.94,1377648.0,1.0363e+22,2.990e+02,1.400e+00,27.808,1.0000,2.0716e+20,2.62,2.00,36.40,9.8443e+21,95.66,95.00,28.00,3.1106e+20,1.73,3.00,16.00,-999.900
67000.0,268.000,62.20,115.00,2843.500,2575.500,1.110,177.8,2.440e+01,4.589e-04,47.818,48.070,272.9,1.465e+05,0.000,416.023,177.5,1.683e+01,3.172e-04,0.0,4.172e-04,5.048e-04,5.347e-04,16.5,9.55,252.8,21.04,44.7,31.5,59.1,68.5,25.8,0.0,67.0,36.8,92.8,36.8,44.5,44.5,137.05,17.72,156.68,14.78,53.05,74.96,9.94,1377648.0,9.9385e+21,2.990e+02,1.400e+00,27.808,1.0000,1.9869e+20,2.62,2.00,36.40,9.4415e+21,95.66,95.00,28.00,2.9834e+20,1.73,3.00,16.00,-999.900
67500.0,270.000,62.50,115.50,2845.500,2575.500,1.109,177.8,2.340e+01,4.402e-04,47.915,48.285,272.8,1.465e+05,0.000,418.881,177.6,1.614e+01,3.040e-04,0.0,4.002e-04,4.842e-04,5.071e-04,15.2,9.55,254.2,20.87,44.8,31.6,59.3,66.8,25.6,0.0,35.9,18.6,61.5,18.6,44.8,44.8,137.05,17.72,156.81,14.75,53.10,74.96,9.94,1377648.0,9.5326e+21,2.990e+02,1.400e+00,27.808,1.0000,1.9053e+20,2.62,2.00,36.40,9.0559e+21,95.66,95.00,28.00,2.8624e+20,1.73,3.00,16.00,-999.900
68000.0,272.000,62.80,116.00,2847.500,2575.500,1.107,177.7,2.243e+01,4.222e-04,47.939,48.349,272.8,1.465e+05,0.000,421.108,177.7,1.548e+01,2.915e-04,0.0,3.838e-04,4.645e-04,4.744e-04,12.4,9.55,257.3,20.70,44.9,31.7,59.3,62.8,25.4,0.0,28.6,-30.2,54.0,-30.2,45.0,45.0,137.05,17.72,156.94,14.73,53.15,74.96,9.94,1377648.0,9.1440e+21,2.990e+02,1.400e+00,27.808,1.0000,1.8276e+20,2.62,2.00,36.40,8.6867e+21,95.66,95.00,28.00,2.7457e+20,1.73,3.00,16.00,-999.900
68500.0,274.000,63.10,116.50,2849.500,2575.500,1.106,177.6,2.151e+01,4.050e-04,48.024,48.546,272.7,1.465e+05,0.000,423.870,177.8,1.485e+01,2.794e-04,0.0,3.682e-04,4.455e-04,4.517e-04,11.5,9.55,258.2,20.53,45.0,31.8,59.4,61.7,25.2,0.0,-8.3,-61.2,16.9,-61.2,45.0,45.0,137.05,17.72,157.07,14.70,53.21,74.96,9.94,1377648.0,8.7719e+21,2.990e+02,1.400e+00,27.807,1.0000,1.7529e+20,2.62,2.00,36.40,8.3331e+21,95.66,95.00,28.00,2.6349e+20,1.73,3.00,16.00,-999.900
69000.0,276.000,63.40,117.00,2851.500,2575.500,1.104,177.5,2.063e+01,3.886e-04,48.045,48.613,272.6,1.465e+05,0.000,426.071,177.8,1.425e+01,2.679e-04,0.0,3.533e-04,4.274e-04,4.378e-04,12.7,9.55,256.9,20.36,45.0,31.8,59.5,63.4,25.0,0.0,-9.9,-70.2,15.1,-70.2,45.0,45.0,137.05,17.72,157.20,14.68,53.28,74.96,9.94,1377648.0,8.4155e+21,2.990e+02,1.400e+00,27.807,1.0000,1.6817e+20,2.62,2.00,36.40,7.9946e+21,95.66,95.00,28.00,2.5278e+20,1.73,3.00,16.00,-999.900
69500.0,278.000,63.70,117.50,2853.500,2575.500,1.103,177.4,1.978e+01,3.728e-04,48.064,48.669,272.6,1.465e+05,0.000,428.258,177.9,1.367e+01,2.569e-04,0.0,3.389e-04,4.101e-04,4.208e-04,12.9,9.55,256.5,20.19,45.1,31.9,59.6,63.8,24.8,0.0,29.1,-37.4,53.9,-37.4,45.0,45.0,137.05,17.72,157.33,14.66,53.34,74.96,9.94,1377648.0,8.0742e+21,2.990e+02,1.400e+00,27.807,1.0000,1.6134e+20,2.62,2.00,36.40,7.6703e+21,95.66,95.00,28.00,2.4253e+20,1.73,3.00,16.00,-999.900
70000.0,280.000,64.00,118.00,2855.500,2575.500,1.101,177.3,1.897e+01,3.577e-04,48.135,48.861,272.5,1.465e+05,0.000,430.908,178.0,1.311e+01,2.464e-04,0.0,3.252e-04,3.935e-04,3.923e-04,9.7,9.55,260.2,20.02,45.2,32.0,59.7,59.2,24.6,0.0,50.1,-32.2,74.7,-32.2,45.0,45.0,137.05,17.72,157.46,14.63,53.42,74.96,9.94,1377648.0,7.7472e+21,2.990e+02,1.400e+00,27.807,1.0000,1.5477e+20,2.62,2.00,36.40,7.3596e+21,95.66,95.00,28.00,2.3279e+20,1.73,3.00,16.00,-999.900
70500.0,282.000,64.30,118.50,2857.500,2575.500,1.099,177.2,1.819e+01,3.433e-04,48.150,48.916,272.4,1.465e+05,0.000,433.069,178.0,1.258e+01,2.364e-04,0.0,3.121e-04,3.776e-04,3.901e-04,13.6,9.55,255.5,19.86,45.2,32.0,59.7,65.0,24.4,0.0,86.1,-28.8,110.5,-28.8,45.0,45.0,137.05,17.72,157.59,14.61,53.49,74.96,9.94,1377648.0,7.4339e+21,2.990e+02,1.400e+00,27.807,1.0000,1.4851e+20,2.62,2.00,36.40,7.0620e+21,95.66,95.00,28.00,2.2337e+20,1.73,3.00,16.00,-999.900
71000.0,284.000,64.60,119.00,2859.500,2575.500,1.098,177.0,1.744e+01,3.294e-04,48.208,49.088,272.3,1.465e+05,0.000,435.617,178.1,1.207e+01,2.267e-04,0.0,2.994e-04,3.623e-04,3.563e-04,8.2,9.55,261.8,19.70,45.3,32.1,59.8,57.1,24.2,0.0,71.0,-38.3,95.2,-38.3,45.0,45.0,137.05,17.72,157.72,14.58,53.58,74.96,9.94,1377648.0,7.1336e+21,2.990e+02,1.400e+00,27.807,1.0000,1.4248e+20,2.61,2.00,36.40,6.7767e+21,95.66,95.00,28.00,2.1443e+20,1.73,3.01,16.00,-999.900
71500.0,286.000,64.90,119.50,2861.500,2575.500,1.096,176.9,1.672e+01,3.161e-04,48.220,49.146,272.1,1.465e+05,0.000,437.751,178.1,1.158e+01,2.175e-04,0.0,2.874e-04,3.477e-04,3.435e-04,8.7,9.55,261.1,19.53,45.3,32.1,59.8,57.9,24.0,0.0,79.1,-43.0,103.1,-43.0,45.0,45.0,137.05,17.72,157.85,14.56,53.66,74.96,9.94,1377648.0,6.8458e+21,2.990e+02,1.400e+00,27.807,1.0000,1.3673e+20,2.61,2.00,36.40,6.5033e+21,95.66,95.00,28.00,2.0578e+20,1.73,3.01,16.00,-999.900
72000.0,288.000,65.20,120.00,2863.500,2575.500,1.095,176.7,1.603e+01,3.034e-04,48.266,49.075,272.0,1.465e+05,0.000,440.194,178.1,1.112e+01,2.087e-04,0.0,2.758e-04,3.337e-04,3.402e-04,12.1,9.55,256.9,19.37,45.3,32.1,59.9,63.0,23.8,0.0,73.9,-76.2,97.7,-76.2,45.0,45.0,137.05,17.72,157.98,14.53,53.75,74.96,9.94,1377648.0,6.5700e+21,2.990e+02,1.400e+00,27.807,1.0000,1.3119e+20,2.61,2.00,36.40,6.2412e+21,95.66,95.00,28.00,1.9756e+20,1.73,3.01,16.00,-999.900
72500.0,290.000,65.50,120.50,2865.500,2575.500,1.093,176.6,1.537e+01,2.912e-04,48.274,49.359,271.9,1.465e+05,0.000,442.300,178.2,1.067e+01,2.003e-04,0.0,2.647e-04,3.203e-04,2.999e-04,3.0,9.55,267.9,19.21,45.4,32.2,59.9,49.8,23.6,0.0,89.2,-60.2,112.8,-60.2,45.0,45.0,137.05,17.72,158.11,14.51,53.85,74.96,9.94,1377648.0,6.3055e+21,2.990e+02,1.400e+00,27.807,1.0000,1.2591e+20,2.61,2.00,36.40,5.9900e+21,95.66,95.00,28.00,1.8960e+20,1.73,3.01,16.00,-999.900
73000.0,292.000,65.80,121.00,2867.500,2575.500,1.092,176.4,1.474e+01,2.794e-04,48.280,49.405,271.7,1.465e+05,0.000,444.391,178.2,1.024e+01,1.922e-04,0.0,2.540e-04,3.074e-04,2.853e-04,2.1,9.55,269.0,19.05,45.4,32.2,59.9,48.4,23.4,0.0,99.1,-57.7,122.5,-57.7,45.0,45.0,137.05,17.72,158.24,14.48,53.95,74.96,9.94,1377648.0,6.0519e+21,2.990e+02,1.400e+00,27.807,1.0000,1.2084e+20,2.61,2.00,36.40,5.7491e+21,95.66,95.00,28.00,1.8198e+20,1.73,3.01,16.00,-999.900
73500.0,294.000,66.10,121.50,2869.500,2575.500,1.090,176.2,1.413e+01,2.682e-04,48.312,49.552,271.6,1.465e+05,0.000,446.715,178.2,9.829e+00,1.845e-04,0.0,2.438e-04,2.950e-04,2.675e-04,-0.3,9.55,271.9,18.89,45.4,32.2,59.9,45.0,23.2,0.0,69.2,-58.8,92.4,-58.8,45.0,45.0,137.05,17.72,158.37,14.46,54.05,74.96,9.94,1377648.0,5.8087e+21,2.990e+02,1.400e+00,27.807,1.0000,1.1596e+20,2.61,2.00,36.40,5.5181e+21,95.66,95.00,28.00,1.7473e+20,1.73,3.01,16.00,-999.900
74000.0,296.000,66.40,122.00,2871.500,2575.500,1.089,176.0,1.355e+01,2.574e-04,48.314,49.599,271.4,1.465e+05,0.000,448.778,178.2,9.435e+00,1.771e-04,0.0,2.340e-04,2.832e-04,2.516e-04,-2.3,9.55,274.5,18.73,45.4,32.2,59.9,42.1,23.0,0.0,83.5,-46.1,106.5,-46.1,45.0,45.0,137.05,17.72,158.50,14.43,54.16,74.96,9.94,1377648.0,5.5755e+21,2.990e+02,1.400e+00,27.807,1.0000,1.1130e+20,2.61,2.00,36.40,5.2965e+21,95.66,95.00,28.00,1.6772e+20,1.73,3.01,16.00,-999.900
74500.0,298.000,66.70,122.50,2873.500,2575.500,1.087,175.8,1.299e+01,2.471e-04,48.333,49.672,271.3,1.465e+05,0.000,450.994,178.2,9.058e+00,1.700e-04,0.0,2.246e-04,2.718e-04,2.340e-04,-5.3,9.55,278.8,18.58,45.4,32.1,59.9,37.6,22.8,0.0,78.2,-33.6,101.0,-33.6,45.0,45.0,137.05,17.72,158.63,14.41,54.28,74.96,9.94,1377648.0,5.3518e+21,2.990e+02,1.400e+00,27.807,1.0000,1.0681e+20,2.61,2.00,36.40,5.0839e+21,95.66,94.99,28.00,1.6105e+20,1.73,3.01,16.00,-999.900
75000.0,300.000,67.00,123.00,2875.500,2575.500,1.086,175.5,1.245e+01,2.372e-04,48.333,49.774,271.1,1.465e+05,0.000,453.027,178.2,8.695e+00,1.632e-04,0.0,2.156e-04,2.609e-04,2.309e-04,-2.6,9.55,274.8,18.42,45.3,32.1,59.9,41.5,22.6,0.0,42.1,-51.4,64.7,-51.4,45.0,45.0,137.05,17.72,158.76,14.38,54.39,74.96,9.94,1377648.0,5.1373e+21,2.990e+02,1.400e+00,27.807,1.0000,1.0253e+20,2.61,2.00,36.40,4.8802e+21,95.66,94.99,28.00,1.5459e+20,1.73,3.01,16.00,-999.900
75500.0,302.000,67.30,123.50,2877.500,2575.500,1.084,175.3,1.193e+01,2.277e-04,48.330,49.810,270.9,1.465e+05,0.000,455.047,178.2,8.348e+00,1.567e-04,0.0,2.070e-04,2.505e-04,2.165e-04,-4.9,9.55,277.8,18.27,45.3,32.1,59.8,38.2,22.4,0.0,37.7,-48.4,60.1,-48.4,45.0,45.0,137.05,17.72,158.90,14.36,54.52,74.96,9.94,1377648.0,4.9313e+21,2.990e+02,1.400e+00,27.807,1.0000,9.8416e+19,2.61,2.00,36.40,4.6845e+21,95.66,94.99,28.00,1.4840e+20,1.73,3.01,16.00,-999.900
76000.0,304.000,67.60,124.00,2879.500,2575.500,1.083,175.0,1.144e+01,2.186e-04,48.335,49.929,270.7,1.465e+05,0.000,457.138,178.1,8.015e+00,1.505e-04,0.0,1.987e-04,2.404e-04,2.017e-04,-7.7,9.55,281.8,18.12,45.3,32.0,59.8,34.0,22.2,0.0,27.5,-45.2,49.8,-45.2,45.0,45.0,137.05,17.72,159.03,14.34,54.64,74.96,9.94,1377648.0,4.7338e+21,2.990e+02,1.400e+00,27.806,1.0000,9.4448e+19,2.61,2.00,36.40,4.4969e+21,95.66,94.99,28.00,1.4251e+20,1.73,3.01,16.00,-999.900
76500.0,306.000,67.90,124.50,2881.500,2575.500,1.081,174.8,1.096e+01,2.098e-04,48.329,49.965,270.5,1.465e+05,0.000,459.129,178.1,7.696e+00,1.445e-04,0.0,1.907e-04,2.308e-04,1.921e-04,-8.5,9.55,282.7,17.96,45.2,32.0,59.7,32.9,22.0,0.0,6.8,-35.4,28.8,-35.4,45.0,45.0,137.05,17.72,159.16,14.31,54.77,74.96,9.94,1377648.0,4.5442e+21,2.990e+02,1.400e+00,27.806,1.0000,9.0664e+19,2.61,2.00,36.40,4.3167e+21,95.66,94.99,28.00,1.3680e+20,1.73,3.01,16.00,-999.900
77000.0,308.000,68.20,125.00,2883.500,2575.500,1.080,174.5,1.051e+01,2.014e-04,48.321,50.040,270.3,1.465e+05,0.000,461.112,178.1,7.390e+00,1.388e-04,0.0,1.831e-04,2.216e-04,1.821e-04,-9.6,9.55,284.3,17.81,45.1,31.9,59.6,31.2,21.8,0.0,9.9,-1.8,31.7,-1.8,45.0,45.0,137.05,17.72,159.29,14.29,54.91,74.96,9.94,1377648.0,4.3621e+21,2.990e+02,1.400e+00,27.806,1.0000,8.7007e+19,2.61,1.99,36.40,4.1438e+21,95.66,94.99,28.00,1.3138e+20,1.73,3.01,16.00,-999.900
77500.0,310.000,68.50,125.50,2885.500,2575.500,1.078,174.2,1.007e+01,1.933e-04,48.312,50.100,270.1,1.465e+05,0.000,463.073,178.0,7.096e+00,1.333e-04,0.0,1.758e-04,2.127e-04,1.832e-04,-5.2,9.55,277.4,17.66,45.0,31.8,59.5,37.4,21.6,0.0,37.3,-41.5,58.9,-41.5,45.0,45.0,137.05,17.72,159.42,14.26,55.05,74.96,9.94,1377648.0,4.1874e+21,2.990e+02,1.400e+00,27.806,1.0000,8.3521e+19,2.61,1.99,36.40,3.9778e+21,95.66,94.99,28.00,1.2612e+20,1.73,3.01,16.00,-999.900
78000.0,312.000,68.80,126.00,2887.500,2575.500,1.077,173.9,9.651e+00,1.856e-04,48.300,50.125,269.8,1.465e+05,0.000,465.019,177.9,6.814e+00,1.281e-04,0.0,1.687e-04,2.042e-04,1.828e-04,-1.5,9.55,271.9,17.51,44.9,31.7,59.4,42.7,21.4,0.0,34.7,-38.1,56.2,-38.1,45.0,45.0,137.05,17.72,159.55,14.24,55.19,74.96,9.94,1377648.0,4.0196e+21,2.990e+02,1.400e+00,27.806,1.0000,8.0175e+19,2.61,1.99,36.40,3.8184e+21,95.66,94.99,28.00,1.2106e+20,1.73,3.01,16.00,-999.900
78500.0,314.000,69.10,126.50,2889.500,2575.500,1.075,173.6,9.248e+00,1.782e-04,48.279,50.214,269.6,1.465e+05,0.000,466.878,177.9,6.544e+00,1.230e-04,0.0,1.620e-04,1.960e-04,1.768e-04,-0.8,9.55,270.7,17.37,44.8,31.6,59.3,43.7,21.2,0.0,19.0,-58.5,40.2,-58.5,45.0,45.0,137.05,17.72,159.68,14.21,55.34,74.96,9.94,1377648.0,3.8586e+21,2.990e+02,1.400e+00,27.806,1.0000,7.6940e+19,2.61,1.99,36.40,3.6654e+21,95.66,94.99,28.00,1.1626e+20,1.73,3.01,16.00,-999.900
79000.0,316.000,69.40,127.00,2891.500,2575.500,1.074,173.3,8.861e+00,1.710e-04,48.264,50.238,269.4,1.465e+05,0.000,468.796,177.8,6.285e+00,1.182e-04,0.0,1.555e-04,1.881e-04,1.747e-04,2.1,9.55,266.5,17.22,44.7,31.5,59.1,47.8,21.0,0.0,3.8,-69.4,24.9,-69.4,45.0,45.0,137.05,17.72,159.81,14.19,55.49,74.97,9.94,1377648.0,3.7039e+21,2.990e+02,1.400e+00,27.806,1.0000,7.3856e+19,2.61,1.99,36.40,3.5185e+21,95.66,94.99,28.00,1.1160e+20,1.73,3.01,16.00,-999.900
79500.0,318.000,69.70,127.50,2893.500,2575.500,1.072,172.9,8.490e+00,1.642e-04,48.232,50.296,269.1,1.465e+05,0.000,470.545,177.7,6.036e+00,1.136e-04,0.0,1.492e-04,1.806e-04,1.629e-04,-0.8,9.55,270.2,17.07,44.5,31.4,59.0,43.4,20.8,0.0,11.3,-33.5,32.1,-33.5,45.0,45.0,137.05,17.72,159.94,14.16,55.64,74.97,9.94,1377648.0,3.5554e+21,2.990e+02,1.400e+00,27.806,1.0000,7.0872e+19,2.61,1.99,36.40,3.3774e+21,95.66,94.99,28.00,1.0718e+20,1.73,3.01,16.00,-999.900
80000.0,320.000,70.00,128.00,2895.500,2575.500,1.071,172.6,8.133e+00,1.576e-04,48.213,50.331,268.8,1.465e+05,0.000,472.434,177.6,5.797e+00,1.091e-04,0.0,1.433e-04,1.733e-04,1.595e-04,1.2,9.55,267.2,16.93,44.4,31.2,58.8,46.1,20.6,0.0,24.6,-43.2,45.2,-43.2,45.0,45.0,137.05,17.72,160.07,14.14,55.80,74.97,9.94,1377648.0,3.4128e+21,2.990e+02,1.400e+00,27.806,1.0000,6.8029e+19,2.61,1.99,36.40,3.2419e+21,95.66,94.99,28.00,1.0288e+20,1.73,3.01,16.00,-999.900
80500.0,322.000,70.30,128.50,2897.500,2575.500,1.069,172.3,7.792e+00,1.513e-04,48.197,50.350,268.6,1.465e+05,0.000,474.339,177.5,5.568e+00,1.049e-04,0.0,1.375e-04,1.664e-04,1.492e-04,-1.3,9.55,270.4,16.79,44.2,31.1,58.6,42.3,20.5,0.0,17.6,-44.1,38.0,-44.1,45.0,45.0,137.05,17.72,160.20,14.11,55.96,74.97,9.94,1377648.0,3.2759e+21,2.990e+02,1.400e+00,27.806,1.0000,6.5301e+19,2.61,1.99,36.40,3.1118e+21,95.66,94.99,28.00,9.8750e+19,1.73,3.01,16.00,-999.900
81000.0,324.000,70.60,129.00,2899.500,2575.500,1.068,171.9,7.464e+00,1.452e-04,48.155,50.412,268.3,1.465e+05,0.000,475.996,177.4,5.348e+00,1.008e-04,0.0,1.320e-04,1.597e-04,1.373e-04,-5.5,9.55,275.9,16.64,44.0,30.9,58.4,36.1,20.3,0.0,9.0,-50.6,29.3,-50.6,45.0,45.0,137.05,17.72,160.33,14.09,56.13,74.97,9.94,1377648.0,3.1444e+21,2.990e+02,1.400e+00,27.805,1.0000,6.2660e+19,2.61,1.99,36.40,2.9869e+21,95.66,94.99,28.00,9.4831e+19,1.74,3.02,16.00,-999.900
81500.0,326.000,70.90,129.50,2901.500,2575.500,1.066,171.6,7.149e+00,1.394e-04,48.135,50.429,268.0,1.465e+05,0.000,477.871,177.3,5.137e+00,9.690e-05,0.0,1.267e-04,1.533e-04,1.381e-04,-0.9,9.55,269.2,16.50,43.8,30.7,58.2,42.5,20.1,0.0,-3.7,-59.8,16.4,-59.8,45.0,45.0,137.05,17.72,160.46,14.06,56.30,74.97,9.94,1377648.0,3.0182e+21,2.990e+02,1.400e+00,27.805,1.0000,6.0144e+19,2.61,1.99,36.40,2.8670e+21,95.66,94.99,28.00,9.1023e+19,1.74,3.02,16.00,-999.900
82000.0,328.000,71.20,130.00,2903.500,2575.500,1.065,171.2,6.847e+00,1.338e-04,48.082,50.467,267.7,1.465e+05,0.000,479.420,177.2,4.935e+00,9.315e-05,0.0,1.216e-04,1.471e-04,1.336e-04,-0.1,9.55,267.9,16.37,43.6,30.5,57.9,43.4,19.9,0.0,-14.9,-76.6,5.0,-76.6,45.0,45.0,137.05,17.72,160.59,14.04,56.47,74.97,9.94,1377648.0,2.8969e+21,2.990e+02,1.400e+00,27.805,1.0000,5.7707e+19,2.61,1.99,36.40,2.7518e+21,95.66,94.99,28.00,8.7407e+19,1.74,3.02,16.00,-999.900
82500.0,330.000,71.50,130.50,2905.500,2575.500,1.063,170.8,6.558e+00,1.284e-04,48.059,50.488,267.5,1.465e+05,0.000,481.266,177.0,4.740e+00,8.955e-05,0.0,1.167e-04,1.412e-04,1.238e-04,-3.6,9.55,272.4,16.23,43.4,30.3,57.7,38.2,19.7,0.0,-34.2,-58.7,-14.5,-58.7,45.0,45.0,137.05,17.72,160.72,14.01,56.65,74.97,9.94,1377648.0,2.7803e+21,2.990e+02,1.400e+00,27.805,1.0000,5.5386e+19,2.61,1.99,36.40,2.6411e+21,95.66,94.99,28.00,8.3891e+19,1.74,3.02,16.00,-999.900
83000.0,332.000,71.80,131.00,2907.500,2575.500,1.062,170.4,6.279e+00,1.232e-04,47.995,50.338,267.2,1.465e+05,0.000,482.708,176.9,4.553e+00,8.609e-05,0.0,1.120e-04,1.355e-04,1.189e-04,-3.5,9.55,271.9,16.09,43.1,30.1,57.4,38.2,19.5,0.0,-38.5,-26.8,-18.9,-26.8,45.0,45.0,137.05,17.72,160.85,13.99,56.83,74.97,9.94,1377648.0,2.6684e+21,2.990e+02,1.400e+00,27.805,1.0000,5.3137e+19,2.61,1.99,36.40,2.5347e+21,95.66,94.99,28.00,8.0554e+19,1.74,3.02,16.00,-999.900
83500.0,334.000,72.10,131.50,2909.500,2575.500,1.061,170.1,6.012e+00,1.182e-04,47.968,50.525,266.8,1.465e+05,0.000,484.525,176.7,4.374e+00,8.277e-05,0.0,1.075e-04,1.301e-04,1.050e-04,-11.2,9.55,283.2,15.95,42.8,29.9,57.1,26.9,19.3,0.0,-58.4,-15.7,-39.0,-15.7,45.0,45.0,137.05,17.72,160.98,13.97,57.01,74.97,9.94,1377648.0,2.5608e+21,2.990e+02,1.400e+00,27.805,1.0000,5.0996e+19,2.61,1.99,36.40,2.4325e+21,95.66,94.99,28.00,7.7306e+19,1.74,3.02,16.00,-999.900
84000.0,336.000,72.40,132.00,2911.500,2575.500,1.059,169.6,5.756e+00,1.135e-04,47.940,50.529,266.5,1.465e+05,0.000,486.330,176.6,4.202e+00,7.959e-05,0.0,1.031e-04,1.248e-04,1.026e-04,-9.6,9.55,280.3,15.82,42.6,29.6,56.8,28.9,19.1,0.0,-48.5,-34.6,-29.3,-34.6,45.0,45.0,137.05,17.72,161.11,13.94,57.20,74.97,9.94,1377648.0,2.4575e+21,2.990e+02,1.400e+00,27.805,1.0000,4.8937e+19,2.61,1.99,36.40,2.3343e+21,95.66,94.99,28.00,7.4186e+19,1.74,3.02,16.00,-999.900
84500.0,338.000,72.70,132.50,2913.500,2575.500,1.058,169.2,5.510e+00,1.089e-04,47.864,50.539,266.2,1.465e+05,0.000,487.652,176.4,4.037e+00,7.654e-05,0.0,9.898e-05,1.198e-04,9.926e-05,-8.8,9.55,278.8,15.68,42.3,29.3,56.5,29.7,18.9,0.0,-22.4,-59.3,-3.4,-59.3,45.0,45.0,137.05,17.72,161.25,13.92,57.39,74.97,9.94,1377648.0,2.3581e+21,2.990e+02,1.400e+00,27.805,1.0000,4.6943e+19,2.61,1.99,36.40,2.2400e+21,95.66,94.99,28.00,7.1224e+19,1.74,3.02,16.00,-999.900
85000.0,340.000,73.00,133.00,2915.500,2575.500,1.056,168.8,5.274e+00,1.045e-04,47.833,50.544,265.9,1.465e+05,0.000,489.428,176.2,3.878e+00,7.360e-05,0.0,9.497e-05,1.149e-04,9.256e-05,-11.4,9.55,282.5,15.55,41.9,29.0,56.1,25.8,18.8,0.0,-28.2,-69.8,-9.4,-69.8,45.0,45.0,137.05,17.72,161.38,13.89,57.58,74.97,9.94,1377648.0,2.2627e+21,2.990e+02,1.400e+00,27.805,1.0000,4.5043e+19,2.61,1.99,36.40,2.1493e+21,95.66,94.99,28.00,6.8341e+19,1.74,3.02,16.00,-999.900
85500.0,342.000,73.30,133.50,2917.500,2575.500,1.055,168.4,5.047e+00,1.002e-04,47.747,50.509,265.5,1.465e+05,0.000,490.648,176.0,3.725e+00,7.079e-05,0.0,9.112e-05,1.103e-04,8.648e-05,-13.7,9.55,285.9,15.41,41.6,28.7,55.8,22.2,18.6,0.0,-18.9,-60.2,-0.3,-60.2,45.0,45.0,137.05,17.72,161.51,13.87,57.78,74.97,9.94,1377648.0,2.1710e+21,2.990e+02,1.400e+00,27.805,1.0000,4.3201e+19,2.61,1.99,36.40,2.0622e+21,95.66,94.99,28.00,6.5606e+19,1.74,3.02,16.00,-999.900
86000.0,344.000,73.60,134.00,2919.500,2575.500,1.053,167.9,4.830e+00,9.616e-05,47.713,50.537,265.2,1.465e+05,0.000,492.397,175.8,3.579e+00,6.808e-05,0.0,8.742e-05,1.058e-04,8.356e-05,-13.1,9.55,284.5,15.28,41.2,28.4,55.4,22.7,18.4,0.0,-6.0,-69.7,12.4,-69.7,45.0,45.0,137.05,17.72,161.64,13.84,57.98,74.97,9.94,1377648.0,2.0828e+21,2.990e+02,1.400e+00,27.805,1.0000,4.1446e+19,2.61,1.99,36.40,1.9784e+21,95.66,94.99,28.00,6.2941e+19,1.74,3.02,16.00,-999.900
86500.0,346.000,73.90,134.50,2921.500,2575.500,1.052,167.5,4.621e+00,9.225e-05,47.677,50.529,264.8,1.465e+05,0.000,494.134,175.6,3.438e+00,6.549e-05,0.0,8.387e-05,1.015e-04,7.714e-05,-16.4,9.55,289.6,15.15,40.9,28.1,55.0,17.8,18.2,0.0,21.5,-68.0,39.7,-68.0,45.0,45.0,137.05,17.72,161.77,13.82,58.18,74.97,9.94,1377648.0,1.9981e+21,2.990e+02,1.400e+00,27.805,1.0000,3.9760e+19,2.61,1.99,36.40,1.8979e+21,95.66,94.99,28.00,6.0380e+19,1.74,3.02,16.00,-999.900
87000.0,348.000,74.20,135.00,2923.500,2575.500,1.050,167.0,4.420e+00,8.849e-05,47.580,50.509,264.5,1.465e+05,0.000,495.241,175.4,3.303e+00,6.299e-05,0.0,8.045e-05,9.734e-05,7.340e-05,-17.1,9.55,290.4,15.02,40.5,27.7,54.5,16.5,18.0,0.0,3.7,-72.9,21.7,-72.9,45.0,45.0,137.05,17.72,161.90,13.79,58.39,74.97,9.94,1377648.0,1.9166e+21,2.990e+02,1.400e+00,27.804,1.0000,3.8125e+19,2.60,1.99,36.40,1.8205e+21,95.66,94.99,28.00,5.7951e+19,1.74,3.02,16.00,-999.900
87500.0,350.000,74.50,135.50,2925.500,2575.500,1.049,166.6,4.228e+00,8.488e-05,47.542,50.499,264.1,1.465e+05,0.000,496.952,175.2,3.174e+00,6.060e-05,0.0,7.716e-05,9.336e-05,7.078e-05,-16.6,9.55,289.2,14.89,40.1,27.3,54.1,16.8,17.8,0.0,9.4,-40.3,27.2,-40.3,45.0,45.0,137.05,17.72,162.03,13.77,58.60,74.97,9.94,1377648.0,1.8383e+21,2.990e+02,1.400e+00,27.804,1.0000,3.6568e+19,2.60,1.99,36.40,1.7462e+21,95.66,94.99,28.00,5.5584e+19,1.74,3.02,16.00,-999.900
88000.0,352.000,74.80,136.00,2927.500,2575.500,1.048,166.1,4.044e+00,8.140e-05,47.436,50.452,263.7,1.465e+05,0.000,497.963,174.9,3.049e+00,5.830e-05,0.0,7.400e-05,8.954e-05,6.800e-05,-16.5,9.55,288.6,14.81,39.6,26.9,53.6,16.6,17.6,0.0,9.5,-53.0,27.1,-53.0,45.0,45.0,137.05,17.72,162.16,13.74,58.81,74.97,9.94,1377648.0,1.7631e+21,2.990e+02,1.400e+00,27.804,1.0000,3.5057e+19,2.60,1.99,36.40,1.6747e+21,95.66,94.99,28.00,5.3339e+19,1.74,3.03,16.00,-999.900
88500.0,354.000,75.10,136.50,2929.500,2575.500,1.046,165.6,3.867e+00,7.806e-05,47.394,50.449,263.4,1.465e+05,0.000,499.649,174.7,2.929e+00,5.609e-05,0.0,7.096e-05,8.587e-05,6.249e-05,-20.0,9.55,294.4,14.74,39.2,26.5,53.1,11.4,17.4,0.0,13.5,-28.9,31.0,-28.9,45.0,45.0,137.05,17.72,162.29,13.72,59.02,74.97,9.94,1377648.0,1.6907e+21,2.990e+02,1.400e+00,27.804,1.0000,3.3619e+19,2.60,1.99,36.40,1.6060e+21,95.66,94.99,28.00,5.1150e+19,1.74,3.03,16.00,-999.900
89000.0,356.000,75.40,137.00,2931.500,2575.500,1.045,165.2,3.697e+00,7.485e-05,47.280,50.192,263.0,1.465e+05,0.000,500.569,174.4,2.814e+00,5.396e-05,0.0,6.805e-05,8.234e-05,6.414e-05,-14.3,9.55,284.1,14.66,38.7,26.1,52.6,18.9,17.3,0.0,36.3,-24.7,53.5,-24.7,45.0,45.0,137.05,17.72,162.42,13.69,59.24,74.97,9.94,1377648.0,1.6212e+21,2.990e+02,1.400e+00,27.804,1.0000,3.2223e+19,2.60,1.99,36.40,1.5399e+21,95.66,94.99,28.00,4.9076e+19,1.74,3.03,16.00,-999.900
89500.0,358.000,75.70,137.50,2933.500,2575.500,1.043,164.7,3.534e+00,7.176e-05,47.236,50.378,262.6,1.465e+05,0.000,502.232,174.1,2.703e+00,5.192e-05,0.0,6.524e-05,7.894e-05,6.044e-05,-15.8,9.55,286.1,14.59,38.2,25.6,52.0,16.4,17.1,0.0,24.3,-45.7,41.3,-45.7,45.0,45.0,137.05,17.72,162.55,13.67,59.46,74.97,9.94,1377648.0,1.5544e+21,2.990e+02,1.400e+00,27.804,1.0000,3.0895e+19,2.60,1.99,36.40,1.4764e+21,95.66,94.99,28.00,4.7052e+19,1.74,3.03,16.00,-999.900
90000.0,360.000,76.00,138.00,2935.500,2575.500,1.042,164.2,3.378e+00,6.880e-05,47.191,50.355,262.2,1.465e+05,0.000,503.884,173.8,2.597e+00,4.996e-05,0.0,6.254e-05,7.568e-05,5.735e-05,-16.6,9.55,287.2,14.51,37.7,25.2,51.5,14.8,16.9,0.0,29.7,-38.6,46.6,-38.6,45.0,45.0,137.05,17.72,162.68,13.65,59.69,74.97,9.94,1377648.0,1.4901e+21,2.990e+02,1.400e+00,27.804,1.0000,2.9618e+19,2.60,1.99,36.40,1.4154e+21,95.66,94.99,28.00,4.5107e+19,1.74,3.03,16.00,-999.900
90500.0,362.000,76.30,138.50,2937.500,2575.500,1.040,163.7,3.228e+00,6.595e-05,47.067,50.285,261.8,1.465e+05,0.000,504.704,173.6,2.495e+00,4.808e-05,0.0,5.995e-05,7.254e-05,5.403e-05,-18.1,9.55,289.2,14.44,37.2,24.7,50.9,12.4,16.7,0.0,0.5,-35.9,17.2,-35.9,45.0,45.0,137.05,17.72,162.81,13.62,59.91,74.97,9.94,1377648.0,1.4284e+21,2.990e+02,1.400e+00,27.803,1.0000,2.8378e+19,2.60,1.99,36.40,1.3567e+21,95.66,94.98,28.00,4.3263e+19,1.74,3.03,16.00,-999.900
91000.0,364.000,76.60,139.00,2939.500,2575.500,1.039,163.2,3.084e+00,6.320e-05,47.020,50.263,261.4,1.465e+05,0.000,506.335,173.3,2.397e+00,4.626e-05,0.0,5.746e-05,6.952e-05,5.393e-05,-14.7,9.55,283.0,14.36,36.6,24.2,50.3,16.6,16.5,0.0,25.7,8.5,42.2,8.5,45.0,45.0,137.05,17.72,162.94,13.60,60.14,74.97,9.94,1377648.0,1.3690e+21,2.990e+02,1.400e+00,27.803,1.0000,2.7199e+19,2.60,1.99,36.40,1.3003e+21,95.66,94.98,28.00,4.1465e+19,1.74,3.03,16.00,-999.900
91500.0,366.000,76.90,139.50,2941.500,2575.500,1.038,162.6,2.946e+00,6.057e-05,46.889,50.155,261.0,1.465e+05,0.000,507.072,173.0,2.303e+00,4.452e-05,0.0,5.506e-05,6.663e-05,5.137e-05,-15.2,9.55,283.4,14.28,36.0,23.7,49.6,15.4,16.3,0.0,18.0,-1.6,34.3,-1.6,45.0,45.0,137.05,17.72,163.07,13.57,60.37,74.97,9.94,1377648.0,1.3119e+21,2.990e+02,1.400e+00,27.803,1.0000,2.6054e+19,2.60,1.99,36.40,1.2461e+21,95.66,94.98,28.00,3.9761e+19,1.74,3.03,16.00,-999.900
92000.0,368.000,77.20,140.00,2943.500,2575.500,1.036,162.1,2.814e+00,5.804e-05,46.839,50.151,260.6,1.465e+05,0.000,508.683,172.6,2.212e+00,4.285e-05,0.0,5.276e-05,6.384e-05,5.135e-05,-11.5,9.55,277.0,14.21,35.4,23.1,49.0,19.8,16.1,0.0,8.1,-20.3,24.2,-20.3,45.0,45.0,137.05,17.72,163.20,13.55,60.61,74.97,9.94,1377648.0,1.2570e+21,2.990e+02,1.400e+00,27.803,1.0000,2.4964e+19,2.60,1.99,36.40,1.1940e+21,95.66,94.98,28.00,3.8098e+19,1.74,3.03,16.00,-999.900
92500.0,370.000,77.50,140.50,2945.500,2575.500,1.035,161.6,2.687e+00,5.560e-05,46.788,50.115,260.1,1.465e+05,0.000,510.285,172.3,2.125e+00,4.124e-05,0.0,5.055e-05,6.116e-05,5.003e-05,-10.0,9.55,274.2,14.13,34.8,22.6,48.3,21.3,15.9,0.0,26.1,8.2,42.1,8.2,45.0,45.0,137.05,17.72,163.33,13.52,60.85,74.97,9.94,1377648.0,1.2043e+21,2.990e+02,1.400e+00,27.803,1.0000,2.3917e+19,2.60,1.99,36.40,1.1439e+21,95.66,94.98,28.00,3.6499e+19,1.74,3.03,16.00,-999.900
93000.0,372.000,77.80,141.00,2947.500,2575.500,1.033,161.1,2.565e+00,5.326e-05,46.649,50.019,259.7,1.465e+05,0.000,510.935,172.0,2.041e+00,3.969e-05,0.0,4.842e-05,5.859e-05,5.055e-05,-5.1,9.55,266.6,14.05,34.2,22.0,47.6,27.4,15.8,0.0,28.5,-6.6,44.2,-6.6,45.0,45.0,137.05,17.72,163.46,13.50,61.08,74.97,9.94,1377648.0,1.1536e+21,2.991e+02,1.400e+00,27.803,1.0000,2.2900e+19,2.60,1.99,36.40,1.0957e+21,95.66,94.98,28.00,3.4986e+19,1.75,3.03,16.00,-999.900
93500.0,374.000,78.10,141.50,2949.500,2575.500,1.032,160.5,2.449e+00,5.101e-05,46.596,49.982,259.3,1.465e+05,0.000,512.520,171.7,1.961e+00,3.820e-05,0.0,4.637e-05,5.611e-05,5.138e-05,0.7,9.55,258.4,13.98,33.5,21.4,46.9,34.5,15.6,0.0,26.5,6.9,42.1,6.9,45.0,45.0,137.05,17.72,163.60,13.47,61.33,74.97,9.94,1377648.0,1.1049e+21,2.991e+02,1.400e+00,27.803,1.0000,2.1933e+19,2.60,1.99,36.40,1.0495e+21,95.66,94.98,28.00,3.3508e+19,1.75,3.03,16.00,-999.900
94000.0,376.000,78.40,142.00,2951.500,2575.500,1.031,160.0,2.337e+00,4.885e-05,46.452,49.865,258.8,1.465e+05,0.000,513.099,171.3,1.883e+00,3.677e-05,0.0,4.441e-05,5.373e-05,4.750e-05,-2.8,9.55,262.5,13.90,32.9,20.8,46.1,29.2,15.4,0.0,2.2,15.9,17.6,15.9,45.0,45.0,137.05,17.72,163.73,13.45,61.57,74.97,9.94,1377648.0,1.0581e+21,2.991e+02,1.400e+00,27.803,1.0000,2.0994e+19,2.60,1.98,36.40,1.0050e+21,95.66,94.98,28.00,3.2109e+19,1.75,3.03,16.00,-999.900
94500.0,378.000,78.70,142.50,2953.500,2575.500,1.029,159.5,2.230e+00,4.677e-05,46.397,49.831,258.4,1.465e+05,0.000,514.667,171.0,1.809e+00,3.539e-05,0.0,4.252e-05,5.145e-05,4.462e-05,-4.6,9.55,264.6,13.82,32.2,20.1,45.4,26.1,15.2,0.0,-14.8,35.4,0.4,35.4,45.0,45.0,137.05,17.72,163.86,13.42,61.82,74.97,9.94,1377648.0,1.0131e+21,2.991e+02,1.400e+00,27.803,1.0000,2.0101e+19,2.60,1.98,36.40,9.6223e+20,95.66,94.98,28.00,3.0743e+19,1.75,3.03,16.00,-999.900
95000.0,380.000,79.00,143.00,2955.500,2575.500,1.028,158.9,2.128e+00,4.477e-05,46.247,49.664,258.0,1.465e+05,0.000,515.182,170.6,1.738e+00,3.406e-05,0.0,4.070e-05,4.925e-05,4.303e-05,-3.9,9.55,263.1,13.75,31.4,19.5,44.6,26.3,15.0,0.0,22.2,32.9,37.2,32.9,45.0,45.0,137.05,17.72,163.99,13.40,62.06,74.97,9.94,1377648.0,9.6983e+20,2.991e+02,1.400e+00,27.802,1.0000,1.9234e+19,2.60,1.98,36.40,9.2114e+20,95.66,94.98,28.00,2.9451e+19,1.75,3.04,16.00,-999.900
95500.0,382.000,79.30,143.50,2957.500,2575.500,1.026,158.4,2.029e+00,4.286e-05,46.191,49.663,257.5,1.465e+05,0.000,516.736,170.2,1.669e+00,3.279e-05,0.0,3.896e-05,4.714e-05,4.142e-05,-3.4,9.55,261.9,13.67,30.7,18.8,43.8,26.3,14.8,0.0,7.7,17.1,22.5,17.1,45.0,45.0,137.05,17.72,164.12,13.37,62.31,74.98,9.94,1377648.0,9.2827e+20,2.991e+02,1.400e+00,27.802,1.0000,1.8410e+19,2.60,1.98,36.40,8.8167e+20,95.66,94.98,28.00,2.8189e+19,1.75,3.04,16.00,-999.900
96000.0,384.000,79.60,144.00,2959.500,2575.500,1.025,157.8,1.935e+00,4.101e-05,46.133,49.614,257.1,1.465e+05,0.000,518.285,169.8,1.603e+00,3.156e-05,0.0,3.728e-05,4.511e-05,3.771e-05,-8.0,9.55,268.1,13.59,29.9,18.1,42.9,19.5,14.6,0.0,-23.0,48.1,-8.4,48.1,45.0,45.0,137.06,17.72,164.25,13.35,62.57,74.98,9.94,1377648.0,8.8834e+20,2.991e+02,1.400e+00,27.802,1.0000,1.7618e+19,2.60,1.98,36.40,8.4374e+20,95.66,94.98,28.00,2.6976e+19,1.75,3.04,16.00,-999.900
96500.0,386.000,79.90,144.50,2961.500,2575.500,1.024,157.2,1.845e+00,3.924e-05,45.978,49.477,256.6,1.465e+05,0.000,518.734,169.5,1.540e+00,3.038e-05,0.0,3.567e-05,4.316e-05,3.691e-05,-5.9,9.55,264.6,13.51,29.2,17.4,42.1,21.5,14.4,0.0,-28.8,73.8,-14.3,73.8,45.0,45.0,137.06,17.72,164.38,13.33,62.82,74.98,9.94,1377648.0,8.4997e+20,2.991e+02,1.400e+00,27.802,1.0000,1.6849e+19,2.60,1.98,36.40,8.0729e+20,95.66,94.98,28.00,2.5829e+19,1.75,3.04,16.00,-999.900
97000.0,388.000,80.20,145.00,2963.500,2575.500,1.022,156.7,1.759e+00,3.754e-05,45.916,49.423,256.1,1.465e+05,0.000,520.235,169.1,1.479e+00,2.924e-05,0.0,3.413e-05,4.130e-05,3.516e-05,-6.3,9.55,264.7,13.41,28.4,16.7,41.2,20.2,14.1,0.0,-51.1,103.1,-37.1,103.1,45.0,45.0,137.06,17.72,164.51,13.30,63.08,74.98,9.94,1377648.0,8.1317e+20,2.991e+02,1.400e+00,27.802,1.0000,1.6119e+19,2.60,1.98,36.40,7.7234e+20,95.66,94.98,28.00,2.4711e+19,1.75,3.04,16.00,-999.900
97500.0,390.000,80.50,145.50,2965.500,2575.500,1.021,156.1,1.676e+00,3.591e-05,45.753,49.258,255.7,1.465e+05,0.000,520.582,168.7,1.420e+00,2.815e-05,0.0,3.265e-05,3.950e-05,3.457e-05,-3.7,9.55,260.6,13.29,27.6,16.0,40.3,22.8,13.7,0.0,-50.5,107.6,-36.8,107.6,45.0,45.0,137.06,17.72,164.64,13.28,63.34,74.98,9.94,1377648.0,7.7784e+20,2.991e+02,1.400e+00,27.802,1.0000,1.5411e+19,2.59,1.98,36.40,7.3878e+20,95.66,94.98,28.00,2.3654e+19,1.75,3.04,16.00,-999.900
98000.0,392.000,80.80,146.00,2967.500,2575.500,1.019,155.5,1.597e+00,3.434e-05,45.688,49.208,255.2,1.465e+05,0.000,522.058,168.3,1.363e+00,2.710e-05,0.0,3.122e-05,3.778e-05,3.212e-05,-6.5,9.55,263.9,13.16,26.7,15.2,39.4,18.5,13.2,0.0,-51.4,96.5,-38.2,96.5,45.0,45.0,137.06,17.72,164.77,13.25,63.60,74.98,9.94,1377648.0,7.4390e+20,2.991e+02,1.400e+00,27.802,1.0000,1.4739e+19,2.59,1.98,36.40,7.0654e+20,95.66,94.98,28.00,2.2622e+19,1.75,3.04,16.00,-999.900
98500.0,394.000,81.10,146.50,2969.500,2575.500,1.018,154.9,1.522e+00,3.284e-05,45.522,48.980,254.7,1.465e+05,0.000,522.364,167.9,1.309e+00,2.608e-05,0.0,2.985e-05,3.612e-05,3.030e-05,-7.7,9.55,265.2,13.04,25.9,14.4,38.5,16.2,12.8,0.0,-37.9,105.7,-25.1,105.7,45.0,45.0,137.06,17.72,164.90,13.23,63.86,74.98,9.94,1377648.0,7.1128e+20,2.991e+02,1.400e+00,27.801,1.0000,1.4085e+19,2.59,1.98,36.40,6.7555e+20,95.66,94.98,28.00,2.1646e+19,1.75,3.04,16.00,-999.900
99000.0,396.000,81.40,147.00,2971.500,2575.500,1.017,154.4,1.449e+00,3.139e-05,45.457,48.979,254.3,1.465e+05,0.000,523.836,167.5,1.257e+00,2.511e-05,0.0,2.854e-05,3.453e-05,2.928e-05,-6.7,9.55,263.2,12.92,25.0,13.7,37.5,16.6,12.4,0.0,-46.8,75.0,-34.5,75.0,45.0,45.0,137.06,17.72,165.03,13.20,64.13,74.98,9.94,1377648.0,6.7995e+20,2.991e+02,1.400e+00,27.801,1.0000,1.3465e+19,2.59,1.98,36.40,6.4579e+20,95.66,94.98,28.00,2.0693e+19,1.75,3.04,16.00,-999.900
99500.0,398.000,81.70,147.50,2973.500,2575.500,1.015,153.8,1.380e+00,3.000e-05,45.391,48.912,253.8,1.465e+05,0.000,525.306,167.0,1.207e+00,2.417e-05,0.0,2.727e-05,3.300e-05,2.883e-05,-3.9,9.55,258.9,12.80,24.1,12.9,36.6,19.3,11.9,0.0,-72.6,83.5,-60.7,83.5,45.0,45.0,137.06,17.72,165.16,13.18,64.39,74.98,9.94,1377648.0,6.4985e+20,2.991e+02,1.400e+00,27.801,1.0000,1.2869e+19,2.59,1.98,36.40,6.1721e+20,95.66,94.98,28.00,1.9776e+19,1.75,3.04,16.00,-999.900
100000.0,400.000,82.00,148.00,2975.500,2575.500,1.014,153.2,1.313e+00,2.867e-05,45.222,48.735,253.3,1.465e+05,0.000,525.579,166.6,1.159e+00,2.326e-05,0.0,2.606e-05,3.153e-05,2.801e-05,-2.3,9.55,256.2,12.67,23.2,12.0,35.6,20.4,11.5,0.0,-58.7,67.1,-47.2,67.1,45.0,45.0,137.06,17.72,165.29,13.15,64.66,74.98,9.94,1377648.0,6.2095e+20,2.991e+02,1.400e+00,27.801,1.0000,1.2290e+19,2.59,1.98,36.40,5.8974e+20,95.66,94.98,28.00,1.8911e+19,1.75,3.05,16.00,-999.900
