ElapsedTime_s,Height_km,Latitude_deg,LongitudeE_deg,TotalRadius_km,LatitudeRadius_km,Gravity_ms2,Temperature_K,Pressure_Pa,Density_kgm3,PressureScaleHeight_km,DensityScaleHeight_km,SpeedOfSound_ms,PressureAtSurface_Pa,SigmaLevel,PressureAltitude_km,ReferenceTemperature_K,ReferencePressure_Pa,ReferenceDensity_kgm3,ProfileWeight,LowDensity_kgm3,HighDensity_kgm3,PerturbedDensity_kgm3,DensityPerturbation_pct,DensityStandardDeviation_pct,PerturbedSpeedOfSound_ms,RelativeStepSize,DensityDeviation_pct,LowDensityDeviation_pct,HighDensityDeviation_pct,PerturbedDensityDeviation_pct,EWWind_ms,NSWind_ms,EWWindPerturbation_ms,NSWindPerturbation_ms,PerturbedEWWind_ms,PerturbedNSWind_ms,EWStandardDeviation_ms,NSStandardDeviation_ms,LongitudeOfTheSun,SubsolarLatitude_deg,SubsolarLongitudeE_deg,LocalSolarTime_hr,SolarZenithAngle_deg,OneWayLightTime_min,OrbitalRadius_AU,SecondsPerSol,TotalNumberDensity_m3,SpecificGasConstant_JkgK,SpecificHeatRatio,AverageMolecularWeight,CompressibilityFactor,Arnd_m3,Armass_pct,Armole_pct,Aramw,N2nd_m3,N2mass_pct,N2mole_pct,N2amw,CH4nd_m3,CH4mass_pct,CH4mole_pct,CH4amw,MinMaxFactor
10.0,500.000,25.00,25.00,3075.500,2575.500,0.949,140.5,1.243e-01,2.955e-06,44.414,47.624,242.6,1.458e+05,0.000,620.667,142.8,1.386e-01,3.245e-06,0.0,2.687e-06,3.251e-06,3.092e-06,4.6,9.55,237.2,0.45,-8.9,-17.2,0.2,-4.7,124.3,0.0,-35.1,-10.6,89.2,-10.6,45.0,45.0,137.02,17.73,220.82,22.95,134.56,74.92,9.94,1377648.0,6.3668e+19,2.994e+02,1.399e+00,27.726,0.9984,8.4287e+17,1.74,1.32,36.40,6.0780e+19,96.41,95.46,28.00,2.0456e+18,1.85,3.21,16.00,-0.060
20.0,500.000,25.00,50.00,3075.500,2575.500,0.949,140.3,1.232e-01,2.932e-06,44.360,47.566,242.5,1.457e+05,0.000,620.289,142.8,1.386e-01,3.245e-06,0.0,2.666e-06,3.226e-06,2.836e-06,-3.3,9.55,246.6,441.60,-9.6,-17.8,-0.6,-12.6,124.3,0.0,-77.8,-38.6,46.5,-38.6,45.0,45.0,137.02,17.73,220.81,0.61,136.33,74.92,9.94,1377648.0,6.3148e+19,2.994e+02,1.399e+00,27.721,0.9983,8.0960e+17,1.68,1.28,36.40,6.0304e+19,96.46,95.50,28.00,2.0344e+18,1.86,3.22,16.00,-0.065
30.0,500.000,25.00,75.00,3075.500,2575.500,0.949,141.5,1.306e-01,3.082e-06,44.711,47.935,243.5,1.461e+05,0.000,622.724,142.8,1.386e-01,3.245e-06,0.0,2.802e-06,3.391e-06,2.922e-06,-5.2,9.55,250.1,441.60,-5.0,-13.6,4.5,-9.9,124.3,0.0,6.8,-2.0,131.1,-2.0,45.0,45.0,137.02,17.73,220.81,2.28,125.82,74.92,9.94,1377648.0,6.6569e+19,2.993e+02,1.400e+00,27.752,0.9990,1.0473e+18,2.06,1.57,36.40,6.3415e+19,96.11,95.26,28.00,2.1070e+18,1.82,3.17,16.00,-0.033
40.0,500.000,50.00,25.00,3075.500,2575.500,0.949,144.0,1.474e-01,3.427e-06,45.394,48.664,245.4,1.471e+05,0.000,627.066,142.8,1.386e-01,3.245e-06,0.0,3.116e-06,3.770e-06,3.644e-06,6.3,9.55,238.0,1112.91,5.6,-4.0,16.2,12.3,106.1,0.0,23.0,28.4,129.1,28.4,45.0,45.0,137.02,17.73,220.81,22.95,110.83,74.92,9.94,1377648.0,7.3921e+19,2.987e+02,1.401e+00,27.822,0.9995,1.5529e+18,2.75,2.10,36.40,7.0182e+19,95.55,94.94,28.00,2.1859e+18,1.70,2.96,16.00,0.048
50.0,500.000,50.00,50.00,3075.500,2575.500,0.949,143.8,1.464e-01,3.408e-06,45.361,48.628,245.3,1.471e+05,0.000,626.877,142.8,1.386e-01,3.245e-06,0.0,3.098e-06,3.749e-06,4.053e-06,18.9,9.55,224.9,313.27,5.0,-4.5,15.5,24.9,106.1,0.0,5.0,9.6,111.1,9.6,45.0,45.0,137.02,17.73,220.81,0.61,111.77,74.92,9.94,1377648.0,7.3537e+19,2.987e+02,1.401e+00,27.818,0.9995,1.5321e+18,2.73,2.08,36.40,6.9819e+19,95.56,94.94,28.00,2.1858e+18,1.71,2.97,16.00,0.043
60.0,500.000,50.00,75.00,3075.500,2575.500,0.949,144.7,1.526e-01,3.535e-06,45.575,48.861,245.9,1.475e+05,0.000,628.093,142.8,1.386e-01,3.245e-06,0.0,3.214e-06,3.889e-06,3.709e-06,4.9,9.55,240.1,313.27,9.0,-0.9,19.9,14.3,106.1,0.0,0.5,-26.3,106.6,-26.3,45.0,45.0,137.02,17.73,220.80,2.28,105.84,74.92,9.94,1377648.0,7.6038e+19,2.984e+02,1.401e+00,27.839,0.9993,1.6706e+18,2.87,2.20,36.40,7.2181e+19,95.47,94.93,28.00,2.1868e+18,1.65,2.88,16.00,0.075
70.0,500.000,75.00,25.00,3075.500,2575.500,0.949,145.6,1.598e-01,3.683e-06,45.816,49.123,246.6,1.480e+05,0.000,629.462,142.8,1.386e-01,3.245e-06,0.0,3.348e-06,4.051e-06,3.470e-06,-5.8,9.55,254.0,738.97,13.5,3.2,24.9,6.9,69.1,0.0,-14.7,-28.5,54.4,-28.5,45.0,45.0,137.02,17.73,220.80,22.95,86.72,74.92,9.94,1377648.0,7.8933e+19,2.981e+02,1.401e+00,27.863,0.9990,1.8397e+18,3.04,2.33,36.40,7.4906e+19,95.36,94.90,28.00,2.1879e+18,1.59,2.77,16.00,0.110
80.0,500.000,75.00,50.00,3075.500,2575.500,0.949,145.4,1.588e-01,3.662e-06,45.782,49.086,246.5,1.480e+05,0.000,629.270,142.8,1.386e-01,3.245e-06,0.0,3.329e-06,4.028e-06,3.970e-06,8.4,9.55,236.7,126.23,12.9,2.6,24.1,22.4,69.1,0.0,-33.9,43.7,35.1,43.7,45.0,45.0,137.02,17.73,220.80,0.61,87.08,74.92,9.94,1377648.0,7.8522e+19,2.982e+02,1.401e+00,27.860,0.9991,1.8151e+18,3.02,2.31,36.40,7.4519e+19,95.38,94.90,28.00,2.1877e+18,1.60,2.79,16.00,0.105
90.0,500.000,75.00,75.00,3075.500,2575.500,0.949,146.3,1.655e-01,3.799e-06,46.001,49.323,247.1,1.484e+05,0.000,630.510,142.8,1.386e-01,3.245e-06,0.0,3.453e-06,4.178e-06,3.810e-06,0.3,9.55,246.7,126.23,17.1,6.4,28.8,17.4,69.1,0.0,-69.4,32.9,-0.3,32.9,45.0,45.0,137.02,17.73,220.79,2.28,84.81,74.92,9.94,1377648.0,8.1208e+19,2.979e+02,1.401e+00,27.881,0.9988,1.9793e+18,3.18,2.44,36.40,7.7040e+19,95.27,94.87,28.00,2.1887e+18,1.55,2.70,16.00,0.137
100.0,450.000,25.00,25.00,3025.500,2575.500,0.981,152.5,3.742e-01,8.199e-06,46.639,50.492,252.7,1.458e+05,0.000,600.364,154.7,4.107e-01,8.876e-06,0.0,7.453e-06,9.019e-06,7.147e-06,-12.8,9.55,270.7,1916.78,-7.6,-16.0,1.6,-19.5,124.3,0.0,36.4,42.8,160.7,42.8,45.0,45.0,137.02,17.73,220.79,22.95,134.57,74.92,9.94,1377648.0,1.7664e+20,2.993e+02,1.399e+00,27.730,0.9984,2.3579e+18,1.75,1.33,36.40,1.6866e+20,96.41,95.48,28.00,5.6212e+18,1.84,3.18,16.00,-0.060
110.0,450.000,25.00,50.00,3025.500,2575.500,0.981,152.3,3.713e-01,8.145e-06,46.588,50.438,252.6,1.457e+05,0.000,600.046,154.7,4.107e-01,8.876e-06,0.0,7.404e-06,8.959e-06,6.614e-06,-18.8,9.55,280.3,434.43,-8.2,-16.6,0.9,-25.5,124.3,0.0,29.7,-22.1,154.0,-22.1,45.0,45.0,137.02,17.73,220.79,0.61,136.33,74.92,9.94,1377648.0,1.7541e+20,2.994e+02,1.399e+00,27.726,0.9983,2.2681e+18,1.70,1.29,36.40,1.6755e+20,96.46,95.52,28.00,5.5975e+18,1.84,3.19,16.00,-0.065
120.0,450.000,25.00,75.00,3025.500,2575.500,0.981,153.5,3.903e-01,8.498e-06,46.919,50.786,253.5,1.461e+05,0.000,602.108,154.7,4.107e-01,8.876e-06,0.0,7.726e-06,9.348e-06,9.006e-06,6.0,9.55,246.3,434.43,-4.3,-13.0,5.3,1.5,124.3,0.0,-9.9,14.4,114.4,14.4,45.0,45.0,137.02,17.73,220.79,2.28,125.81,74.92,9.94,1377648.0,1.8353e+20,2.992e+02,1.400e+00,27.757,0.9990,2.9133e+18,2.08,1.59,36.40,1.7486e+20,96.11,95.28,28.00,5.7517e+18,1.81,3.13,16.00,-0.033
130.0,450.000,50.00,25.00,3025.500,2575.500,0.981,155.9,4.336e-01,9.313e-06,47.573,51.484,255.4,1.471e+05,0.000,605.833,154.7,4.107e-01,8.876e-06,0.0,8.466e-06,1.024e-05,9.021e-06,-3.1,9.55,259.5,1094.82,4.9,-4.6,15.4,1.6,106.1,0.0,-8.8,29.4,97.3,29.4,45.0,45.0,137.02,17.73,220.78,22.95,110.83,74.92,9.94,1377648.0,2.0082e+20,2.986e+02,1.401e+00,27.827,0.9995,4.2575e+18,2.77,2.12,36.40,1.9068e+20,95.54,94.95,28.00,5.8761e+18,1.68,2.93,16.00,0.048
140.0,450.000,50.00,50.00,3025.500,2575.500,0.981,155.8,4.312e-01,9.266e-06,47.541,51.449,255.3,1.471e+05,0.000,605.668,154.7,4.107e-01,8.876e-06,0.0,8.424e-06,1.019e-05,9.699e-06,4.7,9.55,249.5,308.18,4.4,-5.1,14.8,9.3,106.1,0.0,-5.5,11.1,100.6,11.1,45.0,45.0,137.02,17.73,220.78,0.61,111.77,74.92,9.94,1377648.0,1.9992e+20,2.987e+02,1.401e+00,27.824,0.9995,4.2037e+18,2.75,2.10,36.40,1.8984e+20,95.56,94.96,28.00,5.8800e+18,1.69,2.94,16.00,0.043
150.0,450.000,50.00,75.00,3025.500,2575.500,0.981,156.6,4.471e-01,9.569e-06,47.750,51.677,255.8,1.475e+05,0.000,606.738,154.7,4.107e-01,8.876e-06,0.0,8.699e-06,1.053e-05,1.170e-05,22.2,9.55,231.4,308.18,7.8,-2.0,18.6,31.8,106.1,0.0,7.0,55.1,113.0,55.1,45.0,45.0,137.02,17.73,220.78,2.28,105.83,74.92,9.94,1377648.0,2.0578e+20,2.984e+02,1.401e+00,27.845,0.9993,4.5639e+18,2.90,2.22,36.40,1.9536e+20,95.47,94.94,28.00,5.8546e+18,1.63,2.85,16.00,0.075
160.0,450.000,75.00,25.00,3025.500,2575.500,0.981,157.5,4.656e-01,9.916e-06,47.984,51.932,256.5,1.480e+05,0.000,607.936,154.7,4.107e-01,8.876e-06,0.0,9.015e-06,1.091e-05,9.419e-06,-5.0,9.55,263.2,726.96,11.7,1.6,22.9,6.1,69.1,0.0,53.6,3.2,122.7,3.2,45.0,45.0,137.02,17.73,220.78,22.95,86.73,74.92,9.94,1377648.0,2.1252e+20,2.980e+02,1.401e+00,27.869,0.9990,5.0003e+18,3.07,2.35,36.40,2.0169e+20,95.35,94.91,28.00,5.8265e+18,1.57,2.74,16.00,0.110
170.0,450.000,75.00,50.00,3025.500,2575.500,0.981,157.4,4.630e-01,9.867e-06,47.951,51.897,256.4,1.480e+05,0.000,607.769,154.7,4.107e-01,8.876e-06,0.0,8.970e-06,1.085e-05,9.733e-06,-1.4,9.55,258.2,124.18,11.2,1.1,22.3,9.6,69.1,0.0,17.1,-40.6,86.1,-40.6,45.0,45.0,137.02,17.73,220.77,0.62,87.08,74.92,9.94,1377648.0,2.1157e+20,2.981e+02,1.401e+00,27.865,0.9990,4.9373e+18,3.05,2.33,36.40,2.0080e+20,95.37,94.91,28.00,5.8304e+18,1.58,2.76,16.00,0.105
180.0,450.000,75.00,75.00,3025.500,2575.500,0.981,158.2,4.802e-01,1.019e-05,48.164,52.128,257.0,1.484e+05,0.000,608.857,154.7,4.107e-01,8.876e-06,0.0,9.263e-06,1.121e-05,1.018e-05,-0.1,9.55,257.1,124.18,14.8,4.4,26.3,14.7,69.1,0.0,41.9,-46.7,110.9,-46.7,45.0,45.0,137.02,17.73,220.77,2.28,84.81,74.92,9.94,1377648.0,2.1781e+20,2.978e+02,1.401e+00,27.887,0.9988,5.3605e+18,3.21,2.46,36.40,2.0665e+20,95.26,94.87,28.00,5.8051e+18,1.53,2.67,16.00,0.138
190.0,400.000,25.00,25.00,2975.500,2575.500,1.014,164.4,1.070e+00,2.175e-05,48.598,51.807,262.4,1.458e+05,0.000,574.516,166.6,1.159e+00,2.326e-05,0.0,1.977e-05,2.392e-05,1.963e-05,-9.7,9.55,276.2,1886.61,-6.5,-15.0,2.8,-15.6,124.3,0.0,-6.2,-12.5,118.1,-12.5,45.0,45.0,137.02,17.73,220.77,22.95,134.58,74.92,9.94,1377648.0,4.6852e+20,2.993e+02,1.399e+00,27.734,0.9984,6.2918e+18,1.76,1.34,36.40,4.4742e+20,96.41,95.50,28.00,1.4806e+19,1.82,3.16,16.00,-0.060
200.0,400.000,25.00,50.00,2975.500,2575.500,1.014,164.3,1.063e+00,2.163e-05,48.550,51.757,262.3,1.457e+05,0.000,574.248,166.6,1.159e+00,2.326e-05,0.0,1.966e-05,2.379e-05,2.026e-05,-6.3,9.55,271.0,427.26,-7.0,-15.5,2.3,-12.9,124.3,0.0,39.3,-29.1,163.6,-29.1,45.0,45.0,137.02,17.73,220.77,0.62,136.32,74.92,9.94,1377648.0,4.6576e+20,2.993e+02,1.399e+00,27.729,0.9983,6.0597e+18,1.71,1.30,36.40,4.4494e+20,96.46,95.53,28.00,1.4760e+19,1.83,3.17,16.00,-0.065
210.0,400.000,25.00,75.00,2975.500,2575.500,1.014,165.4,1.110e+00,2.242e-05,48.863,52.083,263.2,1.461e+05,0.000,576.002,166.6,1.159e+00,2.326e-05,0.0,2.038e-05,2.466e-05,2.077e-05,-7.4,9.55,273.5,427.26,-3.6,-12.4,6.0,-10.7,124.3,0.0,59.0,65.2,183.3,65.2,45.0,45.0,137.02,17.73,220.76,2.28,125.80,74.92,9.94,1377648.0,4.8415e+20,2.992e+02,1.400e+00,27.761,0.9989,7.7362e+18,2.10,1.60,36.40,4.6135e+20,96.11,95.29,28.00,1.5064e+19,1.79,3.11,16.00,-0.033
220.0,400.000,50.00,25.00,2975.500,2575.500,1.014,167.8,1.216e+00,2.426e-05,49.487,52.740,264.9,1.471e+05,0.000,579.190,166.6,1.159e+00,2.326e-05,0.0,2.205e-05,2.668e-05,2.400e-05,-1.1,9.55,266.4,1076.73,4.3,-5.2,14.7,3.1,106.1,0.0,-20.2,-57.7,85.9,-57.7,45.0,45.0,137.02,17.73,220.76,22.95,110.83,74.92,9.94,1377648.0,5.2303e+20,2.986e+02,1.401e+00,27.831,0.9995,1.1162e+19,2.79,2.13,36.40,4.9668e+20,95.54,94.96,28.00,1.5189e+19,1.67,2.90,16.00,0.048
230.0,400.000,50.00,50.00,2975.500,2575.500,1.014,167.7,1.210e+00,2.415e-05,49.456,52.706,264.9,1.471e+05,0.000,579.048,166.6,1.159e+00,2.326e-05,0.0,2.196e-05,2.657e-05,2.465e-05,2.1,9.55,262.2,303.09,3.8,-5.6,14.2,6.0,106.1,0.0,-28.7,-77.3,77.4,-77.3,45.0,45.0,137.02,17.73,220.76,0.62,111.76,74.92,9.94,1377648.0,5.2104e+20,2.986e+02,1.401e+00,27.828,0.9995,1.1029e+19,2.77,2.12,36.40,4.9481e+20,95.55,94.96,28.00,1.5209e+19,1.68,2.92,16.00,0.043
240.0,400.000,50.00,75.00,2975.500,2575.500,1.014,168.6,1.249e+00,2.484e-05,49.659,52.923,265.4,1.475e+05,0.000,579.976,166.6,1.159e+00,2.326e-05,0.0,2.258e-05,2.733e-05,1.871e-05,-24.7,9.55,305.8,303.09,6.8,-2.9,17.5,-19.6,106.1,0.0,10.8,-2.6,116.9,-2.6,45.0,45.0,137.02,17.73,220.76,2.28,105.82,74.92,9.94,1377648.0,5.3417e+20,2.983e+02,1.401e+00,27.849,0.9993,1.1927e+19,2.92,2.23,36.40,5.0716e+20,95.46,94.94,28.00,1.5080e+19,1.62,2.82,16.00,0.075
250.0,400.000,75.00,25.00,2975.500,2575.500,1.014,169.5,1.294e+00,2.563e-05,49.885,53.164,266.0,1.480e+05,0.000,581.011,166.6,1.159e+00,2.326e-05,0.0,2.330e-05,2.819e-05,2.629e-05,2.6,9.55,262.6,714.95,10.2,0.1,21.2,13.0,69.1,0.0,65.0,39.1,134.0,39.1,45.0,45.0,137.02,17.73,220.75,22.95,86.73,74.92,9.94,1377648.0,5.4916e+20,2.980e+02,1.401e+00,27.873,0.9990,1.3009e+19,3.09,2.37,36.40,5.2121e+20,95.34,94.91,28.00,1.4939e+19,1.56,2.72,16.00,0.110
260.0,400.000,75.00,50.00,2975.500,2575.500,1.014,169.4,1.288e+00,2.552e-05,49.853,53.131,265.9,1.480e+05,0.000,580.868,166.6,1.159e+00,2.326e-05,0.0,2.320e-05,2.807e-05,2.553e-05,0.1,9.55,265.9,122.14,9.7,-0.3,20.7,9.8,69.1,0.0,4.9,90.0,73.9,90.0,45.0,45.0,137.02,17.73,220.75,0.62,87.08,74.92,9.94,1377648.0,5.4706e+20,2.980e+02,1.401e+00,27.869,0.9990,1.2854e+19,3.07,2.35,36.40,5.1925e+20,95.36,94.92,28.00,1.4958e+19,1.57,2.73,16.00,0.106
270.0,400.000,75.00,75.00,2975.500,2575.500,1.014,170.2,1.330e+00,2.624e-05,50.059,53.351,266.5,1.484e+05,0.000,581.810,166.6,1.159e+00,2.326e-05,0.0,2.386e-05,2.887e-05,2.332e-05,-11.1,9.55,282.7,122.14,12.8,2.6,24.1,0.3,69.1,0.0,-2.8,73.1,66.3,73.1,45.0,45.0,137.02,17.73,220.75,2.28,84.81,74.92,9.94,1377648.0,5.6095e+20,2.977e+02,1.401e+00,27.891,0.9988,1.3902e+19,3.23,2.48,36.40,5.3222e+20,95.25,94.88,28.00,1.4832e+19,1.52,2.64,16.00,0.138
280.0,350.000,25.00,25.00,2925.500,2575.500,1.049,173.0,2.965e+00,5.727e-05,49.347,51.056,269.2,1.458e+05,0.000,533.083,175.2,3.174e+00,6.060e-05,0.0,5.206e-05,6.300e-05,5.956e-05,4.0,9.55,263.9,1856.44,-5.5,-14.1,4.0,-1.7,124.3,0.0,-40.6,-18.1,83.7,-18.1,45.0,45.0,137.02,17.73,220.75,22.95,134.59,74.92,9.94,1377648.0,1.2339e+21,2.993e+02,1.399e+00,27.736,0.9984,1.6642e+19,1.77,1.35,36.40,1.1785e+21,96.42,95.51,28.00,3.8802e+19,1.81,3.14,16.00,-0.060
290.0,350.000,25.00,50.00,2925.500,2575.500,1.049,172.8,2.949e+00,5.701e-05,49.302,51.016,269.0,1.457e+05,0.000,532.851,175.2,3.174e+00,6.060e-05,0.0,5.183e-05,6.271e-05,5.627e-05,-1.3,9.55,270.8,420.09,-5.9,-14.5,3.5,-7.1,124.3,0.0,-10.4,24.7,113.9,24.7,45.0,45.0,137.02,17.73,220.74,0.62,136.32,74.92,9.94,1377648.0,1.2278e+21,2.993e+02,1.399e+00,27.731,0.9983,1.6046e+19,1.72,1.31,36.40,1.1731e+21,96.47,95.54,28.00,3.8718e+19,1.82,3.15,16.00,-0.065
300.0,350.000,25.00,75.00,2925.500,2575.500,1.049,174.0,3.058e+00,5.876e-05,49.598,51.275,269.9,1.461e+05,0.000,534.380,175.2,3.174e+00,6.060e-05,0.0,5.342e-05,6.463e-05,5.851e-05,-0.4,9.55,270.5,420.09,-3.0,-11.8,6.7,-3.4,124.3,0.0,-31.0,20.9,93.3,20.9,45.0,45.0,137.02,17.73,220.74,2.28,125.78,74.92,9.94,1377648.0,1.2688e+21,2.992e+02,1.400e+00,27.763,0.9989,2.0372e+19,2.11,1.61,36.40,1.2091e+21,96.11,95.30,28.00,3.9275e+19,1.78,3.10,16.00,-0.033
310.0,350.000,50.00,25.00,2925.500,2575.500,1.049,176.4,3.309e+00,6.283e-05,50.187,51.799,271.6,1.471e+05,0.000,537.127,175.2,3.174e+00,6.060e-05,0.0,5.712e-05,6.912e-05,6.947e-05,10.6,9.55,258.3,1058.64,3.7,-5.7,14.1,14.7,106.1,0.0,15.3,54.5,121.4,54.5,45.0,45.0,137.02,17.73,220.74,22.95,110.84,74.92,9.94,1377648.0,1.3548e+21,2.986e+02,1.401e+00,27.833,0.9995,2.9048e+19,2.80,2.14,36.40,1.2866e+21,95.54,94.97,28.00,3.9131e+19,1.66,2.89,16.00,0.048
320.0,350.000,50.00,50.00,2925.500,2575.500,1.049,176.3,3.295e+00,6.260e-05,50.158,51.773,271.5,1.471e+05,0.000,537.007,175.2,3.174e+00,6.060e-05,0.0,5.691e-05,6.886e-05,6.658e-05,6.4,9.55,263.3,298.01,3.3,-6.1,13.6,9.9,106.1,0.0,-29.3,-28.6,76.8,-28.6,45.0,45.0,137.02,17.73,220.73,0.62,111.76,74.92,9.94,1377648.0,1.3504e+21,2.986e+02,1.401e+00,27.830,0.9995,2.8719e+19,2.78,2.13,36.40,1.2825e+21,95.55,94.97,28.00,3.9204e+19,1.67,2.90,16.00,0.043
330.0,350.000,50.00,75.00,2925.500,2575.500,1.049,177.1,3.389e+00,6.415e-05,50.350,51.947,272.0,1.475e+05,0.000,537.799,175.2,3.174e+00,6.060e-05,0.0,5.832e-05,7.056e-05,7.323e-05,14.2,9.55,254.6,298.01,5.9,-3.8,16.4,20.9,106.1,0.0,-13.6,-0.3,92.5,-0.3,45.0,45.0,137.02,17.73,220.73,2.28,105.82,74.92,9.94,1377648.0,1.3793e+21,2.983e+02,1.401e+00,27.852,0.9993,3.0948e+19,2.93,2.24,36.40,1.3097e+21,95.45,94.95,28.00,3.8727e+19,1.61,2.81,16.00,0.075
340.0,350.000,75.00,25.00,2925.500,2575.500,1.049,178.0,3.496e+00,6.590e-05,50.564,52.142,272.6,1.480e+05,0.000,538.681,175.2,3.174e+00,6.060e-05,0.0,5.991e-05,7.249e-05,7.128e-05,8.2,9.55,262.1,702.94,8.7,-1.1,19.6,17.6,69.1,0.0,-17.0,-19.7,52.1,-19.7,45.0,45.0,137.02,17.73,220.73,22.95,86.73,74.92,9.94,1377648.0,1.4122e+21,2.980e+02,1.401e+00,27.875,0.9990,3.3612e+19,3.11,2.38,36.40,1.3404e+21,95.34,94.91,28.00,3.8206e+19,1.55,2.71,16.00,0.110
350.0,350.000,75.00,50.00,2925.500,2575.500,1.049,177.9,3.481e+00,6.565e-05,50.534,52.115,272.6,1.480e+05,0.000,538.560,175.2,3.174e+00,6.060e-05,0.0,5.969e-05,7.222e-05,6.385e-05,-2.7,9.55,276.4,120.09,8.3,-1.5,19.2,5.4,69.1,0.0,20.4,-9.6,89.4,-9.6,45.0,45.0,137.02,17.73,220.73,0.62,87.08,74.92,9.94,1377648.0,1.4076e+21,2.980e+02,1.401e+00,27.872,0.9990,3.3232e+19,3.08,2.36,36.40,1.3361e+21,95.36,94.92,28.00,3.8277e+19,1.56,2.72,16.00,0.106
360.0,350.000,75.00,75.00,2925.500,2575.500,1.049,178.8,3.580e+00,6.727e-05,50.729,52.292,273.1,1.484e+05,0.000,539.364,175.2,3.174e+00,6.060e-05,0.0,6.116e-05,7.400e-05,6.600e-05,-1.9,9.55,275.7,120.09,11.0,0.9,22.1,8.9,69.1,0.0,-10.9,44.6,58.2,44.6,45.0,45.0,137.02,17.73,220.72,2.29,84.80,74.92,9.94,1377648.0,1.4380e+21,2.977e+02,1.401e+00,27.894,0.9988,3.5813e+19,3.25,2.49,36.40,1.3644e+21,95.24,94.88,28.00,3.7810e+19,1.51,2.63,16.00,0.138
370.0,300.000,25.00,25.00,2875.500,2575.500,1.086,176.3,8.210e+00,1.556e-04,48.504,48.623,271.7,1.458e+05,0.000,474.575,178.2,8.695e+00,1.632e-04,0.0,1.415e-04,1.712e-04,1.730e-04,11.2,9.55,257.7,2008.89,-4.7,-13.3,4.9,6.0,124.3,0.0,19.9,-14.9,144.2,-14.9,45.0,45.0,137.02,17.73,220.72,22.95,134.59,74.92,9.94,1377648.0,3.3532e+21,2.993e+02,1.399e+00,27.738,0.9983,4.5358e+19,1.78,1.35,36.40,3.2028e+21,96.42,95.51,28.00,1.0507e+20,1.81,3.13,16.00,-0.060
380.0,300.000,25.00,50.00,2875.500,2575.500,1.086,176.2,8.172e+00,1.550e-04,48.466,48.592,271.6,1.457e+05,0.000,474.417,178.2,8.695e+00,1.632e-04,0.0,1.409e-04,1.705e-04,1.425e-04,-8.0,9.55,283.2,454.21,-5.0,-13.7,4.5,-12.7,124.3,0.0,-64.9,49.1,59.4,49.1,45.0,45.0,137.02,17.73,220.72,0.62,136.31,74.92,9.94,1377648.0,3.3392e+21,2.993e+02,1.399e+00,27.733,0.9983,4.3778e+19,1.72,1.31,36.40,3.1904e+21,96.47,95.55,28.00,1.0493e+20,1.81,3.14,16.00,-0.065
390.0,300.000,25.00,75.00,2875.500,2575.500,1.086,177.2,8.427e+00,1.590e-04,48.713,48.802,272.4,1.461e+05,0.000,475.463,178.2,8.695e+00,1.632e-04,0.0,1.446e-04,1.749e-04,1.519e-04,-4.5,9.55,278.7,454.21,-2.6,-11.4,7.2,-6.9,124.3,0.0,-52.1,17.3,72.2,17.3,45.0,45.0,137.02,17.73,220.72,2.29,125.77,74.92,9.94,1377648.0,3.4340e+21,2.991e+02,1.400e+00,27.765,0.9989,5.5330e+19,2.11,1.61,36.40,3.2728e+21,96.11,95.30,28.00,1.0591e+20,1.78,3.08,16.00,-0.033
400.0,300.000,50.00,25.00,2875.500,2575.500,1.086,179.3,9.018e+00,1.684e-04,49.210,49.233,273.8,1.471e+05,0.000,477.335,178.2,8.695e+00,1.632e-04,0.0,1.531e-04,1.853e-04,1.798e-04,6.8,9.55,265.0,1144.61,3.2,-6.2,13.5,10.2,106.1,0.0,-16.4,0.6,89.7,0.6,45.0,45.0,137.02,17.73,220.71,22.95,110.84,74.92,9.94,1377648.0,3.6320e+21,2.985e+02,1.401e+00,27.835,0.9995,7.8128e+19,2.81,2.15,36.40,3.4493e+21,95.53,94.97,28.00,1.0451e+20,1.65,2.88,16.00,0.048
410.0,300.000,50.00,50.00,2875.500,2575.500,1.086,179.2,8.984e+00,1.679e-04,49.185,49.211,273.8,1.471e+05,0.000,477.254,178.2,8.695e+00,1.632e-04,0.0,1.526e-04,1.847e-04,1.716e-04,2.2,9.55,270.8,322.21,2.9,-6.5,13.2,5.1,106.1,0.0,-29.1,-1.2,77.0,-1.2,45.0,45.0,137.02,17.73,220.71,0.62,111.76,74.92,9.94,1377648.0,3.6220e+21,2.986e+02,1.401e+00,27.832,0.9995,7.7286e+19,2.79,2.13,36.40,3.4400e+21,95.55,94.97,28.00,1.0475e+20,1.66,2.89,16.00,0.043
420.0,300.000,50.00,75.00,2875.500,2575.500,1.086,180.0,9.208e+00,1.715e-04,49.350,49.357,274.2,1.475e+05,0.000,477.794,178.2,8.695e+00,1.632e-04,0.0,1.559e-04,1.887e-04,1.948e-04,13.6,9.55,257.3,322.21,5.1,-4.5,15.6,19.4,106.1,0.0,-103.1,-41.3,3.0,-41.3,45.0,45.0,137.02,17.73,220.71,2.29,105.81,74.92,9.94,1377648.0,3.6884e+21,2.983e+02,1.401e+00,27.853,0.9992,8.3037e+19,2.94,2.25,36.40,3.5022e+21,95.45,94.95,28.00,1.0316e+20,1.61,2.80,16.00,0.075
430.0,300.000,75.00,25.00,2875.500,2575.500,1.086,180.8,9.460e+00,1.756e-04,49.533,49.519,274.8,1.480e+05,0.000,478.393,178.2,8.695e+00,1.632e-04,0.0,1.596e-04,1.931e-04,1.795e-04,2.3,9.55,271.7,760.03,7.6,-2.2,18.3,10.0,69.1,0.0,-84.7,-47.0,-15.7,-47.0,45.0,45.0,137.02,17.73,220.71,22.95,86.73,74.92,9.94,1377648.0,3.7632e+21,2.979e+02,1.401e+00,27.877,0.9990,8.9864e+19,3.12,2.39,36.40,3.5719e+21,95.34,94.92,28.00,1.0142e+20,1.55,2.70,16.00,0.110
440.0,300.000,75.00,50.00,2875.500,2575.500,1.086,180.7,9.425e+00,1.750e-04,49.508,49.496,274.7,1.480e+05,0.000,478.311,178.2,8.695e+00,1.632e-04,0.0,1.591e-04,1.925e-04,2.062e-04,17.8,9.55,253.1,129.84,7.2,-2.5,18.0,26.3,69.1,0.0,-18.9,-11.9,50.2,-11.9,45.0,45.0,137.02,17.73,220.70,0.62,87.07,74.92,9.94,1377648.0,3.7529e+21,2.980e+02,1.401e+00,27.874,0.9990,8.8898e+19,3.09,2.37,36.40,3.5623e+21,95.35,94.92,28.00,1.0166e+20,1.55,2.71,16.00,0.106
450.0,300.000,75.00,75.00,2875.500,2575.500,1.086,181.5,9.660e+00,1.788e-04,49.675,49.644,275.2,1.484e+05,0.000,478.859,178.2,8.695e+00,1.632e-04,0.0,1.625e-04,1.967e-04,1.908e-04,6.7,9.55,266.4,129.84,9.5,-0.4,20.5,16.9,69.1,0.0,17.3,-20.3,86.4,-20.3,45.0,45.0,137.02,17.73,220.70,2.29,84.80,74.92,9.94,1377648.0,3.8223e+21,2.977e+02,1.401e+00,27.896,0.9988,9.5515e+19,3.26,2.50,36.40,3.6267e+21,95.24,94.88,28.00,1.0011e+20,1.50,2.62,16.00,0.138
460.0,250.000,25.00,25.00,2825.500,2575.500,1.125,174.7,2.347e+01,4.489e-04,46.335,45.380,270.4,1.458e+05,0.000,404.700,176.3,2.462e+01,4.671e-04,0.0,4.081e-04,4.938e-04,5.425e-04,20.8,9.55,246.0,2195.20,-3.9,-12.6,5.7,16.1,117.2,0.0,-1.1,41.3,116.1,41.3,42.0,42.0,137.02,17.73,220.70,22.95,134.60,74.92,9.94,1377648.0,9.6749e+21,2.992e+02,1.399e+00,27.739,0.9983,1.3114e+20,1.78,1.36,36.40,9.2414e+21,96.42,95.52,28.00,3.0243e+20,1.80,3.13,16.00,-0.060
470.0,250.000,25.00,50.00,2825.500,2575.500,1.125,174.5,2.337e+01,4.475e-04,46.305,45.355,270.4,1.457e+05,0.000,404.596,176.3,2.462e+01,4.671e-04,0.0,4.068e-04,4.922e-04,4.189e-04,-6.4,9.55,279.4,495.88,-4.2,-12.9,5.4,-10.3,117.2,0.0,-38.3,49.2,78.8,49.2,42.0,42.0,137.02,17.73,220.70,0.62,136.31,74.92,9.94,1377648.0,9.6409e+21,2.993e+02,1.399e+00,27.734,0.9983,1.2668e+20,1.72,1.31,36.40,9.2121e+21,96.47,95.55,28.00,3.0221e+20,1.81,3.13,16.00,-0.065
480.0,250.000,25.00,75.00,2825.500,2575.500,1.125,175.4,2.399e+01,4.571e-04,46.508,45.523,271.0,1.461e+05,0.000,405.293,176.3,2.462e+01,4.671e-04,0.0,4.156e-04,5.028e-04,4.065e-04,-11.1,9.55,287.4,495.88,-2.1,-11.0,7.6,-13.0,117.2,0.0,81.5,31.6,198.7,31.6,42.0,42.0,137.02,17.73,220.69,2.29,125.75,74.92,9.94,1377648.0,9.8722e+21,2.991e+02,1.400e+00,27.767,0.9989,1.5947e+20,2.12,1.62,36.40,9.4091e+21,96.11,95.31,28.00,3.0369e+20,1.77,3.08,16.00,-0.033
490.0,250.000,50.00,25.00,2825.500,2575.500,1.125,177.3,2.541e+01,4.800e-04,46.924,45.877,272.3,1.471e+05,0.000,406.550,176.3,2.462e+01,4.671e-04,0.0,4.364e-04,5.280e-04,4.396e-04,-8.4,9.55,284.6,1249.66,2.8,-6.6,13.0,-5.9,100.1,0.0,-22.2,119.4,77.9,119.4,42.0,42.0,137.02,17.73,220.69,22.95,110.85,74.92,9.94,1377648.0,1.0350e+22,2.985e+02,1.401e+00,27.837,0.9995,2.2314e+20,2.82,2.16,36.40,9.8296e+21,95.53,94.97,28.00,2.9704e+20,1.65,2.87,16.00,0.048
500.0,250.000,50.00,50.00,2825.500,2575.500,1.125,177.2,2.533e+01,4.787e-04,46.903,45.858,272.2,1.471e+05,0.000,406.495,176.3,2.462e+01,4.671e-04,0.0,4.352e-04,5.266e-04,4.093e-04,-14.5,9.55,294.4,351.77,2.5,-6.8,12.7,-12.4,100.1,0.0,34.7,128.5,134.7,128.5,42.0,42.0,137.02,17.73,220.69,0.62,111.76,74.92,9.94,1377648.0,1.0326e+22,2.986e+02,1.401e+00,27.834,0.9995,2.2085e+20,2.80,2.14,36.40,9.8076e+21,95.54,94.98,28.00,2.9786e+20,1.66,2.88,16.00,0.043
510.0,250.000,50.00,75.00,2825.500,2575.500,1.125,177.9,2.588e+01,4.875e-04,47.044,45.981,272.7,1.475e+05,0.000,406.864,176.3,2.462e+01,4.671e-04,0.0,4.432e-04,5.363e-04,5.015e-04,2.9,9.55,268.8,351.77,4.4,-5.1,14.8,7.4,100.1,0.0,61.7,-16.8,161.8,-16.8,42.0,42.0,137.02,17.73,220.69,2.29,105.80,74.92,9.94,1377648.0,1.0485e+22,2.983e+02,1.401e+00,27.855,0.9993,2.3661e+20,2.95,2.26,36.40,9.9558e+21,95.45,94.95,28.00,2.9245e+20,1.60,2.79,16.00,0.075
520.0,250.000,75.00,25.00,2825.500,2575.500,1.124,178.7,2.649e+01,4.975e-04,47.201,46.117,273.1,1.480e+05,0.000,407.272,176.3,2.462e+01,4.671e-04,0.0,4.522e-04,5.472e-04,4.642e-04,-6.7,9.55,282.7,829.78,6.5,-3.2,17.1,-0.6,65.2,0.0,8.1,-18.5,73.3,-18.5,42.0,42.0,137.02,17.73,220.68,22.95,86.73,74.92,9.94,1377648.0,1.0663e+22,2.979e+02,1.401e+00,27.878,0.9990,2.5520e+20,3.12,2.39,36.40,1.0121e+22,95.33,94.92,28.00,2.8664e+20,1.54,2.69,16.00,0.110
530.0,250.000,75.00,50.00,2825.500,2575.500,1.124,178.6,2.640e+01,4.961e-04,47.180,46.099,273.1,1.480e+05,0.000,407.216,176.3,2.462e+01,4.671e-04,0.0,4.510e-04,5.457e-04,4.681e-04,-5.6,9.55,281.1,141.75,6.2,-3.5,16.8,0.2,65.2,0.0,21.9,-6.1,87.2,-6.1,42.0,42.0,137.02,17.73,220.68,0.62,87.07,74.92,9.94,1377648.0,1.0638e+22,2.980e+02,1.401e+00,27.875,0.9990,2.5259e+20,3.10,2.37,36.40,1.0098e+22,95.35,94.92,28.00,2.8742e+20,1.55,2.70,16.00,0.106
540.0,250.000,75.00,75.00,2825.500,2575.500,1.124,179.3,2.697e+01,5.053e-04,47.323,46.223,273.5,1.484e+05,0.000,407.590,176.3,2.462e+01,4.671e-04,0.0,4.593e-04,5.558e-04,5.865e-04,16.1,9.55,253.9,141.75,8.2,-1.7,19.0,25.6,65.2,0.0,38.4,50.0,103.7,50.0,42.0,42.0,137.02,17.73,220.68,2.29,84.80,74.92,9.94,1377648.0,1.0804e+22,2.977e+02,1.401e+00,27.897,0.9988,2.7061e+20,3.27,2.50,36.40,1.0251e+22,95.23,94.88,28.00,2.8220e+20,1.50,2.61,16.00,0.138
550.0,200.000,25.00,25.00,2775.500,2575.500,1.165,169.1,7.131e+01,1.409e-03,43.336,41.785,266.1,1.458e+05,0.000,330.341,170.5,7.419e+01,1.456e-03,0.0,1.281e-03,1.550e-03,1.133e-03,-19.6,9.55,296.7,2428.01,-3.2,-12.0,6.5,-22.1,97.3,0.0,57.8,-18.8,155.1,-18.8,35.0,35.0,137.02,17.73,220.67,22.96,134.61,74.92,9.94,1377648.0,3.0372e+22,2.992e+02,1.399e+00,27.740,0.9983,4.1223e+20,1.78,1.36,36.40,2.9012e+22,96.42,95.52,28.00,9.4782e+20,1.80,3.12,16.00,-0.060
560.0,200.000,25.00,50.00,2775.500,2575.500,1.165,169.0,7.108e+01,1.405e-03,43.312,41.766,266.0,1.457e+05,0.000,330.276,170.5,7.419e+01,1.456e-03,0.0,1.278e-03,1.546e-03,1.499e-03,6.7,9.55,257.5,547.90,-3.4,-12.2,6.2,3.0,97.3,0.0,12.2,-56.6,109.5,-56.6,35.0,35.0,137.02,17.73,220.67,0.62,136.30,74.92,9.94,1377648.0,3.0284e+22,2.993e+02,1.399e+00,27.735,0.9982,3.9856e+20,1.73,1.32,36.40,2.8938e+22,96.47,95.55,28.00,9.4770e+20,1.81,3.13,16.00,-0.065
570.0,200.000,25.00,75.00,2775.500,2575.500,1.165,169.7,7.261e+01,1.430e-03,43.476,41.895,266.6,1.461e+05,0.000,330.714,170.5,7.419e+01,1.456e-03,0.0,1.300e-03,1.573e-03,1.489e-03,4.1,9.55,261.2,547.90,-1.8,-10.7,8.1,2.3,97.3,0.0,-16.4,-30.3,80.9,-30.3,35.0,35.0,137.02,17.73,220.67,2.29,125.74,74.92,9.94,1377648.0,3.0889e+22,2.991e+02,1.400e+00,27.767,0.9989,4.9986e+20,2.12,1.62,36.40,2.9440e+22,96.11,95.31,28.00,9.4852e+20,1.77,3.07,16.00,-0.033
580.0,200.000,50.00,25.00,2775.500,2575.500,1.165,171.4,7.621e+01,1.489e-03,43.821,42.178,267.7,1.471e+05,0.001,331.538,170.5,7.419e+01,1.456e-03,0.0,1.354e-03,1.638e-03,1.347e-03,-9.6,9.55,281.5,1380.91,2.3,-7.0,12.5,-7.5,83.4,0.0,30.5,-59.4,113.8,-59.4,35.0,35.0,137.02,17.73,220.67,22.96,110.85,74.92,9.94,1377648.0,3.2113e+22,2.985e+02,1.401e+00,27.838,0.9995,6.9342e+20,2.82,2.16,36.40,3.0500e+22,95.53,94.98,28.00,9.2003e+20,1.65,2.86,16.00,0.048
590.0,200.000,50.00,50.00,2775.500,2575.500,1.165,171.3,7.601e+01,1.486e-03,43.803,42.163,267.7,1.471e+05,0.001,331.500,170.5,7.419e+01,1.456e-03,0.0,1.351e-03,1.635e-03,1.438e-03,-3.2,9.55,272.0,388.66,2.1,-7.2,12.3,-1.2,83.4,0.0,-36.3,-1.6,47.1,-1.6,35.0,35.0,137.02,17.73,220.66,0.62,111.75,74.92,9.94,1377648.0,3.2055e+22,2.986e+02,1.401e+00,27.834,0.9995,6.8665e+20,2.80,2.14,36.40,3.0445e+22,95.54,94.98,28.00,9.2293e+20,1.66,2.88,16.00,0.043
600.0,200.000,50.00,75.00,2775.500,2575.500,1.165,172.0,7.740e+01,1.509e-03,43.925,42.266,268.0,1.475e+05,0.001,331.756,170.5,7.419e+01,1.456e-03,0.0,1.372e-03,1.660e-03,1.375e-03,-8.9,9.55,280.9,388.66,3.7,-5.8,14.0,-5.6,83.4,0.0,44.1,-71.1,127.4,-71.1,35.0,35.0,137.02,17.73,220.66,2.29,105.79,74.92,9.94,1377648.0,3.2454e+22,2.983e+02,1.401e+00,27.856,0.9992,7.3356e+20,2.95,2.26,36.40,3.0816e+22,95.45,94.96,28.00,9.0356e+20,1.60,2.78,16.00,0.075
610.0,200.000,75.00,25.00,2775.500,2575.500,1.165,172.7,7.895e+01,1.535e-03,44.058,42.380,268.5,1.480e+05,0.001,332.038,170.5,7.419e+01,1.456e-03,0.0,1.395e-03,1.688e-03,1.395e-03,-9.1,9.55,281.6,916.93,5.4,-4.2,16.0,-4.2,54.6,0.0,4.1,20.2,58.8,20.2,35.0,35.0,137.02,17.73,220.66,22.96,86.73,74.92,9.94,1377648.0,3.2899e+22,2.979e+02,1.401e+00,27.879,0.9990,7.8858e+20,3.13,2.40,36.40,3.1228e+22,95.33,94.92,28.00,8.8283e+20,1.54,2.68,16.00,0.110
620.0,200.000,75.00,50.00,2775.500,2575.500,1.165,172.6,7.874e+01,1.531e-03,44.040,42.365,268.4,1.480e+05,0.001,332.000,170.5,7.419e+01,1.456e-03,0.0,1.392e-03,1.684e-03,1.674e-03,9.3,9.55,256.7,156.60,5.2,-4.4,15.7,15.0,54.6,0.0,-9.6,36.1,45.0,36.1,35.0,35.0,137.02,17.73,220.66,0.62,87.07,74.92,9.94,1377648.0,3.2838e+22,2.980e+02,1.401e+00,27.876,0.9990,7.8090e+20,3.11,2.38,36.40,3.1172e+22,95.35,94.93,28.00,8.8561e+20,1.55,2.70,16.00,0.106
630.0,200.000,75.00,75.00,2775.500,2575.500,1.165,173.2,8.018e+01,1.555e-03,44.163,42.469,268.8,1.484e+05,0.001,332.259,170.5,7.419e+01,1.456e-03,0.0,1.414e-03,1.711e-03,1.599e-03,2.8,9.55,265.1,156.60,6.8,-2.9,17.5,9.9,54.6,0.0,19.3,6.4,74.0,6.4,35.0,35.0,137.02,17.73,220.65,2.29,84.79,74.92,9.94,1377648.0,3.3253e+22,2.977e+02,1.401e+00,27.898,0.9988,8.3427e+20,3.27,2.51,36.40,3.1552e+22,95.23,94.88,28.00,8.6701e+20,1.50,2.61,16.00,0.138
640.0,150.000,25.00,25.00,2725.500,2575.500,1.209,160.8,2.372e+02,4.929e-03,39.723,37.777,259.5,1.458e+05,0.002,255.059,161.9,2.449e+02,5.058e-03,0.0,4.481e-03,5.422e-03,5.293e-03,7.4,9.55,250.4,2727.35,-2.6,-11.4,7.2,4.6,77.5,0.0,-4.6,1.0,72.9,1.0,28.0,28.0,137.02,17.73,220.65,22.96,134.62,74.92,9.94,1377648.0,1.0624e+23,2.992e+02,1.399e+00,27.741,0.9983,1.4459e+21,1.79,1.36,36.40,1.0149e+23,96.42,95.53,28.00,3.3048e+21,1.79,3.11,16.00,-0.060
650.0,150.000,25.00,50.00,2725.500,2575.500,1.209,160.7,2.366e+02,4.919e-03,39.704,37.761,259.4,1.457e+05,0.002,255.025,161.9,2.449e+02,5.058e-03,0.0,4.471e-03,5.411e-03,5.626e-03,14.4,9.55,242.6,614.79,-2.8,-11.6,7.0,11.2,77.5,0.0,-9.5,31.2,68.0,31.2,28.0,28.0,137.02,17.73,220.65,0.62,136.30,74.92,9.94,1377648.0,1.0599e+23,2.992e+02,1.399e+00,27.737,0.9982,1.3990e+21,1.73,1.32,36.40,1.0129e+23,96.47,95.56,28.00,3.3062e+21,1.80,3.12,16.00,-0.065
660.0,150.000,25.00,75.00,2725.500,2575.500,1.209,161.3,2.407e+02,4.988e-03,39.830,37.870,259.9,1.461e+05,0.002,255.253,161.9,2.449e+02,5.058e-03,0.0,4.534e-03,5.486e-03,4.831e-03,-3.1,9.55,264.1,614.79,-1.4,-10.4,8.5,-4.5,77.5,0.0,-9.6,-15.9,67.9,-15.9,28.0,28.0,137.02,17.73,220.65,2.29,125.73,74.92,9.94,1377648.0,1.0772e+23,2.991e+02,1.400e+00,27.769,0.9989,1.7489e+21,2.13,1.62,36.40,1.0268e+23,96.11,95.32,28.00,3.2969e+21,1.76,3.06,16.00,-0.033
670.0,150.000,50.00,25.00,2725.500,2575.500,1.209,162.8,2.503e+02,5.153e-03,40.107,38.109,260.9,1.471e+05,0.002,255.738,161.9,2.449e+02,5.058e-03,0.0,4.684e-03,5.668e-03,4.366e-03,-15.3,9.55,283.4,1549.67,1.9,-7.4,12.1,-13.7,66.7,0.0,-10.8,-29.8,55.9,-29.8,28.0,28.0,137.02,17.73,220.64,22.96,110.86,74.92,9.94,1377648.0,1.1111e+23,2.985e+02,1.401e+00,27.839,0.9995,2.4061e+21,2.83,2.17,36.40,1.0553e+23,95.53,94.98,28.00,3.1724e+21,1.64,2.86,16.00,0.048
680.0,150.000,50.00,50.00,2725.500,2575.500,1.209,162.7,2.498e+02,5.143e-03,40.092,38.096,260.8,1.471e+05,0.002,255.712,161.9,2.449e+02,5.058e-03,0.0,4.676e-03,5.658e-03,5.256e-03,2.2,9.55,258.0,436.10,1.7,-7.6,11.8,3.9,66.7,0.0,-80.4,7.4,-13.7,7.4,28.0,28.0,137.02,17.73,220.64,0.62,111.75,74.92,9.94,1377648.0,1.1095e+23,2.985e+02,1.401e+00,27.836,0.9995,2.3838e+21,2.81,2.15,36.40,1.0538e+23,95.54,94.98,28.00,3.1837e+21,1.65,2.87,16.00,0.043
690.0,150.000,50.00,75.00,2725.500,2575.500,1.209,163.2,2.536e+02,5.208e-03,40.194,38.184,261.2,1.475e+05,0.002,255.885,161.9,2.449e+02,5.058e-03,0.0,4.735e-03,5.729e-03,4.964e-03,-4.7,9.55,267.5,436.10,3.0,-6.4,13.3,-1.9,66.7,0.0,-32.3,-9.6,34.4,-9.6,28.0,28.0,137.02,17.73,220.64,2.29,105.78,74.92,9.94,1377648.0,1.1201e+23,2.982e+02,1.401e+00,27.857,0.9992,2.5393e+21,2.96,2.27,36.40,1.0636e+23,95.44,94.96,28.00,3.1078e+21,1.59,2.77,16.00,0.075
700.0,150.000,75.00,25.00,2725.500,2575.500,1.209,163.9,2.577e+02,5.280e-03,40.307,38.280,261.5,1.480e+05,0.002,256.074,161.9,2.449e+02,5.058e-03,0.0,4.800e-03,5.808e-03,5.515e-03,4.5,9.55,255.9,1028.99,4.4,-5.1,14.8,9.0,44.0,0.0,-14.1,-3.2,29.9,-3.2,28.0,28.0,137.02,17.73,220.64,22.96,86.74,74.92,9.94,1377648.0,1.1318e+23,2.979e+02,1.401e+00,27.881,0.9990,2.7206e+21,3.14,2.40,36.40,1.0743e+23,95.33,94.92,28.00,3.0271e+21,1.53,2.67,16.00,0.110
710.0,150.000,75.00,50.00,2725.500,2575.500,1.209,163.8,2.572e+02,5.270e-03,40.291,38.267,261.5,1.480e+05,0.002,256.049,161.9,2.449e+02,5.058e-03,0.0,4.791e-03,5.797e-03,5.122e-03,-2.8,9.55,265.3,175.69,4.2,-5.3,14.6,1.3,44.0,0.0,-36.1,-9.7,7.9,-9.7,28.0,28.0,137.02,17.73,220.63,0.62,87.07,74.92,9.94,1377648.0,1.1302e+23,2.979e+02,1.401e+00,27.878,0.9990,2.6954e+21,3.11,2.38,36.40,1.0729e+23,95.34,94.93,28.00,3.0379e+21,1.54,2.69,16.00,0.106
720.0,150.000,75.00,75.00,2725.500,2575.500,1.209,164.4,2.611e+02,5.336e-03,40.395,38.356,261.8,1.484e+05,0.002,256.223,161.9,2.449e+02,5.058e-03,0.0,4.851e-03,5.870e-03,4.755e-03,-10.9,9.55,277.4,175.69,5.5,-4.1,16.0,-6.0,44.0,0.0,-42.2,-16.5,1.8,-16.5,28.0,28.0,137.02,17.73,220.63,2.29,84.79,74.92,9.94,1377648.0,1.1411e+23,2.976e+02,1.401e+00,27.900,0.9987,2.8713e+21,3.28,2.52,36.40,1.0828e+23,95.23,94.89,28.00,2.9654e+21,1.49,2.60,16.00,0.138
730.0,100.000,25.00,25.00,2675.500,2575.500,1.254,141.2,9.199e+02,2.178e-02,33.506,29.504,243.1,1.458e+05,0.006,169.724,142.1,9.425e+02,2.219e-02,0.0,1.931e-02,2.456e-02,2.225e-02,2.1,12.05,240.6,3126.46,-1.9,-13.0,10.7,0.2,57.7,0.0,10.8,3.1,68.5,3.1,21.0,21.0,137.02,17.73,220.63,22.96,134.63,74.92,9.94,1377648.0,4.6947e+23,2.992e+02,1.400e+00,27.741,0.9983,6.3883e+21,1.79,1.36,36.40,4.4848e+23,96.42,95.53,28.00,1.4604e+22,1.79,3.11,16.00,-0.060
740.0,100.000,25.00,50.00,2675.500,2575.500,1.254,141.1,9.181e+02,2.175e-02,33.492,29.494,243.1,1.457e+05,0.006,169.704,142.1,9.425e+02,2.219e-02,0.0,1.928e-02,2.453e-02,2.509e-02,15.4,12.05,226.3,703.97,-2.0,-13.1,10.5,13.1,57.7,0.0,-29.5,-21.6,28.1,-21.6,21.0,21.0,137.02,17.73,220.63,0.62,136.29,74.92,9.94,1377648.0,4.6864e+23,2.992e+02,1.399e+00,27.737,0.9982,6.1863e+21,1.73,1.32,36.40,4.4783e+23,96.47,95.56,28.00,1.4618e+22,1.80,3.12,16.00,-0.065
750.0,100.000,25.00,75.00,2675.500,2575.500,1.254,141.6,9.302e+02,2.197e-02,33.588,29.560,243.5,1.461e+05,0.006,169.840,142.1,9.425e+02,2.219e-02,0.0,1.948e-02,2.478e-02,2.335e-02,6.3,12.05,236.2,703.97,-1.0,-12.2,11.6,5.2,57.7,0.0,-16.3,-64.3,41.3,-64.3,21.0,21.0,137.02,17.73,220.62,2.29,125.71,74.92,9.94,1377648.0,4.7448e+23,2.991e+02,1.400e+00,27.769,0.9989,7.7054e+21,2.13,1.62,36.40,4.5225e+23,96.11,95.32,28.00,1.4521e+22,1.76,3.06,16.00,-0.033
760.0,100.000,50.00,25.00,2675.500,2575.500,1.254,142.7,9.589e+02,2.251e-02,33.799,29.706,244.3,1.471e+05,0.007,170.122,142.1,9.425e+02,2.219e-02,0.0,1.996e-02,2.538e-02,2.150e-02,-4.5,12.05,249.9,1774.68,1.4,-10.1,14.4,-3.1,50.0,0.0,-3.4,35.2,46.6,35.2,21.0,21.0,137.02,17.73,220.62,22.96,110.86,74.92,9.94,1377648.0,4.8531e+23,2.985e+02,1.401e+00,27.839,0.9994,1.0509e+22,2.83,2.17,36.40,4.6094e+23,95.53,94.98,28.00,1.3857e+22,1.64,2.86,16.00,0.048
770.0,100.000,50.00,50.00,2675.500,2575.500,1.254,142.7,9.573e+02,2.248e-02,33.788,29.698,244.3,1.471e+05,0.007,170.107,142.1,9.425e+02,2.219e-02,0.0,1.993e-02,2.535e-02,2.418e-02,7.6,12.05,235.5,499.34,1.3,-10.2,14.2,8.9,50.0,0.0,-10.3,-9.6,39.7,-9.6,21.0,21.0,137.02,17.73,220.62,0.63,111.75,74.92,9.94,1377648.0,4.8486e+23,2.985e+02,1.401e+00,27.836,0.9994,1.0417e+22,2.81,2.15,36.40,4.6053e+23,95.54,94.98,28.00,1.3912e+22,1.65,2.87,16.00,0.043
780.0,100.000,50.00,75.00,2675.500,2575.500,1.254,143.1,9.686e+02,2.269e-02,33.865,29.753,244.6,1.475e+05,0.007,170.206,142.1,9.425e+02,2.219e-02,0.0,2.012e-02,2.559e-02,2.300e-02,1.4,12.05,242.9,499.34,2.2,-9.4,15.3,3.6,50.0,0.0,6.3,-16.6,56.3,-16.6,21.0,21.0,137.02,17.73,220.61,2.29,105.77,74.92,9.94,1377648.0,4.8799e+23,2.982e+02,1.401e+00,27.858,0.9992,1.1064e+22,2.96,2.27,36.40,4.6338e+23,95.44,94.96,28.00,1.3540e+22,1.59,2.77,16.00,0.075
790.0,100.000,75.00,25.00,2675.500,2575.500,1.254,143.7,9.810e+02,2.292e-02,33.950,29.812,244.9,1.480e+05,0.007,170.313,142.1,9.425e+02,2.219e-02,0.0,2.033e-02,2.585e-02,2.151e-02,-6.2,12.05,252.8,1178.40,3.3,-8.4,16.5,-3.1,33.4,0.0,15.6,31.8,49.0,31.8,21.0,21.0,137.02,17.73,220.61,22.96,86.74,74.92,9.94,1377648.0,4.9147e+23,2.979e+02,1.401e+00,27.881,0.9989,1.1813e+22,3.14,2.40,36.40,4.6651e+23,95.33,94.92,28.00,1.3145e+22,1.53,2.67,16.00,0.110
800.0,100.000,75.00,50.00,2675.500,2575.500,1.254,143.6,9.793e+02,2.289e-02,33.939,29.804,244.8,1.480e+05,0.007,170.299,142.1,9.425e+02,2.219e-02,0.0,2.030e-02,2.582e-02,2.004e-02,-12.5,12.05,261.7,201.15,3.1,-8.5,16.3,-9.7,33.4,0.0,1.1,62.8,34.6,62.8,21.0,21.0,137.02,17.73,220.61,0.63,87.07,74.92,9.94,1377648.0,4.9100e+23,2.979e+02,1.401e+00,27.878,0.9989,1.1710e+22,3.11,2.38,36.40,4.6609e+23,95.34,94.93,28.00,1.3197e+22,1.54,2.69,16.00,0.106
810.0,100.000,75.00,75.00,2675.500,2575.500,1.254,144.1,9.909e+02,2.311e-02,34.017,29.859,245.1,1.484e+05,0.007,170.398,142.1,9.425e+02,2.219e-02,0.0,2.049e-02,2.606e-02,2.072e-02,-10.4,12.05,258.9,201.15,4.1,-7.7,17.4,-6.7,33.4,0.0,-18.0,51.1,15.5,51.1,21.0,21.0,137.02,17.73,220.61,2.29,84.79,74.92,9.94,1377648.0,4.9427e+23,2.976e+02,1.402e+00,27.900,0.9987,1.2438e+22,3.28,2.52,36.40,4.6899e+23,95.23,94.89,28.00,1.2844e+22,1.49,2.60,16.00,0.138
820.0,50.000,25.00,25.00,2625.500,2575.500,1.302,70.9,7.503e+03,3.548e-01,16.193,15.784,172.1,1.458e+05,0.051,48.040,71.3,7.600e+03,3.576e-01,0.0,3.140e-01,4.009e-01,3.738e-01,5.4,12.25,167.6,3685.24,-0.8,-12.2,12.1,4.5,40.3,0.0,11.1,-4.3,51.4,-4.3,14.0,14.0,137.02,17.73,220.60,22.96,134.63,74.92,9.94,1377648.0,7.6481e+24,2.982e+02,1.400e+00,27.741,0.9949,1.0406e+23,1.79,1.36,36.40,7.3062e+24,96.42,95.53,28.00,2.3791e+23,1.79,3.11,16.00,-0.060
830.0,50.000,25.00,50.00,2625.500,2575.500,1.302,70.9,7.495e+03,3.546e-01,16.188,15.782,172.0,1.457e+05,0.051,48.033,71.3,7.600e+03,3.576e-01,0.0,3.138e-01,4.007e-01,3.846e-01,8.5,12.25,165.2,828.85,-0.9,-12.3,12.0,7.5,40.3,0.0,-21.2,3.3,19.2,3.3,14.0,14.0,137.02,17.73,220.60,0.63,136.29,74.92,9.94,1377648.0,7.6412e+24,2.982e+02,1.400e+00,27.737,0.9948,1.0088e+23,1.73,1.32,36.40,7.3020e+24,96.47,95.56,28.00,2.3835e+23,1.80,3.12,16.00,-0.065
840.0,50.000,25.00,75.00,2625.500,2575.500,1.302,71.1,7.547e+03,3.561e-01,16.228,15.795,172.3,1.461e+05,0.052,48.083,71.3,7.600e+03,3.576e-01,0.0,3.151e-01,4.024e-01,3.409e-01,-4.3,12.25,176.1,828.85,-0.4,-11.9,12.5,-4.7,40.3,0.0,-15.1,10.8,25.2,10.8,14.0,14.0,137.02,17.73,220.60,2.29,125.70,74.92,9.94,1377648.0,7.6910e+24,2.981e+02,1.401e+00,27.769,0.9955,1.2494e+23,2.13,1.62,36.40,7.3307e+24,96.11,95.32,28.00,2.3537e+23,1.76,3.06,16.00,-0.032
850.0,50.000,50.00,25.00,2625.500,2575.500,1.302,71.6,7.677e+03,3.602e-01,16.316,15.827,172.8,1.471e+05,0.052,48.184,71.3,7.600e+03,3.576e-01,0.0,3.188e-01,4.070e-01,4.013e-01,11.4,12.25,163.8,2089.71,0.7,-10.9,13.8,12.2,35.4,0.0,5.6,-0.3,41.0,-0.3,14.0,14.0,137.02,17.73,220.60,22.96,110.86,74.92,9.94,1377648.0,7.7670e+24,2.975e+02,1.402e+00,27.839,0.9960,1.6819e+23,2.83,2.17,36.40,7.3770e+24,95.53,94.98,28.00,2.2178e+23,1.64,2.86,16.00,0.048
860.0,50.000,50.00,50.00,2625.500,2575.500,1.302,71.6,7.669e+03,3.599e-01,16.311,15.825,172.8,1.471e+05,0.052,48.179,71.3,7.600e+03,3.576e-01,0.0,3.185e-01,4.067e-01,3.178e-01,-11.7,12.25,183.9,587.91,0.6,-10.9,13.7,-11.1,35.4,0.0,17.7,-13.9,53.0,-13.9,14.0,14.0,137.02,17.73,220.59,0.63,111.75,74.92,9.94,1377648.0,7.7649e+24,2.975e+02,1.402e+00,27.836,0.9961,1.6684e+23,2.81,2.15,36.40,7.3753e+24,95.54,94.98,28.00,2.2280e+23,1.65,2.87,16.00,0.043
870.0,50.000,50.00,75.00,2625.500,2575.500,1.302,71.8,7.722e+03,3.617e-01,16.343,15.837,173.0,1.475e+05,0.052,48.212,71.3,7.600e+03,3.576e-01,0.0,3.201e-01,4.087e-01,3.836e-01,6.1,12.25,168.0,587.91,1.1,-10.5,14.3,7.3,35.4,0.0,-1.9,10.6,33.5,10.6,14.0,14.0,137.02,17.73,220.59,2.29,105.77,74.92,9.94,1377648.0,7.7793e+24,2.972e+02,1.402e+00,27.858,0.9958,1.7639e+23,2.96,2.27,36.40,7.3871e+24,95.44,94.96,28.00,2.1583e+23,1.59,2.77,16.00,0.075
880.0,50.000,75.00,25.00,2625.500,2575.500,1.302,72.1,7.780e+03,3.636e-01,16.378,15.851,173.2,1.480e+05,0.053,48.249,71.3,7.600e+03,3.576e-01,0.0,3.218e-01,4.109e-01,3.516e-01,-3.3,12.25,176.1,1387.59,1.7,-10.0,14.9,-1.7,24.2,0.0,3.5,-5.8,27.7,-5.8,14.0,14.0,137.02,17.73,220.59,22.96,86.74,74.92,9.94,1377648.0,7.7958e+24,2.969e+02,1.402e+00,27.881,0.9955,1.8738e+23,3.14,2.40,36.40,7.3999e+24,95.33,94.92,28.00,2.0852e+23,1.53,2.67,16.00,0.110
890.0,50.000,75.00,50.00,2625.500,2575.500,1.302,72.0,7.772e+03,3.633e-01,16.374,15.849,173.2,1.480e+05,0.053,48.244,71.3,7.600e+03,3.576e-01,0.0,3.215e-01,4.106e-01,3.971e-01,9.3,12.25,165.7,236.80,1.6,-10.1,14.8,11.0,24.2,0.0,-23.9,-26.4,0.3,-26.4,14.0,14.0,137.02,17.73,220.59,0.63,87.07,74.92,9.94,1377648.0,7.7935e+24,2.969e+02,1.402e+00,27.878,0.9956,1.8588e+23,3.11,2.39,36.40,7.3982e+24,95.34,94.93,28.00,2.0948e+23,1.54,2.69,16.00,0.106
900.0,50.000,75.00,75.00,2625.500,2575.500,1.302,72.3,7.825e+03,3.651e-01,16.406,15.861,173.4,1.484e+05,0.053,48.277,71.3,7.600e+03,3.576e-01,0.0,3.231e-01,4.126e-01,3.753e-01,2.8,12.25,171.0,236.80,2.1,-9.6,15.4,5.0,24.2,0.0,-25.4,15.4,-1.2,15.4,14.0,14.0,137.02,17.73,220.58,2.29,84.78,74.92,9.94,1377648.0,7.8094e+24,2.966e+02,1.402e+00,27.900,0.9953,1.9653e+23,3.28,2.52,36.40,7.4100e+24,95.23,94.89,28.00,2.0292e+23,1.49,2.60,16.00,0.138
