ElapsedTime_s,Height_km,Latitude_deg,LongitudeW_deg,TotalRadius_km,LatitudeRadius_km,Gravity_ms2,Temperature_K,Pressure_Pa,Density_kgm3,PressureScaleHeight_km,DensityScaleHeight_km,SpeedOfSound_ms,PressureAtSurface_Pa,SigmaLevel,PressureAltitude_km,ReferenceTemperature_K,ReferencePressure_Pa,ReferenceDensity_kgm3,ProfileWeight,LowDensity_kgm3,HighDensity_kgm3,PerturbedDensity_kgm3,DensityPerturbation_pct,DensityStandardDeviation_pct,PerturbedSpeedOfSound_ms,RelativeStepSize,DensityDeviation_pct,LowDensityDeviation_pct,HighDensityDeviation_pct,PerturbedDensityDeviation_pct,EWWind_ms,NSWind_ms,EWWindPerturbation_ms,NSWindPerturbation_ms,PerturbedEWWind_ms,PerturbedNSWind_ms,EWStandardDeviation_ms,NSStandardDeviation_ms,LongitudeOfTheSun,SubsolarLatitude_deg,SubsolarLongitudeW_deg,LocalSolarTime_hr,SolarZenithAngle_deg,OneWayLightTime_min,OrbitalRadius_AU,SecondsPerSol,TotalNumberDensity_m3,SpecificGasConstant_JkgK,SpecificHeatRatio,AverageMolecularWeight,CompressibilityFactor,H2nd_m3,H2mass_pct,H2mole_pct,H2amw,Hend_m3,Hemass_pct,Hemole_pct,Heamw,CH4nd_m3,CH4mass_pct,CH4mole_pct,CH4amw,MinMaxFactor
0.0,0.000,22.00,48.00,24703.308,24703.308,10.985,71.2,1.000e+05,4.423e-01,23.805,41.988,608.2,1.000e+05,1.000,-0.000,71.5,1.000e+05,4.402e-01,0.0,4.336e-01,4.512e-01,4.512e-01,2.0,1.98,602.2,68.90,0.5,-1.5,2.5,2.5,-310.8,0.0,-8.4,-25.8,-319.3,-25.8,25.0,25.0,305.67,-21.99,286.85,3.92,126.09,240.92,29.92,57996.0,1.0201e+26,3.177e+03,1.636e+00,2.611,0.9977,8.1332e+25,61.69,79.73,2.02,1.9078e+25,28.65,18.70,4.00,1.6043e+24,9.66,1.57,16.04,-0.089
500.0,20.000,22.30,48.50,24721.732,24701.732,10.968,54.8,3.252e+04,1.866e-01,16.286,19.261,536.7,1.000e+05,0.325,18.297,55.3,3.277e+04,1.865e-01,0.0,1.773e-01,1.964e-01,1.841e-01,-1.4,5.12,540.4,396.66,0.1,-4.9,5.3,-1.3,-295.1,0.0,-42.1,-24.3,-337.2,-24.3,25.0,25.0,305.67,-21.99,289.99,4.10,123.79,240.92,29.92,57996.0,4.3043e+25,3.179e+03,1.653e+00,2.610,0.9979,3.4319e+25,61.71,79.73,2.02,8.0501e+24,28.66,18.70,4.00,6.7446e+23,9.63,1.57,16.04,-0.090
1000.0,40.000,22.60,49.00,24740.140,24700.140,10.951,50.3,8.631e+03,5.383e-02,14.764,15.210,515.2,1.000e+05,0.086,36.171,51.0,8.823e+03,5.432e-02,0.0,4.961e-02,5.841e-02,5.153e-02,-4.3,8.17,526.6,667.23,-0.9,-8.7,7.5,-5.1,-279.4,0.0,8.2,0.4,-271.3,0.4,28.8,25.0,305.67,-21.99,293.12,4.27,121.50,240.92,29.92,57996.0,1.2416e+25,3.185e+03,1.656e+00,2.609,0.9993,9.8999e+24,61.73,79.74,2.02,2.3222e+24,28.67,18.70,4.00,1.9369e+23,9.59,1.56,16.04,-0.090
1500.0,60.000,22.90,49.50,24758.532,24698.532,10.935,54.0,2.283e+03,1.326e-02,15.538,14.390,532.9,1.000e+05,0.023,58.730,55.1,2.387e+03,1.359e-02,0.0,1.187e-02,1.482e-02,1.422e-02,7.2,11.13,514.6,657.80,-2.4,-12.7,9.1,4.7,-263.7,0.0,18.3,15.8,-245.4,15.8,35.2,25.0,305.67,-21.99,296.25,4.45,119.22,240.92,29.92,57996.0,3.0564e+24,3.187e+03,1.650e+00,2.608,0.9998,2.4373e+24,61.77,79.74,2.02,5.7170e+23,28.69,18.71,4.00,4.7425e+22,9.54,1.55,16.04,-0.090
2000.0,80.000,23.20,50.00,24776.907,24696.907,10.919,68.9,7.205e+02,3.280e-03,19.442,13.728,598.2,1.000e+05,0.007,95.910,70.3,7.717e+02,3.443e-03,0.0,2.852e-03,3.772e-03,4.177e-03,27.4,14.02,530.1,648.36,-4.7,-17.2,9.5,21.3,-248.1,0.0,1.1,2.7,-247.0,2.7,41.6,25.0,305.67,-21.99,299.38,4.63,116.96,240.92,29.92,57996.0,7.5644e+23,3.190e+03,1.629e+00,2.607,1.0001,6.0327e+23,61.80,79.75,2.02,1.4151e+23,28.71,18.71,4.00,1.1662e+22,9.49,1.54,16.04,-0.091
2500.0,100.000,23.50,50.50,24795.267,24695.267,10.902,103.1,3.276e+02,9.958e-04,29.083,20.399,722.0,1.000e+05,0.003,166.387,104.7,3.557e+02,1.065e-03,0.0,8.694e-04,1.141e-03,1.021e-03,2.5,13.62,713.1,638.93,-6.5,-18.4,7.1,-4.1,-232.4,0.0,-0.6,-15.9,-233.0,-15.9,48.0,25.0,305.67,-21.99,302.51,4.80,114.72,240.92,29.92,57996.0,2.2998e+23,3.192e+03,1.585e+00,2.605,1.0000,1.8343e+23,61.85,79.76,2.02,4.3028e+22,28.73,18.71,4.00,3.5176e+21,9.42,1.53,16.04,-0.090
3000.0,120.000,23.80,51.00,24813.610,24693.610,10.886,117.0,1.761e+02,4.713e-04,33.644,30.220,763.4,1.000e+05,0.002,213.372,118.7,1.929e+02,5.087e-04,0.0,4.131e-04,5.377e-04,4.352e-04,-7.7,13.22,794.5,408.45,-7.4,-18.8,5.7,-14.5,-216.7,0.0,-17.7,-18.9,-234.4,-18.9,54.4,27.2,305.67,-21.99,305.64,4.98,112.49,240.92,29.92,57996.0,1.0893e+23,3.194e+03,1.560e+00,2.603,1.0000,8.6896e+22,61.91,79.77,2.02,2.0383e+22,28.76,18.71,4.00,1.6503e+21,9.34,1.52,16.04,-0.090
3500.0,140.000,24.10,51.50,24831.938,24691.938,10.870,120.1,9.926e+01,2.584e-04,34.913,33.326,772.7,1.000e+05,0.001,241.433,122.0,1.096e+02,2.811e-04,0.0,2.274e-04,2.937e-04,3.013e-04,16.6,12.82,715.7,297.77,-8.1,-19.1,4.5,7.2,-201.1,0.0,-45.0,41.0,-246.1,41.0,60.8,30.4,305.67,-21.99,308.77,5.15,110.27,240.92,29.92,57996.0,5.9784e+22,3.197e+03,1.555e+00,2.601,1.0000,4.7700e+22,61.98,79.79,2.02,1.1189e+22,28.79,18.72,4.00,8.9532e+20,9.24,1.50,16.04,-0.090
4000.0,160.000,24.40,52.00,24850.251,24690.251,10.854,131.5,5.828e+01,1.384e-04,38.143,31.982,804.3,1.000e+05,0.001,284.083,133.4,6.483e+01,1.518e-04,0.0,1.223e-04,1.567e-04,1.363e-04,-1.5,12.41,810.5,254.22,-8.8,-19.4,3.2,-10.2,-185.5,0.0,-100.9,20.8,-286.3,20.8,67.2,33.6,305.67,-21.99,311.91,5.33,108.08,240.92,29.92,57996.0,3.2061e+22,3.201e+03,1.537e+00,2.598,1.0000,2.5586e+22,62.06,79.80,2.02,6.0017e+21,28.82,18.72,4.00,4.7348e+20,9.12,1.48,16.04,-0.089
4500.0,180.000,24.70,52.50,24868.548,24688.548,10.838,141.3,3.550e+01,7.837e-05,42.747,38.757,830.2,1.000e+05,0.000,339.566,143.3,3.973e+01,8.654e-05,0.0,6.952e-05,8.835e-05,6.611e-05,-15.6,12.01,903.9,240.48,-9.4,-19.7,2.1,-23.6,-169.8,0.0,23.7,40.2,-146.2,40.2,73.6,36.8,305.67,-21.99,315.04,5.50,105.90,240.92,29.92,57996.0,1.8177e+22,3.205e+03,1.522e+00,2.594,1.0000,1.4509e+22,62.15,79.82,2.02,3.4033e+21,28.87,18.72,4.00,2.6392e+20,8.98,1.45,16.04,-0.089
5000.0,200.000,25.00,53.00,24886.831,24686.831,10.822,147.9,2.228e+01,4.694e-05,42.957,39.074,847.3,1.000e+05,0.000,361.230,149.8,2.507e+01,5.214e-05,0.0,4.181e-05,5.270e-05,3.533e-05,-24.7,11.60,976.6,227.77,-10.0,-19.8,1.1,-32.2,-154.2,0.0,51.5,-8.9,-102.7,-8.9,80.0,40.0,305.67,-21.99,318.17,5.68,103.75,240.92,29.92,57996.0,1.0905e+22,3.210e+03,1.512e+00,2.590,1.0000,8.7071e+21,62.27,79.85,2.02,2.0424e+21,28.92,18.73,4.00,1.5512e+20,8.81,1.42,16.04,-0.088
5500.0,220.000,25.30,53.50,24905.099,24685.099,10.806,152.7,1.419e+01,2.890e-05,45.696,43.527,860.1,1.000e+05,0.000,404.898,154.6,1.604e+01,3.226e-05,0.0,2.585e-05,3.232e-05,2.897e-05,0.3,11.19,859.0,215.99,-10.4,-19.9,0.2,-10.2,-138.7,0.0,-5.3,12.1,-143.9,12.1,86.4,43.2,305.67,-21.99,321.30,5.85,101.61,240.92,29.92,57996.0,6.7262e+21,3.216e+03,1.507e+00,2.586,1.0000,5.3726e+21,62.40,79.88,2.02,1.2603e+21,28.99,18.74,4.00,9.3330e+19,8.61,1.39,16.04,-0.087
6000.0,240.000,25.60,54.00,24923.352,24683.352,10.790,155.7,9.186e+00,1.830e-05,46.026,43.793,868.9,1.000e+05,0.000,427.827,157.7,1.043e+01,2.052e-05,0.0,1.644e-05,2.039e-05,1.771e-05,-3.2,10.78,883.2,205.04,-10.8,-19.9,-0.7,-13.7,-123.1,0.0,-18.8,33.0,-141.9,33.0,92.8,46.4,305.67,-21.99,324.43,6.03,99.50,240.92,29.92,57996.0,4.2694e+21,3.223e+03,1.504e+00,2.580,1.0001,3.4117e+21,62.57,79.91,2.02,8.0027e+20,29.06,18.74,4.00,5.7488e+19,8.37,1.35,16.04,-0.086
6500.0,260.000,25.90,54.50,24941.591,24681.591,10.774,157.1,6.000e+00,1.182e-05,47.151,46.089,873.3,1.000e+05,0.000,458.372,159.1,6.840e+00,1.331e-05,0.0,1.066e-05,1.311e-05,1.233e-05,4.3,10.37,855.2,194.83,-11.1,-19.9,-1.4,-7.3,-107.5,0.0,-15.1,18.3,-122.7,18.3,99.2,49.6,305.67,-21.99,327.56,6.20,97.42,240.92,29.92,57996.0,2.7648e+21,3.231e+03,1.503e+00,2.573,1.0000,2.2104e+21,62.76,79.95,2.02,5.1850e+20,29.15,18.75,4.00,3.5899e+19,8.09,1.30,16.04,-0.085
7000.0,280.000,26.20,55.00,24959.815,24679.815,10.758,158.0,3.935e+00,7.684e-06,47.700,47.074,877.1,1.000e+05,0.000,483.827,160.1,4.503e+00,8.679e-06,0.0,6.957e-06,8.487e-06,9.413e-06,22.5,9.96,792.5,185.29,-11.5,-19.8,-2.2,8.5,-92.0,0.0,11.6,65.9,-80.4,65.9,105.6,52.8,305.67,-21.99,330.70,6.38,95.36,240.92,29.92,57996.0,1.8020e+21,3.241e+03,1.502e+00,2.566,1.0000,1.4415e+21,62.98,79.99,2.02,3.3812e+20,29.25,18.76,4.00,2.2390e+19,7.77,1.24,16.04,-0.084
7500.0,300.000,26.50,55.50,24978.026,24678.026,10.743,158.4,2.597e+00,5.041e-06,48.124,47.426,879.7,1.000e+05,0.000,508.120,160.6,2.984e+00,5.716e-06,0.0,4.583e-06,5.545e-06,5.209e-06,3.3,9.55,865.4,176.36,-11.8,-19.8,-3.0,-8.9,-76.5,0.0,126.2,30.9,49.7,30.9,112.0,56.0,305.67,-21.99,333.83,6.56,93.33,240.92,29.92,57996.0,1.1863e+21,3.252e+03,1.502e+00,2.557,1.0000,9.4956e+20,63.24,80.05,2.02,2.2273e+20,29.37,18.78,4.00,1.3976e+19,7.39,1.18,16.04,-0.084
8000.0,320.000,26.80,56.00,24996.222,24676.222,10.727,158.9,1.714e+00,3.306e-06,46.754,46.023,882.5,1.000e+05,0.000,513.088,161.0,1.977e+00,3.762e-06,0.0,3.005e-06,3.636e-06,3.405e-06,3.0,9.55,869.6,167.98,-12.1,-20.1,-3.3,-9.5,-61.0,0.0,23.2,-43.0,-37.8,-43.0,112.0,56.0,305.67,-21.99,336.96,6.73,91.33,240.92,29.92,57996.0,7.8086e+20,3.264e+03,1.502e+00,2.547,1.0000,6.2551e+20,63.53,80.10,2.02,1.4673e+20,29.51,18.79,4.00,8.6272e+18,6.96,1.10,16.04,-0.083
8500.0,340.000,27.10,56.50,25014.406,24674.406,10.712,159.4,1.139e+00,2.180e-06,48.970,48.037,885.9,1.000e+05,0.000,557.405,161.6,1.319e+00,2.490e-06,0.0,1.982e-06,2.398e-06,2.226e-06,2.1,9.55,876.7,162.53,-12.5,-20.4,-3.7,-10.6,-45.5,0.0,96.8,-52.0,51.2,-52.0,112.0,56.0,305.67,-21.99,340.09,6.91,89.37,240.92,29.92,57996.0,5.1724e+20,3.279e+03,1.502e+00,2.536,1.0000,4.1468e+20,63.87,80.17,2.02,9.7270e+19,29.67,18.81,4.00,5.2880e+18,6.47,1.02,16.04,-0.082
9000.0,360.000,27.40,57.00,25032.575,24672.575,10.696,159.8,7.580e-01,1.439e-06,49.320,48.541,889.3,1.000e+05,0.000,581.489,162.1,8.813e-01,1.650e-06,0.0,1.309e-06,1.583e-06,1.327e-06,-7.8,9.55,926.2,159.62,-12.8,-20.7,-4.0,-19.6,-30.1,0.0,29.7,-37.2,-0.3,-37.2,112.0,56.0,305.67,-21.99,343.22,7.08,87.43,240.92,29.92,57996.0,3.4318e+20,3.295e+03,1.502e+00,2.523,1.0000,2.7539e+20,64.24,80.25,2.02,6.4598e+19,29.84,18.82,4.00,3.1950e+18,5.92,0.93,16.04,-0.081
9500.0,380.000,27.70,57.50,25050.732,24670.732,10.681,160.1,5.078e-01,9.576e-07,49.956,49.115,892.3,1.000e+05,0.000,608.993,162.4,5.928e-01,1.102e-06,0.0,8.705e-07,1.053e-06,8.790e-07,-8.2,9.55,931.4,156.72,-13.1,-21.0,-4.4,-20.2,-14.7,0.0,102.8,-47.8,88.1,-47.8,112.0,56.0,305.67,-21.99,346.35,7.26,85.54,240.92,29.92,57996.0,2.2954e+20,3.313e+03,1.502e+00,2.510,1.0000,1.8438e+20,64.65,80.33,2.02,4.3249e+19,30.03,18.84,4.00,1.9090e+18,5.32,0.83,16.04,-0.080
10000.0,400.000,28.00,58.00,25068.876,24668.876,10.665,160.1,3.399e-01,6.370e-07,50.164,49.482,895.2,1.000e+05,0.000,631.671,162.5,3.985e-01,7.359e-07,0.0,5.791e-07,7.007e-07,5.752e-07,-9.7,9.55,942.1,154.08,-13.4,-21.3,-4.8,-21.8,0.7,0.0,168.3,54.2,169.0,54.2,112.0,56.0,305.67,-21.99,349.49,7.43,83.68,240.92,29.92,57996.0,1.5357e+20,3.332e+03,1.502e+00,2.495,1.0000,1.2349e+20,65.10,80.41,2.02,2.8967e+19,30.24,18.86,4.00,1.1150e+18,4.67,0.73,16.04,-0.079
10500.0,420.000,28.30,58.50,25087.007,24667.007,10.650,160.1,2.293e-01,4.272e-07,50.861,50.139,897.9,1.000e+05,0.000,660.465,162.5,2.699e-01,4.955e-07,0.0,3.884e-07,4.699e-07,4.043e-07,-5.4,9.55,922.9,156.76,-13.8,-21.6,-5.2,-18.4,16.1,0.0,31.4,-39.6,47.5,-39.6,112.0,56.0,305.67,-21.99,352.62,7.61,81.86,240.92,29.92,57996.0,1.0361e+20,3.352e+03,1.502e+00,2.480,1.0000,8.3406e+19,65.56,80.50,2.02,1.9564e+19,30.45,18.88,4.00,6.3886e+17,3.99,0.62,16.04,-0.078
11000.0,440.000,28.60,59.00,25105.125,24665.125,10.634,160.1,1.541e-01,2.855e-07,47.239,46.617,900.6,1.000e+05,0.000,632.198,162.5,1.822e-01,3.325e-07,0.0,2.595e-07,3.140e-07,2.841e-07,-0.5,9.55,902.7,159.43,-14.1,-21.9,-5.6,-14.5,31.4,0.0,-41.2,-91.5,-9.7,-91.5,112.0,56.0,305.67,-21.99,355.75,7.78,80.09,240.92,29.92,57996.0,6.9650e+19,3.373e+03,1.502e+00,2.465,1.0000,5.6131e+19,66.03,80.59,2.02,1.3167e+19,30.67,18.90,4.00,3.5302e+17,3.30,0.51,16.04,-0.078
11500.0,460.000,28.90,59.50,25123.231,24663.231,10.619,160.0,1.044e-01,1.924e-07,51.495,50.803,903.2,1.000e+05,0.000,709.194,162.5,1.241e-01,2.251e-07,0.0,1.749e-07,2.116e-07,1.476e-07,-23.3,9.55,1031.1,162.09,-14.5,-22.3,-6.0,-34.4,46.7,0.0,20.7,-24.3,67.5,-24.3,112.0,56.0,305.67,-21.99,358.88,7.96,78.37,240.92,29.92,57996.0,4.7211e+19,3.392e+03,1.503e+00,2.451,1.0000,3.8087e+19,66.49,80.68,2.02,8.9343e+18,30.89,18.92,4.00,1.8920e+17,2.62,0.40,16.04,-0.077
12000.0,480.000,29.20,60.00,25141.326,24661.326,10.604,163.6,7.121e-02,1.276e-07,54.080,47.065,914.8,1.000e+05,0.000,765.512,166.1,8.500e-02,1.500e-07,0.0,1.160e-07,1.404e-07,1.181e-07,-7.5,9.55,950.9,164.74,-14.9,-22.7,-6.4,-21.3,62.0,0.0,153.8,33.2,215.8,33.2,112.0,56.0,305.67,-21.99,2.01,8.13,76.69,240.92,29.92,57996.0,3.1486e+19,3.411e+03,1.500e+00,2.437,1.0000,2.5427e+19,66.92,80.75,2.02,5.9642e+18,31.08,18.94,4.00,9.5308e+16,1.99,0.30,16.04,-0.077
12500.0,500.000,29.50,60.50,25159.408,24659.408,10.589,171.7,4.936e-02,8.386e-08,54.678,47.870,937.2,1.000e+05,0.000,794.016,174.3,5.920e-02,9.910e-08,0.0,7.624e-08,9.225e-08,8.006e-08,-4.5,9.55,959.2,167.39,-15.4,-23.1,-6.9,-19.2,77.3,0.0,-14.6,106.3,62.7,106.3,112.0,56.0,305.67,-21.99,5.14,8.31,75.07,240.91,29.92,57996.0,2.0795e+19,3.428e+03,1.493e+00,2.426,1.0000,1.6808e+19,67.30,80.82,2.02,3.9425e+18,31.26,18.96,4.00,4.5058e+16,1.43,0.22,16.04,-0.076
13000.0,520.000,29.80,61.00,25177.478,24657.478,10.574,180.1,3.485e-02,5.623e-08,61.232,52.885,959.4,1.000e+05,0.000,910.507,182.7,4.198e-02,6.679e-08,0.0,5.048e-08,6.264e-08,4.741e-08,-15.7,10.82,1044.9,170.03,-15.8,-24.4,-6.2,-29.0,92.5,0.0,-20.7,77.9,71.8,77.9,112.0,56.0,305.67,-21.99,8.28,8.49,73.50,240.91,29.92,57996.0,1.4001e+19,3.441e+03,1.485e+00,2.416,1.0000,1.1324e+19,67.62,80.88,2.02,2.6563e+18,31.41,18.97,4.00,2.0395e+16,0.97,0.15,16.04,-0.076
13500.0,540.000,30.10,61.50,25195.537,24655.537,10.559,188.7,2.518e-02,3.866e-08,61.680,53.660,981.1,1.000e+05,0.000,937.220,191.3,3.047e-02,4.615e-08,0.0,3.427e-08,4.361e-08,3.742e-08,-3.2,12.07,997.2,172.66,-16.2,-25.7,-5.5,-18.9,107.7,0.0,-100.3,12.3,7.4,12.3,112.0,56.0,305.67,-21.99,11.41,8.66,71.99,240.91,29.92,57996.0,9.6563e+18,3.452e+03,1.478e+00,2.409,1.0000,7.8145e+18,67.87,80.93,2.02,1.8330e+18,31.52,18.98,4.00,8.7951e+15,0.61,0.09,16.04,-0.076
14000.0,560.000,30.40,62.00,25213.585,24653.585,10.544,197.2,1.822e-02,2.670e-08,61.992,54.304,1001.8,1.000e+05,0.000,962.021,199.9,2.215e-02,3.204e-08,0.0,2.352e-08,3.030e-08,2.576e-08,-3.5,12.70,1019.8,172.01,-16.7,-26.6,-5.4,-19.6,122.9,0.0,-54.7,35.8,68.2,35.8,112.0,56.0,305.67,-21.99,14.54,8.84,70.55,240.91,29.92,57996.0,6.6833e+18,3.460e+03,1.471e+00,2.403,1.0000,5.4106e+18,68.04,80.96,2.02,1.2692e+18,31.61,18.99,4.00,3.5024e+15,0.35,0.05,16.04,-0.076
14500.0,580.000,30.70,62.50,25231.622,24651.622,10.529,204.9,1.342e-02,1.890e-08,68.787,61.123,1020.2,1.000e+05,0.000,1088.500,207.5,1.639e-02,2.280e-08,0.0,1.666e-08,2.146e-08,1.856e-08,-1.8,12.70,1029.6,167.36,-17.1,-27.0,-5.9,-18.6,132.6,0.0,-90.9,35.7,41.7,35.7,112.0,56.0,305.67,-21.99,17.67,9.01,69.17,240.91,29.92,57996.0,4.7394e+18,3.464e+03,1.467e+00,2.400,1.0000,3.8379e+18,68.16,80.98,2.02,9.0025e+17,31.66,18.99,4.00,1.3006e+15,0.18,0.03,16.04,-0.077
15000.0,600.000,31.00,63.00,25249.648,24649.648,10.514,212.1,1.002e-02,1.363e-08,69.014,61.577,1037.4,1.000e+05,0.000,1112.214,214.8,1.231e-02,1.653e-08,0.0,1.201e-08,1.547e-08,1.525e-08,11.9,12.70,980.9,161.82,-17.6,-27.4,-6.4,-7.8,135.0,0.0,-5.9,76.5,129.1,76.5,112.0,56.0,305.67,-21.99,20.80,9.19,67.87,240.91,29.92,57996.0,3.4205e+18,3.467e+03,1.463e+00,2.398,1.0000,2.7702e+18,68.22,80.99,2.02,6.4980e+17,31.69,19.00,4.00,4.4244e+14,0.09,0.01,16.04,-0.077
15500.0,620.000,31.30,63.50,25267.664,24647.664,10.499,219.2,7.530e-03,9.902e-09,74.980,67.033,1053.8,1.000e+05,0.000,1229.819,221.9,9.299e-03,1.208e-08,0.0,8.724e-09,1.124e-08,1.092e-08,10.3,12.70,1003.3,156.65,-18.0,-27.8,-7.0,-9.6,137.4,0.0,-77.1,-11.5,60.3,-11.5,112.0,56.0,305.67,-21.99,23.93,9.36,66.64,240.91,29.92,57996.0,2.4859e+18,3.469e+03,1.460e+00,2.397,1.0000,2.0134e+18,68.26,81.00,2.02,4.7230e+17,31.71,19.00,4.00,1.3500e+14,0.04,0.01,16.04,-0.078
16000.0,640.000,31.60,64.00,25285.669,24645.669,10.484,226.0,5.753e-03,7.337e-09,75.111,67.383,1069.1,1.000e+05,0.000,1252.179,228.7,7.146e-03,9.005e-09,0.0,6.464e-09,8.327e-09,8.835e-09,20.4,12.70,974.2,151.82,-18.5,-28.2,-7.5,-1.9,139.8,0.0,-51.9,1.5,87.9,1.5,112.0,56.0,305.67,-21.99,27.07,9.54,65.49,240.91,29.92,57996.0,1.8423e+18,3.469e+03,1.457e+00,2.396,1.0000,1.4922e+18,68.27,81.00,2.02,3.5002e+17,31.71,19.00,4.00,3.7082e+13,0.01,0.00,16.04,-0.079
16500.0,660.000,31.90,64.50,25303.664,24643.664,10.470,232.8,4.395e-03,5.440e-09,75.210,67.700,1084.0,1.000e+05,0.000,1274.082,235.6,5.494e-03,6.722e-09,0.0,4.793e-09,6.175e-09,6.472e-09,19.0,12.70,993.9,147.30,-19.1,-28.7,-8.1,-3.7,142.3,0.0,-61.0,-20.8,81.2,-20.8,112.0,56.0,305.67,-21.99,30.20,9.71,64.42,240.91,29.92,57996.0,1.3662e+18,3.470e+03,1.455e+00,2.396,1.0000,1.1066e+18,68.28,81.00,2.02,2.5958e+17,31.72,19.00,4.00,8.9399e+12,0.00,0.00,16.04,-0.080
17000.0,680.000,32.20,65.00,25321.650,24641.650,10.455,240.2,3.411e-03,4.092e-09,83.302,73.363,1100.0,1.000e+05,0.000,1432.279,243.0,4.293e-03,5.092e-09,0.0,3.605e-09,4.645e-09,4.045e-09,-1.1,12.70,1106.3,143.05,-19.6,-29.2,-8.8,-20.5,144.7,0.0,47.2,-8.7,191.9,-8.7,112.0,56.0,305.67,-21.99,33.33,9.89,63.43,240.91,29.92,57996.0,1.0277e+18,3.470e+03,1.452e+00,2.396,1.0000,8.3247e+17,68.28,81.00,2.02,1.9527e+17,31.72,19.00,4.00,1.9121e+12,0.00,0.00,16.04,-0.082
17500.0,700.000,32.50,65.50,25339.625,24639.625,10.440,248.0,2.671e-03,3.105e-09,83.457,73.761,1116.3,1.000e+05,0.000,1455.340,250.8,3.386e-03,3.892e-09,0.0,2.735e-09,3.524e-09,3.071e-09,-1.1,12.70,1122.5,139.05,-20.2,-29.7,-9.5,-21.1,147.2,0.0,-33.3,60.1,113.8,60.1,112.0,56.0,305.67,-21.99,36.46,10.06,62.54,240.91,29.92,57996.0,7.7976e+17,3.470e+03,1.448e+00,2.396,1.0000,6.3160e+17,68.28,81.00,2.02,1.4815e+17,31.72,19.00,4.00,3.6145e+11,0.00,0.00,16.04,-0.083
18000.0,720.000,32.80,66.00,25357.592,24637.592,10.426,255.7,2.091e-03,2.357e-09,83.543,74.100,1132.7,1.000e+05,0.000,1477.307,258.5,2.672e-03,2.979e-09,0.0,2.077e-09,2.675e-09,2.649e-09,12.4,12.70,1068.5,135.29,-20.9,-30.3,-10.2,-11.1,149.7,0.0,25.7,14.5,175.4,14.5,112.0,56.0,305.67,-21.99,39.59,10.24,61.74,240.91,29.92,57996.0,5.9197e+17,3.470e+03,1.446e+00,2.396,1.0000,4.7950e+17,68.28,81.00,2.02,1.1247e+17,31.72,19.00,4.00,6.0370e+10,0.00,0.00,16.04,-0.085
18500.0,740.000,33.10,66.50,25375.549,24635.549,10.411,263.3,1.636e-03,1.790e-09,83.645,74.455,1149.0,1.000e+05,0.000,1499.640,266.3,2.110e-03,2.283e-09,0.0,1.577e-09,2.032e-09,1.708e-09,-4.6,12.70,1176.3,131.73,-21.6,-30.9,-11.0,-25.2,152.2,0.0,-130.1,61.7,22.1,61.7,112.0,56.0,305.67,-21.99,42.72,10.41,61.04,240.91,29.92,57996.0,4.4963e+17,3.470e+03,1.445e+00,2.396,1.0000,3.6420e+17,68.28,81.00,2.02,8.5431e+16,31.72,19.00,4.00,9.0344e+09,0.00,0.00,16.04,-0.087
19000.0,760.000,33.40,67.00,25393.497,24633.497,10.397,271.2,1.303e-03,1.385e-09,93.181,81.910,1165.3,1.000e+05,0.000,1691.806,274.2,1.697e-03,1.783e-09,0.0,1.220e-09,1.572e-09,1.295e-09,-6.5,12.70,1205.2,128.37,-22.3,-31.6,-11.9,-27.4,154.7,0.0,-165.1,45.4,-10.4,45.4,112.0,56.0,305.67,-21.99,45.86,10.59,60.44,240.91,29.92,57996.0,3.4784e+17,3.470e+03,1.443e+00,2.396,1.0000,2.8175e+17,68.28,81.00,2.02,6.6089e+16,31.72,19.00,4.00,1.2587e+09,0.00,0.00,16.04,-0.090
19500.0,780.000,33.70,67.50,25411.436,24631.436,10.382,279.1,1.043e-03,1.077e-09,93.175,82.206,1181.5,1.000e+05,0.000,1712.425,282.1,1.372e-03,1.402e-09,0.0,9.491e-10,1.223e-09,1.118e-09,3.8,12.70,1159.7,125.19,-23.1,-32.3,-12.8,-20.2,157.2,0.0,-122.3,24.9,35.0,24.9,112.0,56.0,305.67,-21.99,48.99,10.77,59.94,240.91,29.92,57996.0,2.7060e+17,3.470e+03,1.442e+00,2.396,1.0000,2.1919e+17,68.28,81.00,2.02,5.1415e+16,31.72,19.00,4.00,1.6549e+08,0.00,0.00,16.04,-0.092
20000.0,800.000,34.00,68.00,25429.367,24629.367,10.368,286.9,8.346e-04,8.383e-10,93.315,82.623,1197.4,1.000e+05,0.000,1735.816,290.1,1.110e-03,1.103e-09,0.0,7.386e-10,9.515e-10,8.637e-10,3.0,12.70,1179.6,122.17,-24.0,-33.0,-13.7,-21.7,159.8,0.0,-121.5,12.0,38.3,12.0,112.0,56.0,305.67,-21.99,52.12,10.94,59.55,240.91,29.92,57996.0,2.1057e+17,3.470e+03,1.440e+00,2.396,1.0000,1.7056e+17,68.28,81.00,2.02,4.0009e+16,31.72,19.00,4.00,2.1058e+07,0.00,0.00,16.04,-0.095
20500.0,820.000,34.30,68.50,25447.290,24627.290,10.354,294.1,6.733e-04,6.597e-10,101.912,91.252,1211.7,1.000e+05,0.000,1917.600,297.4,9.063e-04,8.783e-10,0.0,5.812e-10,7.488e-10,7.704e-10,16.8,12.70,1121.3,119.30,-24.9,-33.8,-14.7,-12.3,162.3,0.0,-273.2,-36.9,-110.9,-36.9,112.0,56.0,305.67,-21.99,55.25,11.12,59.26,240.91,29.92,57996.0,1.6571e+17,3.470e+03,1.439e+00,2.396,1.0000,1.3422e+17,68.28,81.00,2.02,3.1485e+16,31.72,19.00,4.00,2.7096e+06,0.00,0.00,16.04,-0.099
21000.0,840.000,34.60,69.00,25465.205,24625.205,10.339,300.8,5.476e-04,5.247e-10,102.040,91.571,1224.8,1.000e+05,0.000,1941.110,304.1,7.465e-04,7.074e-10,0.0,4.623e-10,5.956e-10,5.853e-10,11.5,12.70,1159.6,116.57,-25.8,-34.6,-15.8,-17.3,164.9,0.0,-322.7,-68.2,-157.8,-68.2,112.0,56.0,305.67,-21.99,58.38,11.29,59.08,240.91,29.92,57996.0,1.3181e+17,3.470e+03,1.437e+00,2.396,1.0000,1.0676e+17,68.28,81.00,2.02,2.5044e+16,31.72,19.00,4.00,3.6425e+05,0.00,0.00,16.04,-0.102
21500.0,860.000,34.90,69.50,25483.112,24623.112,10.325,307.4,4.451e-04,4.173e-10,102.176,91.878,1237.9,1.000e+05,0.000,1964.872,310.8,6.151e-04,5.703e-10,0.0,3.677e-10,4.737e-10,5.352e-10,28.3,12.70,1093.0,113.98,-26.8,-35.5,-16.9,-6.1,167.5,0.0,-121.4,-23.3,46.1,-23.3,112.0,56.0,305.67,-21.99,61.51,11.47,59.00,240.91,29.92,57996.0,1.0483e+17,3.470e+03,1.437e+00,2.396,1.0000,8.4916e+16,68.28,81.00,2.02,1.9918e+16,31.72,19.00,4.00,5.2173e+04,0.00,0.00,16.04,-0.106
22000.0,880.000,35.20,70.00,25501.011,24621.011,10.311,313.9,3.615e-04,3.318e-10,102.279,92.198,1250.8,1.000e+05,0.000,1988.136,317.5,5.069e-04,4.601e-10,0.0,2.924e-10,3.766e-10,3.743e-10,12.8,12.70,1177.7,111.50,-27.9,-36.5,-18.1,-18.6,170.1,0.0,-4.3,-30.2,165.8,-30.2,112.0,56.0,305.67,-21.99,64.65,11.64,59.04,240.91,29.92,57996.0,8.3359e+16,3.470e+03,1.436e+00,2.396,1.0000,6.7521e+16,68.28,81.00,2.02,1.5838e+16,31.72,19.00,4.00,8.1739e+03,0.00,0.00,16.04,-0.110
22500.0,900.000,35.50,70.50,25518.903,24618.903,10.297,322.0,2.988e-04,2.674e-10,113.910,99.183,1266.5,1.000e+05,0.000,2235.914,325.8,4.255e-04,3.764e-10,0.0,2.356e-10,3.035e-10,3.486e-10,30.4,12.70,1109.3,109.14,-29.0,-37.4,-19.4,-7.4,172.7,0.0,-4.8,27.5,167.9,27.5,112.0,56.0,305.67,-21.99,67.78,11.82,59.18,240.91,29.92,57996.0,6.7175e+16,3.470e+03,1.436e+00,2.396,1.0000,5.4412e+16,68.28,81.00,2.02,1.2763e+16,31.72,19.00,4.00,1.4492e+03,0.00,0.00,16.04,-0.114
23000.0,920.000,35.80,71.00,25536.788,24616.788,10.283,330.2,2.472e-04,2.157e-10,114.021,99.652,1282.2,1.000e+05,0.000,2259.722,334.1,3.577e-04,3.086e-10,0.0,1.901e-10,2.448e-10,2.333e-10,8.2,12.70,1232.9,106.88,-30.1,-38.4,-20.7,-24.4,175.3,0.0,-85.8,65.7,89.6,65.7,112.0,56.0,305.67,-21.99,70.91,11.99,59.43,240.91,29.92,57996.0,5.4188e+16,3.470e+03,1.435e+00,2.396,1.0000,4.3893e+16,68.28,81.00,2.02,1.0296e+16,31.72,19.00,4.00,2.9126e+02,0.00,0.00,16.04,-0.119
23500.0,940.000,36.10,71.50,25554.666,24614.666,10.269,338.4,2.043e-04,1.740e-10,114.122,100.040,1297.6,1.000e+05,0.000,2283.459,342.4,3.008e-04,2.532e-10,0.0,1.533e-10,1.975e-10,1.620e-10,-6.9,12.70,1344.9,104.72,-31.3,-39.5,-22.0,-36.0,177.9,0.0,132.0,68.5,310.0,68.5,112.0,56.0,305.67,-21.99,74.04,12.17,59.78,240.91,29.92,57996.0,4.3710e+16,3.470e+03,1.434e+00,2.396,1.0000,3.5405e+16,68.28,81.00,2.02,8.3051e+15,31.72,19.00,4.00,6.6797e+01,0.00,0.00,16.04,-0.124
24000.0,960.000,36.40,72.00,25572.538,24612.538,10.255,346.5,1.687e-04,1.403e-10,114.329,100.445,1312.9,1.000e+05,0.000,2309.456,350.7,2.531e-04,2.079e-10,0.0,1.236e-10,1.593e-10,1.222e-10,-12.9,12.70,1407.1,102.66,-32.5,-40.5,-23.4,-41.2,180.6,0.0,31.1,168.5,211.7,168.5,112.0,56.0,305.67,-21.99,77.17,12.34,60.23,240.91,29.92,57996.0,3.5254e+16,3.470e+03,1.433e+00,2.396,1.0000,2.8556e+16,68.28,81.00,2.02,6.6982e+15,31.72,19.00,4.00,1.7514e+01,0.00,0.00,16.04,-0.129
24500.0,980.000,36.70,72.50,25590.403,24610.403,10.241,354.7,1.393e-04,1.132e-10,114.369,100.883,1327.9,1.000e+05,0.000,2332.219,359.0,2.129e-04,1.709e-10,0.0,9.971e-11,1.284e-10,8.868e-11,-21.6,12.70,1500.1,100.68,-33.8,-41.7,-24.8,-48.1,183.2,0.0,101.8,218.3,285.0,218.3,112.0,56.0,305.67,-21.99,80.30,12.52,60.78,240.91,29.92,57996.0,2.8430e+16,3.470e+03,1.433e+00,2.396,1.0000,2.3028e+16,68.28,81.00,2.02,5.4016e+15,31.72,19.00,4.00,5.2349e+00,0.00,0.00,16.04,-0.134
25000.0,1000.000,37.00,73.00,25608.262,24608.262,10.227,360.9,1.160e-04,9.265e-11,126.116,115.238,1339.5,1.000e+05,0.000,2594.781,365.5,1.810e-04,1.427e-10,0.0,8.163e-11,1.052e-10,8.555e-11,-7.7,12.70,1394.0,100.85,-35.1,-42.8,-26.3,-40.1,185.9,0.0,181.8,89.8,367.7,89.8,112.0,56.0,305.67,-21.99,83.44,12.70,61.43,240.91,29.92,57996.0,2.3275e+16,3.470e+03,1.433e+00,2.396,1.0000,1.8853e+16,68.28,81.00,2.02,4.4223e+15,31.72,19.00,4.00,1.7994e+00,0.00,0.00,16.04,-0.140
25500.0,1020.000,37.30,73.50,25626.115,24606.115,10.213,369.8,9.810e-05,7.523e-11,135.647,106.498,1365.0,1.000e+05,0.000,2813.651,374.9,1.563e-04,1.182e-10,0.0,6.628e-11,8.538e-11,6.647e-11,-11.6,12.70,1452.1,101.02,-36.4,-43.9,-27.8,-43.8,188.6,0.0,124.7,34.7,313.3,34.7,112.0,56.0,305.67,-21.99,86.57,12.87,62.17,240.91,29.92,57996.0,1.9206e+16,3.527e+03,1.429e+00,2.357,1.0000,1.5932e+16,71.08,82.95,2.02,3.2738e+15,28.92,17.05,4.00,5.8960e-01,0.00,0.00,16.04,-0.146
26000.0,1040.000,37.60,74.00,25643.963,24603.963,10.199,378.3,8.334e-05,6.155e-11,140.909,111.483,1389.2,1.000e+05,0.000,2945.789,384.2,1.358e-04,9.880e-11,0.0,5.423e-11,6.986e-11,5.550e-11,-9.8,12.70,1462.9,101.19,-37.7,-45.1,-29.3,-43.8,191.2,0.0,119.0,24.6,310.2,24.6,112.0,56.0,305.67,-21.99,89.70,13.05,62.99,240.91,29.92,57996.0,1.5948e+16,3.579e+03,1.425e+00,2.323,1.0000,1.3508e+16,73.66,84.70,2.02,2.4392e+15,26.34,15.30,4.00,1.9835e-01,0.00,0.00,16.04,-0.152
26500.0,1060.000,37.90,74.50,25661.805,24601.805,10.185,386.5,7.111e-05,5.071e-11,146.136,116.428,1412.1,1.000e+05,0.000,3078.256,393.2,1.186e-04,8.321e-11,0.0,4.468e-11,5.756e-11,5.932e-11,17.0,12.70,1305.7,101.35,-39.1,-46.3,-30.8,-28.7,193.9,0.0,139.2,79.6,333.1,79.6,112.0,56.0,305.67,-21.99,92.83,13.22,63.90,240.91,29.92,57996.0,1.3315e+16,3.628e+03,1.422e+00,2.292,1.0000,1.1487e+16,76.04,86.27,2.02,1.8281e+15,23.96,13.73,4.00,6.8359e-02,0.00,0.00,16.04,-0.159
27000.0,1080.000,38.20,75.00,25679.642,24599.642,10.172,394.5,6.090e-05,4.204e-11,151.218,121.260,1433.9,1.000e+05,0.000,3208.752,401.9,1.041e-04,7.058e-11,0.0,3.704e-11,4.772e-11,3.722e-11,-11.5,12.70,1524.0,101.52,-40.4,-47.5,-32.4,-47.3,196.6,0.0,231.4,23.8,428.1,23.8,112.0,56.0,305.67,-21.99,95.96,13.40,64.89,240.91,29.92,57996.0,1.1172e+16,3.672e+03,1.419e+00,2.264,1.0000,9.7945e+15,78.22,87.67,2.02,1.3775e+15,21.78,12.33,4.00,2.4092e-02,0.00,0.00,16.04,-0.165
27500.0,1100.000,38.50,75.50,25697.474,24597.474,10.158,402.2,5.233e-05,3.505e-11,156.047,126.025,1454.5,1.000e+05,0.000,3334.882,410.5,9.174e-05,6.026e-11,0.0,3.088e-11,3.978e-11,3.536e-11,0.9,12.70,1448.0,101.69,-41.8,-48.8,-34.0,-41.3,199.3,0.0,160.7,-56.7,360.0,-56.7,112.0,56.0,305.67,-21.99,99.09,13.57,65.95,240.91,29.92,57996.0,9.4152e+15,3.713e+03,1.417e+00,2.239,1.0000,8.3720e+15,80.21,88.92,2.02,1.0432e+15,19.79,11.08,4.00,8.6678e-03,0.00,0.00,16.04,-0.172
28000.0,1120.000,38.80,76.00,25715.302,24595.302,10.144,409.6,4.509e-05,2.936e-11,160.664,130.691,1474.1,1.000e+05,0.000,3457.454,418.8,8.118e-05,5.175e-11,0.0,2.587e-11,3.332e-11,3.070e-11,4.6,12.70,1441.7,101.86,-43.3,-50.0,-35.6,-40.7,202.1,0.0,52.3,-68.2,254.4,-68.2,112.0,56.0,305.67,-21.99,102.23,13.75,67.08,240.91,29.92,57996.0,7.9657e+15,3.750e+03,1.415e+00,2.217,1.0000,7.1721e+15,82.03,90.04,2.02,7.9359e+14,17.97,9.96,4.00,3.1784e-03,0.00,0.00,16.04,-0.179
28500.0,1140.000,39.10,76.50,25733.125,24593.125,10.131,416.8,3.896e-05,2.471e-11,165.097,135.239,1492.7,1.000e+05,0.000,3576.975,426.9,7.208e-05,4.469e-11,0.0,2.177e-11,2.805e-11,2.283e-11,-7.6,12.70,1553.0,102.02,-44.7,-51.3,-37.2,-48.9,204.8,0.0,109.4,-117.0,314.2,-117.0,112.0,56.0,305.67,-21.99,105.36,13.92,68.28,240.91,29.92,57996.0,6.7630e+15,3.784e+03,1.413e+00,2.197,1.0000,6.1568e+15,83.68,91.04,2.02,6.0626e+14,16.32,8.96,4.00,1.1862e-03,0.00,0.00,16.04,-0.187
29000.0,1160.000,39.40,77.00,25750.944,24590.944,10.117,423.7,3.374e-05,2.088e-11,169.345,139.700,1510.2,1.000e+05,0.000,3693.373,434.8,6.421e-05,3.878e-11,0.0,1.840e-11,2.370e-11,1.952e-11,-6.5,12.70,1561.8,102.19,-46.2,-52.6,-38.9,-49.7,207.5,0.0,-39.5,-61.2,168.0,-61.2,112.0,56.0,305.67,-21.99,108.49,14.10,69.54,240.91,29.92,57996.0,5.7604e+15,3.814e+03,1.411e+00,2.180,1.0000,5.2955e+15,85.19,91.93,2.02,4.6499e+14,14.81,8.07,4.00,4.5004e-04,0.00,0.00,16.04,-0.194
29500.0,1180.000,39.70,77.50,25768.758,24588.758,10.103,430.4,2.928e-05,1.771e-11,173.416,144.022,1526.8,1.000e+05,0.000,3806.761,442.5,5.737e-05,3.380e-11,0.0,1.560e-11,2.010e-11,1.543e-11,-12.8,12.70,1635.5,102.36,-47.6,-53.8,-40.5,-54.3,210.3,0.0,103.9,-128.4,314.1,-128.4,112.0,56.0,305.67,-21.99,111.62,14.27,70.86,240.91,29.92,57996.0,4.9206e+15,3.842e+03,1.410e+00,2.164,1.0000,4.5627e+15,86.55,92.73,2.02,3.5792e+14,13.45,7.27,4.00,1.7335e-04,0.00,0.00,16.04,-0.202
30000.0,1200.000,40.00,78.00,25786.570,24586.570,10.090,436.8,2.546e-05,1.507e-11,177.278,148.225,1542.5,1.000e+05,0.000,3916.346,449.9,5.140e-05,2.959e-11,0.0,1.328e-11,1.710e-11,1.248e-11,-17.2,12.70,1694.7,102.52,-49.1,-55.1,-42.2,-57.8,213.0,0.0,71.6,-50.0,284.6,-50.0,112.0,56.0,305.67,-21.99,114.75,14.45,72.23,240.91,29.92,57996.0,4.2143e+15,3.867e+03,1.409e+00,2.150,1.0000,3.9378e+15,87.80,93.44,2.02,2.7644e+14,12.20,6.56,4.00,6.7727e-05,0.00,0.00,16.04,-0.210
30500.0,1220.000,40.30,78.50,25804.377,24584.377,10.076,443.0,2.217e-05,1.286e-11,180.961,152.358,1557.4,1.000e+05,0.000,4022.744,457.2,4.617e-05,2.600e-11,0.0,1.133e-11,1.460e-11,1.354e-11,5.3,12.70,1517.7,102.69,-50.5,-56.4,-43.8,-47.9,215.8,0.0,9.5,8.8,225.3,8.8,112.0,56.0,305.67,-21.99,117.88,14.63,73.65,240.91,29.92,57996.0,3.6179e+15,3.890e+03,1.407e+00,2.137,1.0000,3.4037e+15,88.92,94.08,2.02,2.1417e+14,11.08,5.92,4.00,2.6810e-05,0.00,0.00,16.04,-0.218
31000.0,1240.000,40.60,79.00,25822.182,24582.182,10.063,449.0,1.933e-05,1.101e-11,184.529,156.290,1571.5,1.000e+05,0.000,4127.311,464.3,4.156e-05,2.293e-11,0.0,9.700e-12,1.250e-11,1.117e-11,1.4,12.70,1560.3,102.85,-52.0,-57.7,-45.5,-51.3,218.5,0.0,74.2,-9.3,292.7,-9.3,112.0,56.0,305.67,-21.99,121.02,14.80,75.12,240.91,29.92,57996.0,3.1127e+15,3.911e+03,1.406e+00,2.126,1.0000,2.9463e+15,89.94,94.65,2.02,1.6642e+14,10.06,5.35,4.00,1.0744e-05,0.00,0.00,16.04,-0.226
31500.0,1260.000,40.90,79.50,25839.983,24579.983,10.050,454.8,1.688e-05,9.448e-12,187.926,160.122,1584.8,1.000e+05,0.000,4228.736,471.3,3.749e-05,2.028e-11,0.0,8.324e-12,1.072e-11,1.029e-11,8.9,12.70,1518.8,103.02,-53.4,-59.0,-47.1,-49.3,221.3,0.0,29.6,-3.9,250.9,-3.9,112.0,56.0,305.67,-21.99,124.15,14.98,76.63,240.91,29.92,57996.0,2.6835e+15,3.930e+03,1.405e+00,2.116,1.0000,2.5538e+15,90.86,95.17,2.02,1.2967e+14,9.14,4.83,4.00,4.3557e-06,0.00,0.00,16.04,-0.235
32000.0,1280.000,41.20,80.00,25857.782,24577.782,10.036,460.3,1.476e-05,8.126e-12,191.047,163.868,1597.4,1.000e+05,0.000,4324.616,478.0,3.389e-05,1.800e-11,0.0,7.160e-12,9.223e-12,9.795e-12,20.5,12.70,1455.0,103.18,-54.9,-60.2,-48.8,-45.6,224.1,0.0,-12.2,47.7,211.9,47.7,112.0,56.0,305.67,-21.99,127.28,15.15,78.18,240.90,29.92,57996.0,2.3178e+15,3.946e+03,1.405e+00,2.107,1.0000,2.2165e+15,91.70,95.63,2.02,1.0130e+14,8.30,4.37,4.00,1.7848e-06,0.00,0.00,16.04,-0.243
32500.0,1300.000,41.50,80.50,25875.578,24575.578,10.023,465.7,1.292e-05,7.004e-12,194.205,167.362,1609.4,1.000e+05,0.000,4421.959,484.6,3.069e-05,1.602e-11,0.0,6.171e-12,7.950e-12,7.549e-12,7.8,12.70,1550.3,103.35,-56.3,-61.5,-50.4,-52.9,226.8,0.0,-36.8,0.6,190.0,0.6,112.0,56.0,305.68,-21.99,130.41,15.33,79.76,240.90,29.92,57996.0,2.0054e+15,3.962e+03,1.404e+00,2.098,1.0000,1.9261e+15,92.46,96.04,2.02,7.9327e+13,7.54,3.96,4.00,7.3876e-07,0.00,0.00,16.04,-0.252
33000.0,1320.000,41.80,81.00,25893.373,24573.373,10.010,470.8,1.132e-05,6.050e-12,197.183,170.881,1620.7,1.000e+05,0.000,4515.786,491.0,2.784e-05,1.429e-11,0.0,5.330e-12,6.867e-12,5.325e-12,-12.0,12.70,1727.5,103.51,-57.7,-62.7,-51.9,-62.7,229.6,0.0,-56.5,-47.6,173.1,-47.6,112.0,56.0,305.68,-21.99,133.54,15.50,81.38,240.90,29.92,57996.0,1.7379e+15,3.976e+03,1.403e+00,2.091,1.0000,1.6756e+15,93.15,96.42,2.02,6.2266e+13,6.85,3.58,4.00,3.0869e-07,0.00,0.00,16.04,-0.261
33500.0,1340.000,42.10,81.50,25911.165,24571.165,9.997,475.8,9.934e-06,5.235e-12,200.066,174.168,1631.5,1.000e+05,0.000,4608.026,497.2,2.530e-05,1.278e-11,0.0,4.612e-12,5.942e-12,5.068e-12,-3.2,12.70,1658.2,103.67,-59.0,-63.9,-53.5,-60.3,232.4,0.0,-289.8,-10.9,-57.4,-10.9,112.0,56.0,305.68,-21.99,136.67,15.68,83.03,240.90,29.92,57996.0,1.5084e+15,3.989e+03,1.403e+00,2.084,1.0000,1.4594e+15,93.77,96.75,2.02,4.8982e+13,6.23,3.25,4.00,1.3015e-07,0.00,0.00,16.04,-0.270
34000.0,1360.000,42.40,82.00,25928.955,24568.955,9.983,480.5,8.723e-06,4.538e-12,202.620,177.555,1641.6,1.000e+05,0.000,4693.209,503.3,2.302e-05,1.146e-11,0.0,3.998e-12,5.151e-12,4.215e-12,-7.1,12.70,1703.3,103.83,-60.4,-65.1,-55.0,-63.2,235.2,0.0,-247.4,-23.4,-12.2,-23.4,112.0,56.0,305.68,-21.99,139.81,15.85,84.70,240.90,29.92,57996.0,1.3111e+15,4.000e+03,1.402e+00,2.078,1.0000,1.2725e+15,94.33,97.06,2.02,3.8612e+13,5.67,2.94,4.00,5.5335e-08,0.00,0.00,16.04,-0.279
34500.0,1380.000,42.70,82.50,25946.744,24566.744,9.970,485.1,7.666e-06,3.940e-12,205.258,180.579,1651.2,1.000e+05,0.000,4780.823,509.2,2.098e-05,1.029e-11,0.0,3.472e-12,4.472e-12,3.944e-12,0.1,12.70,1650.5,103.99,-61.7,-66.3,-56.5,-61.7,238.0,0.0,-191.9,-19.0,46.2,-19.0,112.0,56.0,305.68,-21.99,142.94,16.03,86.40,240.90,29.92,57996.0,1.1413e+15,4.010e+03,1.402e+00,2.073,1.0000,1.1108e+15,94.84,97.33,2.02,3.0500e+13,5.16,2.67,4.00,2.8144e-08,0.00,0.00,16.04,-0.288
35000.0,1400.000,43.00,83.00,25964.531,24564.531,9.957,489.6,6.743e-06,3.427e-12,207.699,183.583,1660.4,1.000e+05,0.000,4864.307,515.0,1.914e-05,9.264e-12,0.0,3.019e-12,3.889e-12,3.250e-12,-5.2,12.70,1705.0,104.15,-63.0,-67.4,-58.0,-64.9,240.8,0.0,-220.9,-26.1,20.0,-26.1,112.0,56.0,305.68,-21.99,146.07,16.20,88.12,240.90,29.92,57996.0,9.9472e+14,4.020e+03,1.401e+00,2.068,1.0000,9.7058e+14,95.31,97.57,2.02,2.4139e+13,4.69,2.43,4.00,1.5872e-08,0.00,0.00,16.04,-0.297
35500.0,1420.000,43.30,83.50,25982.318,24562.318,9.944,493.8,5.937e-06,2.985e-12,210.169,186.479,1669.2,1.000e+05,0.000,4948.907,520.6,1.749e-05,8.354e-12,0.0,2.630e-12,3.388e-12,2.557e-12,-14.3,12.70,1803.2,104.31,-64.3,-68.5,-59.5,-69.4,243.6,0.0,-227.5,-37.5,16.2,-37.5,112.0,56.0,305.68,-21.99,149.20,16.38,89.86,240.90,29.92,57996.0,8.6810e+14,4.028e+03,1.401e+00,2.064,1.0000,8.4896e+14,95.73,97.80,2.02,1.9141e+13,4.27,2.20,4.00,9.1350e-09,0.00,0.00,16.04,-0.306
36000.0,1440.000,43.60,84.00,26000.104,24560.104,9.931,497.9,5.232e-06,2.603e-12,212.358,189.230,1677.5,1.000e+05,0.000,5027.317,526.1,1.600e-05,7.547e-12,0.0,2.294e-12,2.955e-12,2.425e-12,-6.9,12.70,1738.2,104.47,-65.5,-69.6,-60.8,-67.9,246.4,0.0,-88.2,-15.6,158.2,-15.6,112.0,56.0,305.68,-21.99,152.33,16.56,91.61,240.90,29.92,57996.0,7.5858e+14,4.036e+03,1.400e+00,2.060,1.0000,7.4337e+14,96.11,98.00,2.02,1.5206e+13,3.89,2.00,4.00,5.3628e-09,0.00,0.00,16.04,-0.315
36500.0,1460.000,43.90,84.50,26017.889,24557.889,9.918,501.8,4.614e-06,2.274e-12,214.593,191.997,1685.3,1.000e+05,0.000,5107.196,531.4,1.465e-05,6.830e-12,0.0,2.004e-12,2.581e-12,2.466e-12,8.4,12.70,1618.4,104.63,-66.7,-70.7,-62.2,-63.9,249.2,0.0,-180.5,-56.0,68.7,-56.0,112.0,56.0,305.68,-21.99,155.46,16.73,93.38,240.90,29.92,57996.0,6.6371e+14,4.043e+03,1.400e+00,2.056,1.0000,6.5161e+14,96.45,98.18,2.02,1.2102e+13,3.55,1.82,4.00,3.2100e-09,0.00,0.00,16.04,-0.324
37000.0,1480.000,44.20,85.00,26035.674,24555.674,9.905,505.6,4.073e-06,1.989e-12,216.665,194.542,1692.9,1.000e+05,0.000,5183.517,536.6,1.343e-05,6.190e-12,0.0,1.753e-12,2.258e-12,2.187e-12,10.0,12.70,1614.4,104.78,-67.9,-71.7,-63.5,-64.7,252.1,0.0,-173.4,-170.2,78.7,-170.2,112.0,56.0,305.68,-21.99,158.60,16.91,95.16,240.90,29.92,57996.0,5.8142e+14,4.049e+03,1.400e+00,2.053,1.0000,5.7177e+14,96.77,98.34,2.02,9.6488e+12,3.23,1.66,4.00,1.9580e-09,0.00,0.00,16.04,-0.333
37500.0,1500.000,44.50,85.50,26053.459,24553.459,9.892,509.3,3.599e-06,1.742e-12,218.834,197.113,1700.0,1.000e+05,0.000,5262.510,541.7,1.232e-05,5.619e-12,0.0,1.535e-12,1.978e-12,1.770e-12,1.6,12.70,1686.6,104.94,-69.0,-72.7,-64.8,-68.5,254.9,0.0,-117.1,-24.7,137.8,-24.7,112.0,56.0,305.68,-21.99,161.73,17.08,96.95,240.90,29.92,57996.0,5.0996e+14,4.055e+03,1.399e+00,2.050,1.0000,5.0225e+14,97.05,98.49,2.02,7.7063e+12,2.95,1.51,4.00,1.2164e-09,0.00,0.00,16.04,-0.342
38000.0,1520.000,44.80,86.00,26071.244,24551.244,9.879,512.8,3.182e-06,1.528e-12,220.625,199.558,1706.8,1.000e+05,0.000,5332.715,546.6,1.132e-05,5.107e-12,0.0,1.347e-12,1.735e-12,1.647e-12,7.8,12.70,1644.0,105.09,-70.1,-73.6,-66.0,-67.7,257.7,0.0,-112.2,-41.5,145.5,-41.5,112.0,56.0,305.68,-21.99,164.86,17.26,98.75,240.90,29.92,57996.0,4.4782e+14,4.060e+03,1.399e+00,2.047,1.0000,4.4165e+14,97.31,98.62,2.02,6.1657e+12,2.69,1.38,4.00,1.0000e-09,0.00,0.00,16.04,-0.351
38500.0,1540.000,45.10,86.50,26089.029,24549.029,9.866,516.2,2.817e-06,1.342e-12,222.404,201.832,1713.3,1.000e+05,0.000,5402.852,551.5,1.040e-05,4.648e-12,0.0,1.183e-12,1.524e-12,1.412e-12,5.2,12.70,1670.2,105.25,-71.1,-74.6,-67.2,-69.6,260.5,0.0,-35.4,-58.6,225.1,-58.6,112.0,56.0,305.68,-21.99,167.99,17.43,100.55,240.90,29.92,57996.0,3.9375e+14,4.065e+03,1.399e+00,2.045,1.0000,3.8880e+14,97.54,98.74,2.02,4.9418e+12,2.46,1.26,4.00,1.0000e-09,0.00,0.00,16.04,-0.360
39000.0,1560.000,45.40,87.00,26106.815,24546.815,9.853,519.5,2.496e-06,1.181e-12,224.295,204.075,1719.5,1.000e+05,0.000,5475.920,556.2,9.573e-06,4.236e-12,0.0,1.040e-12,1.340e-12,1.151e-12,-2.5,12.70,1741.8,105.40,-72.1,-75.4,-68.4,-72.8,263.3,0.0,46.1,34.0,309.4,34.0,112.0,56.0,305.68,-21.99,171.12,17.61,102.36,240.90,29.92,57996.0,3.4666e+14,4.070e+03,1.399e+00,2.043,1.0000,3.4269e+14,97.76,98.86,2.02,3.9678e+12,2.24,1.14,4.00,1.0000e-09,0.00,0.00,16.04,-0.368
39500.0,1580.000,45.70,87.50,26124.602,24544.602,9.841,522.6,2.214e-06,1.040e-12,225.996,206.319,1725.4,1.000e+05,0.000,5544.575,560.8,8.815e-06,3.865e-12,0.0,9.161e-13,1.180e-12,9.275e-13,-10.8,12.70,1826.9,105.55,-73.1,-76.3,-69.5,-76.0,266.1,0.0,6.0,138.6,272.1,138.6,112.0,56.0,305.68,-21.99,174.25,17.78,104.17,240.90,29.92,57996.0,3.0557e+14,4.074e+03,1.398e+00,2.041,1.0000,3.0238e+14,97.95,98.96,2.02,3.1913e+12,2.05,1.04,4.00,1.0000e-09,0.00,0.00,16.04,-0.377
40000.0,1600.000,46.00,88.00,26142.391,24542.391,9.828,525.7,1.965e-06,9.170e-13,227.696,208.442,1731.1,1.000e+05,0.000,5613.349,565.2,8.124e-06,3.531e-12,0.0,8.079e-13,1.041e-12,8.101e-13,-11.7,12.70,1841.8,105.70,-74.0,-77.1,-70.5,-77.1,269.0,0.0,-81.5,146.7,187.5,146.7,112.0,56.0,305.68,-21.99,177.39,17.96,105.98,240.90,29.92,57996.0,2.6969e+14,4.077e+03,1.398e+00,2.039,1.0000,2.6712e+14,98.13,99.05,2.02,2.5715e+12,1.87,0.95,4.00,1.0000e-09,0.00,0.00,16.04,-0.385
40500.0,1620.000,46.30,88.50,26160.180,24540.180,9.815,528.6,1.747e-06,8.098e-13,229.292,210.620,1736.5,1.000e+05,0.000,5679.731,569.6,7.493e-06,3.229e-12,0.0,7.135e-13,9.192e-13,7.865e-13,-2.9,12.70,1762.2,105.85,-74.9,-77.9,-71.5,-75.6,271.8,0.0,23.7,72.4,295.4,72.4,112.0,56.0,305.68,-21.99,180.52,18.13,107.78,240.90,29.92,57996.0,2.3836e+14,4.080e+03,1.398e+00,2.037,1.0000,2.3628e+14,98.29,99.13,2.02,2.0758e+12,1.71,0.87,4.00,1.0000e-09,0.00,0.00,16.04,-0.394
41000.0,1640.000,46.60,89.00,26177.972,24537.972,9.802,531.4,1.554e-06,7.162e-13,230.787,212.537,1741.8,1.000e+05,0.000,5743.698,573.8,6.916e-06,2.956e-12,0.0,6.311e-13,8.129e-13,7.529e-13,5.1,12.70,1698.8,106.00,-75.8,-78.7,-72.5,-74.5,274.6,0.0,-124.2,53.3,150.4,53.3,112.0,56.0,305.68,-21.99,183.65,18.31,109.58,240.90,29.92,57996.0,2.1094e+14,4.083e+03,1.398e+00,2.036,1.0000,2.0927e+14,98.44,99.20,2.02,1.6787e+12,1.56,0.80,4.00,1.0000e-09,0.00,0.00,16.04,-0.402
41500.0,1660.000,46.90,89.50,26195.765,24535.765,9.790,534.2,1.385e-06,6.344e-13,232.420,214.460,1746.8,1.000e+05,0.000,5811.200,578.0,6.388e-06,2.709e-12,0.0,5.589e-13,7.200e-13,6.279e-13,-1.0,12.70,1755.8,106.15,-76.6,-79.4,-73.4,-76.8,277.4,0.0,-168.9,66.3,108.5,66.3,112.0,56.0,305.68,-21.99,186.78,18.49,111.38,240.90,29.92,57996.0,1.8695e+14,4.086e+03,1.398e+00,2.034,1.0000,1.8559e+14,98.57,99.27,2.02,1.3602e+12,1.43,0.73,4.00,1.0000e-09,0.00,0.00,16.04,-0.410
42000.0,1680.000,47.20,90.00,26213.560,24533.560,9.777,536.9,1.235e-06,5.627e-13,233.861,216.466,1751.6,1.000e+05,0.000,5873.966,582.0,5.904e-06,2.484e-12,0.0,4.958e-13,6.387e-13,6.128e-13,8.9,12.70,1678.4,106.29,-77.4,-80.0,-74.3,-75.3,280.2,0.0,-62.5,37.8,217.7,37.8,112.0,56.0,305.68,-21.99,189.91,18.66,113.16,240.90,29.92,57996.0,1.6591e+14,4.089e+03,1.398e+00,2.033,1.0000,1.6481e+14,98.69,99.33,2.02,1.1042e+12,1.31,0.67,4.00,1.0000e-09,0.00,0.00,16.04,-0.417
42500.0,1700.000,47.50,90.50,26231.358,24531.358,9.764,539.5,1.103e-06,4.999e-13,235.378,218.153,1756.2,1.000e+05,0.000,5938.663,586.0,5.460e-06,2.281e-12,0.0,4.404e-13,5.674e-13,4.716e-13,-5.7,12.70,1808.1,106.44,-78.1,-80.7,-75.1,-79.3,283.1,0.0,75.9,-22.7,359.0,-22.7,112.0,56.0,305.68,-21.99,193.04,18.84,114.94,240.90,29.92,57996.0,1.4746e+14,4.091e+03,1.398e+00,2.032,1.0000,1.4656e+14,98.80,99.39,2.02,8.9813e+11,1.20,0.61,4.00,1.0000e-09,0.00,0.00,16.04,-0.425
43000.0,1720.000,47.80,91.00,26249.158,24529.158,9.752,542.0,9.866e-07,4.448e-13,236.629,220.074,1760.7,1.000e+05,0.000,5996.650,589.8,5.053e-06,2.096e-12,0.0,3.919e-13,5.048e-13,4.533e-13,1.9,12.70,1744.0,106.58,-78.8,-81.3,-75.9,-78.4,285.9,0.0,26.0,23.3,311.8,23.3,112.0,56.0,305.68,-21.99,196.18,19.01,116.70,240.90,29.92,57996.0,1.3127e+14,4.093e+03,1.397e+00,2.031,1.0000,1.3053e+14,98.90,99.44,2.02,7.3200e+11,1.10,0.56,4.00,1.0000e-09,0.00,0.00,16.04,-0.432
43500.0,1740.000,48.10,91.50,26266.961,24526.961,9.739,544.4,8.836e-07,3.964e-13,238.060,221.826,1765.0,1.000e+05,0.000,6059.156,593.5,4.679e-06,1.928e-12,0.0,3.492e-13,4.499e-13,3.893e-13,-1.8,12.70,1780.9,106.72,-79.4,-81.9,-76.7,-79.8,288.7,0.0,37.6,-5.2,326.3,-5.2,112.0,56.0,305.68,-21.99,199.31,19.19,118.44,240.90,29.92,57996.0,1.1703e+14,4.095e+03,1.397e+00,2.030,1.0000,1.1643e+14,98.99,99.49,2.02,5.9785e+11,1.01,0.51,4.00,1.0000e-09,0.00,0.00,16.04,-0.439
44000.0,1760.000,48.40,92.00,26284.768,24524.768,9.727,546.8,7.926e-07,3.538e-13,239.440,223.593,1769.2,1.000e+05,0.000,6120.325,597.2,4.335e-06,1.774e-12,0.0,3.117e-13,4.016e-13,3.823e-13,8.0,12.70,1702.0,106.86,-80.1,-82.4,-77.4,-78.5,291.5,0.0,-148.1,-87.1,143.3,-87.1,112.0,56.0,305.68,-21.99,202.44,19.36,120.17,240.90,29.92,57996.0,1.0450e+14,4.096e+03,1.397e+00,2.029,1.0000,1.0401e+14,99.08,99.53,2.02,4.8932e+11,0.92,0.47,4.00,1.0000e-09,0.00,0.00,16.04,-0.446
44500.0,1780.000,48.70,92.50,26302.577,24522.577,9.714,549.1,7.120e-07,3.164e-13,240.851,225.141,1773.2,1.000e+05,0.000,6182.207,600.7,4.019e-06,1.634e-12,0.0,2.787e-13,3.591e-13,3.312e-13,4.7,12.70,1733.2,107.00,-80.6,-82.9,-78.0,-79.7,294.3,0.0,-210.2,28.9,84.1,28.9,112.0,56.0,305.68,-21.99,205.57,19.54,121.87,240.90,29.92,57996.0,9.3472e+13,4.098e+03,1.397e+00,2.029,1.0000,9.3071e+13,99.15,99.57,2.02,4.0135e+11,0.85,0.43,4.00,1.0000e-09,0.00,0.00,16.04,-0.452
45000.0,1800.000,49.00,93.00,26320.390,24520.390,9.702,551.4,6.406e-07,2.834e-13,242.076,226.911,1777.1,1.000e+05,0.000,6239.243,604.2,3.727e-06,1.506e-12,0.0,2.497e-13,3.216e-13,3.423e-13,20.8,12.70,1617.0,107.14,-81.2,-83.4,-78.6,-77.3,297.1,0.0,-81.2,137.9,215.9,137.9,112.0,56.0,305.68,-21.99,208.70,19.71,123.55,240.90,29.92,57996.0,8.3751e+13,4.099e+03,1.397e+00,2.028,1.0000,8.3421e+13,99.22,99.61,2.02,3.2995e+11,0.78,0.39,4.00,1.0000e-09,0.00,0.00,16.04,-0.458
45500.0,1820.000,49.30,93.50,26338.207,24518.207,9.689,553.6,5.773e-07,2.543e-13,243.365,228.388,1781.0,1.000e+05,0.000,6297.756,607.6,3.459e-06,1.390e-12,0.0,2.240e-13,2.886e-13,2.265e-13,-10.9,12.70,1887.0,107.28,-81.7,-83.9,-79.2,-83.7,299.9,0.0,-83.8,111.1,216.1,111.1,112.0,56.0,305.68,-21.99,211.83,19.89,125.21,240.90,29.92,57996.0,7.5171e+13,4.101e+03,1.397e+00,2.027,1.0000,7.4899e+13,99.29,99.64,2.02,2.7188e+11,0.71,0.36,4.00,1.0000e-09,0.00,0.00,16.04,-0.463
46000.0,1840.000,49.60,94.00,26356.028,24516.028,9.677,555.8,5.212e-07,2.286e-13,244.696,229.887,1784.7,1.000e+05,0.000,6357.246,610.9,3.211e-06,1.283e-12,0.0,2.014e-13,2.594e-13,2.312e-13,1.1,12.70,1774.6,107.41,-82.2,-84.3,-79.8,-82.0,302.7,0.0,-140.1,53.7,162.5,53.7,112.0,56.0,305.68,-21.99,214.97,20.06,126.83,240.90,29.92,57996.0,6.7593e+13,4.102e+03,1.397e+00,2.027,1.0000,6.7369e+13,99.34,99.67,2.02,2.2455e+11,0.66,0.33,4.00,1.0000e-09,0.00,0.00,16.04,-0.469
46500.0,1860.000,49.90,94.50,26373.854,24513.854,9.665,558.0,4.714e-07,2.059e-13,245.862,231.686,1788.3,1.000e+05,0.000,6412.233,614.1,2.983e-06,1.185e-12,0.0,1.814e-13,2.337e-13,1.891e-13,-8.2,12.70,1866.0,107.54,-82.6,-84.7,-80.3,-84.0,305.4,0.0,61.7,29.6,367.1,29.6,112.0,56.0,305.68,-21.99,218.10,20.24,128.42,240.90,29.92,57996.0,6.0892e+13,4.103e+03,1.397e+00,2.026,1.0000,6.0706e+13,99.40,99.69,2.02,1.8592e+11,0.60,0.31,4.00,1.0000e-09,0.00,0.00,16.04,-0.474
47000.0,1880.000,50.20,95.00,26391.683,24511.683,9.652,560.1,4.271e-07,1.858e-13,247.164,232.986,1791.9,1.000e+05,0.000,6470.584,617.3,2.772e-06,1.095e-12,0.0,1.637e-13,2.109e-13,1.866e-13,0.4,12.70,1788.0,107.67,-83.0,-85.1,-80.7,-83.0,308.2,0.0,14.4,11.0,322.6,11.0,112.0,56.0,305.68,-21.99,221.23,20.42,129.97,240.90,29.92,57996.0,5.4960e+13,4.104e+03,1.397e+00,2.026,1.0000,5.4806e+13,99.45,99.72,2.02,1.5432e+11,0.55,0.28,4.00,1.0000e-09,0.00,0.00,16.04,-0.478
47500.0,1900.000,50.50,95.50,26409.518,24509.518,9.640,562.2,3.877e-07,1.680e-13,248.332,234.775,1795.4,1.000e+05,0.000,6525.189,620.3,2.577e-06,1.013e-12,0.0,1.480e-13,1.907e-13,1.749e-13,4.1,12.70,1759.4,107.80,-83.4,-85.4,-81.2,-82.7,311.0,0.0,91.7,-35.1,402.7,-35.1,112.0,56.0,305.68,-21.99,224.36,20.59,131.48,240.90,29.92,57996.0,4.9704e+13,4.105e+03,1.397e+00,2.025,1.0000,4.9576e+13,99.49,99.74,2.02,1.2843e+11,0.51,0.26,4.00,1.0000e-09,0.00,0.00,16.04,-0.482
48000.0,1920.000,50.80,96.00,26427.357,24507.357,9.628,564.2,3.526e-07,1.522e-13,249.610,236.159,1798.8,1.000e+05,0.000,6582.439,623.3,2.397e-06,9.374e-13,0.0,1.341e-13,1.728e-13,1.516e-13,-0.4,12.70,1802.6,107.93,-83.8,-85.7,-81.6,-83.8,313.8,0.0,146.9,-81.6,460.6,-81.6,112.0,56.0,305.68,-21.99,227.49,20.77,132.94,240.90,29.92,57996.0,4.5042e+13,4.106e+03,1.397e+00,2.025,1.0000,4.4935e+13,99.53,99.76,2.02,1.0716e+11,0.47,0.24,4.00,1.0000e-09,0.00,0.00,16.04,-0.486
48500.0,1940.000,51.10,96.50,26445.202,24505.202,9.615,566.3,3.214e-07,1.382e-13,250.639,237.619,1802.2,1.000e+05,0.000,6632.813,626.2,2.231e-06,8.681e-13,0.0,1.218e-13,1.568e-13,1.086e-13,-21.4,12.70,2033.0,108.06,-84.1,-86.0,-81.9,-87.5,316.5,0.0,58.7,-41.3,375.2,-41.3,112.0,56.0,305.68,-21.99,230.62,20.94,134.36,240.90,29.92,57996.0,4.0901e+13,4.107e+03,1.397e+00,2.024,1.0000,4.0812e+13,99.57,99.78,2.02,8.9651e+10,0.43,0.22,4.00,1.0000e-09,0.00,0.00,16.04,-0.489
49000.0,1960.000,51.40,97.00,26463.052,24503.052,9.603,568.3,2.935e-07,1.257e-13,251.897,239.066,1805.5,1.000e+05,0.000,6688.961,629.1,2.077e-06,8.043e-13,0.0,1.108e-13,1.427e-13,1.102e-13,-12.3,12.70,1928.4,108.18,-84.4,-86.2,-82.3,-86.3,319.3,0.0,-126.7,-66.3,192.5,-66.3,112.0,56.0,305.68,-21.99,233.76,21.12,135.71,240.90,29.92,57996.0,3.7220e+13,4.107e+03,1.397e+00,2.024,1.0000,3.7145e+13,99.60,99.80,2.02,7.5215e+10,0.40,0.20,4.00,1.0000e-09,0.00,0.00,16.04,-0.492
49500.0,1980.000,51.70,97.50,26480.908,24500.908,9.591,570.3,2.686e-07,1.147e-13,253.222,240.621,1808.9,1.000e+05,0.000,6746.558,631.9,1.934e-06,7.456e-13,0.0,1.010e-13,1.301e-13,1.174e-13,2.4,12.70,1787.4,108.30,-84.6,-86.5,-82.5,-84.3,322.0,0.0,74.6,20.2,396.6,20.2,112.0,56.0,305.68,-21.99,236.89,21.29,137.01,240.90,29.92,57996.0,3.3944e+13,4.108e+03,1.396e+00,2.024,1.0000,3.3881e+13,99.63,99.81,2.02,6.3285e+10,0.37,0.19,4.00,1.0000e-09,0.00,0.00,16.04,-0.494
50000.0,2000.000,52.00,98.00,26498.770,24498.770,9.579,572.4,2.464e-07,1.048e-13,254.415,241.964,1812.2,1.000e+05,0.000,6800.322,634.6,1.802e-06,6.915e-13,0.0,9.232e-14,1.189e-13,1.119e-13,6.8,12.70,1753.5,108.42,-84.8,-86.7,-82.8,-83.8,324.7,0.0,-53.7,-82.7,271.0,-82.7,112.0,56.0,305.68,-21.99,240.02,21.47,138.24,240.90,29.92,57996.0,3.1025e+13,4.109e+03,1.396e+00,2.023,1.0000,3.0971e+13,99.66,99.83,2.02,5.3401e+10,0.34,0.17,4.00,1.0000e-09,0.00,0.00,16.04,-0.496
50500.0,2020.000,52.30,98.50,26516.637,24496.637,9.566,574.4,2.265e-07,9.597e-14,255.509,243.501,1815.4,1.000e+05,0.000,6851.069,637.2,1.679e-06,6.417e-13,0.0,8.456e-14,1.089e-13,1.032e-13,7.5,12.70,1750.5,108.54,-85.0,-86.8,-83.0,-83.9,327.4,0.0,-45.5,-54.2,282.0,-54.2,112.0,56.0,305.68,-21.99,243.15,21.64,139.40,240.90,29.92,57996.0,2.8421e+13,4.109e+03,1.396e+00,2.023,1.0000,2.8376e+13,99.69,99.84,2.02,4.5197e+10,0.31,0.16,4.00,1.0000e-09,0.00,0.00,16.04,-0.498
51000.0,2040.000,52.60,99.00,26534.512,24494.512,9.554,576.4,2.087e-07,8.812e-14,256.811,244.838,1818.7,1.000e+05,0.000,6906.989,639.8,1.566e-06,5.958e-13,0.0,7.763e-14,1.000e-13,9.261e-14,5.1,12.70,1774.0,108.66,-85.2,-87.0,-83.2,-84.5,330.2,0.0,-9.2,-31.7,321.0,-31.7,112.0,56.0,305.68,-21.99,246.28,21.82,140.48,240.90,29.92,57996.0,2.6096e+13,4.110e+03,1.396e+00,2.023,1.0000,2.6057e+13,99.71,99.85,2.02,3.8369e+10,0.29,0.15,4.00,1.0000e-09,0.00,0.00,16.04,-0.499
51500.0,2060.000,52.90,99.50,26552.392,24492.392,9.542,578.4,1.928e-07,8.109e-14,258.068,246.363,1821.9,1.000e+05,0.000,6961.311,642.3,1.460e-06,5.534e-13,0.0,7.145e-14,9.204e-14,8.913e-14,9.9,12.70,1737.8,108.77,-85.3,-87.1,-83.4,-83.9,332.9,0.0,-107.4,-99.7,225.5,-99.7,112.0,56.0,305.68,-21.99,249.41,21.99,141.48,240.89,29.92,57996.0,2.4017e+13,4.110e+03,1.396e+00,2.023,1.0000,2.3984e+13,99.73,99.86,2.02,3.2674e+10,0.27,0.14,4.00,1.0000e-09,0.00,0.00,16.04,-0.499
52000.0,2080.000,53.20,100.00,26570.280,24490.280,9.530,580.4,1.785e-07,7.480e-14,259.153,247.612,1825.1,1.000e+05,0.000,7010.570,644.8,1.362e-06,5.143e-13,0.0,6.591e-14,8.490e-14,7.653e-14,2.3,12.70,1804.4,108.88,-85.5,-87.2,-83.5,-85.1,335.5,0.0,-132.9,-40.0,202.6,-40.0,112.0,56.0,305.68,-21.99,252.55,22.17,142.39,240.89,29.92,57996.0,2.2157e+13,4.111e+03,1.396e+00,2.022,1.0000,2.2129e+13,99.75,99.87,2.02,2.7914e+10,0.25,0.13,4.00,1.0000e-09,0.00,0.00,16.04,-0.499
52500.0,2100.000,53.50,100.50,26588.175,24488.175,9.518,582.4,1.656e-07,6.917e-14,260.276,249.071,1828.4,1.000e+05,0.000,7060.385,647.1,1.272e-06,4.782e-13,0.0,6.095e-14,7.851e-14,7.142e-14,3.2,12.70,1799.5,108.99,-85.5,-87.3,-83.6,-85.1,338.2,0.0,21.0,70.0,359.2,70.0,112.0,56.0,305.68,-21.99,255.68,22.35,143.20,240.89,29.92,57996.0,2.0491e+13,4.111e+03,1.396e+00,2.022,1.0000,2.0467e+13,99.77,99.88,2.02,2.3923e+10,0.23,0.12,4.00,1.0000e-09,0.00,0.00,16.04,-0.499
53000.0,2120.000,53.80,101.00,26606.077,24486.077,9.506,584.5,1.541e-07,6.413e-14,261.694,250.595,1831.7,1.000e+05,0.000,7117.711,649.5,1.187e-06,4.448e-13,0.0,5.650e-14,7.278e-14,4.998e-14,-22.1,12.70,2074.8,109.10,-85.6,-87.3,-83.6,-88.8,340.9,0.0,-35.2,-37.1,305.7,-37.1,112.0,56.0,305.68,-21.99,258.81,22.52,143.91,240.89,29.92,57996.0,1.8997e+13,4.111e+03,1.396e+00,2.022,1.0000,1.8976e+13,99.79,99.89,2.02,2.0571e+10,0.21,0.11,4.00,1.0000e-09,0.00,0.00,16.04,-0.498
53500.0,2140.000,54.10,101.50,26623.986,24483.986,9.494,586.5,1.437e-07,5.960e-14,262.967,252.051,1834.9,1.000e+05,0.000,7170.683,651.8,1.109e-06,4.139e-13,0.0,5.251e-14,6.764e-14,5.674e-14,-4.8,12.70,1880.6,109.21,-85.6,-87.3,-83.7,-86.3,343.5,0.0,-4.1,0.2,339.4,0.2,112.0,56.0,305.68,-21.99,261.94,22.70,144.52,240.89,29.92,57996.0,1.7656e+13,4.112e+03,1.396e+00,2.022,1.0000,1.7638e+13,99.80,99.90,2.02,1.7748e+10,0.20,0.10,4.00,1.0000e-09,0.00,0.00,16.04,-0.496
54000.0,2160.000,54.40,102.00,26641.903,24481.903,9.482,588.6,1.344e-07,5.553e-14,264.206,253.431,1838.2,1.000e+05,0.000,7222.181,654.0,1.036e-06,3.853e-13,0.0,4.892e-14,6.302e-14,4.431e-14,-20.2,12.70,2057.7,109.31,-85.6,-87.3,-83.6,-88.5,346.2,0.0,14.9,-45.2,361.1,-45.2,112.0,56.0,305.68,-21.99,265.07,22.87,145.02,240.89,29.92,57996.0,1.6451e+13,4.112e+03,1.396e+00,2.022,1.0000,1.6436e+13,99.82,99.91,2.02,1.5365e+10,0.18,0.09,4.00,1.0000e-09,0.00,0.00,16.04,-0.494
54500.0,2180.000,54.70,102.50,26659.828,24479.828,9.470,590.7,1.260e-07,5.187e-14,265.193,254.895,1841.5,1.000e+05,0.000,7266.274,656.1,9.679e-07,3.589e-13,0.0,4.570e-14,5.887e-14,4.774e-14,-8.0,12.70,1919.4,109.41,-85.5,-87.3,-83.6,-86.7,348.8,0.0,-7.4,-74.8,341.4,-74.8,112.0,56.0,305.68,-21.99,268.20,23.05,145.40,240.89,29.92,57996.0,1.5368e+13,4.112e+03,1.396e+00,2.022,1.0000,1.5354e+13,99.83,99.91,2.02,1.3347e+10,0.17,0.09,4.00,1.0000e-09,0.00,0.00,16.04,-0.491
55000.0,2200.000,55.00,103.00,26677.761,24477.761,9.458,592.9,1.184e-07,4.858e-14,266.603,256.438,1844.8,1.000e+05,0.000,7321.427,658.3,9.048e-07,3.344e-13,0.0,4.280e-14,5.514e-14,4.613e-14,-5.0,12.70,1893.2,109.51,-85.5,-87.2,-83.5,-86.2,351.4,0.0,66.5,23.3,417.9,23.3,112.0,56.0,305.68,-21.99,271.34,23.22,145.66,240.89,29.92,57996.0,1.4393e+13,4.112e+03,1.396e+00,2.022,1.0000,1.4382e+13,99.84,99.92,2.02,1.1635e+10,0.16,0.08,4.00,1.0000e-09,0.00,0.00,16.04,-0.488
55500.0,2220.000,55.30,103.50,26695.703,24475.703,9.446,595.0,1.116e-07,4.561e-14,267.788,257.814,1848.2,1.000e+05,0.000,7369.831,660.3,8.460e-07,3.116e-13,0.0,4.019e-14,5.177e-14,3.719e-14,-18.5,12.70,2046.8,109.61,-85.4,-87.1,-83.4,-88.1,354.0,0.0,-81.3,9.1,272.7,9.1,112.0,56.0,305.68,-21.99,274.47,23.40,145.81,240.89,29.92,57996.0,1.3515e+13,4.113e+03,1.396e+00,2.021,1.0000,1.3505e+13,99.85,99.92,2.02,1.0178e+10,0.15,0.08,4.00,1.0000e-09,0.00,0.00,16.04,-0.484
56000.0,2240.000,55.60,104.00,26713.653,24473.653,9.434,597.2,1.055e-07,4.294e-14,269.333,259.455,1851.7,1.000e+05,0.000,7427.602,662.4,7.913e-07,2.906e-13,0.0,3.784e-14,4.874e-14,3.510e-14,-18.3,12.70,2048.1,109.70,-85.2,-87.0,-83.2,-87.9,356.6,0.0,-30.7,-29.9,325.9,-29.9,112.0,56.0,305.68,-21.99,277.60,23.57,145.85,240.89,29.92,57996.0,1.2725e+13,4.113e+03,1.396e+00,2.021,1.0000,1.2716e+13,99.86,99.93,2.02,8.9358e+09,0.14,0.07,4.00,1.0000e-09,0.00,0.00,16.04,-0.480
56500.0,2260.000,55.90,104.50,26731.612,24471.612,9.422,599.4,9.994e-08,4.054e-14,270.613,260.840,1855.1,1.000e+05,0.000,7477.482,664.3,7.403e-07,2.710e-13,0.0,3.571e-14,4.601e-14,3.552e-14,-12.4,12.70,1981.7,109.79,-85.0,-86.8,-83.0,-86.9,359.1,0.0,-46.4,-55.9,312.7,-55.9,112.0,56.0,305.68,-21.99,280.73,23.75,145.76,240.89,29.92,57996.0,1.2012e+13,4.113e+03,1.396e+00,2.021,1.0000,1.2004e+13,99.87,99.93,2.02,7.8733e+09,0.13,0.07,4.00,1.0000e-09,0.00,0.00,16.04,-0.475
57000.0,2280.000,56.20,105.00,26749.580,24469.580,9.410,601.7,9.495e-08,3.837e-14,272.062,262.397,1858.6,1.000e+05,0.000,7531.473,666.3,6.928e-07,2.529e-13,0.0,3.380e-14,4.355e-14,3.040e-14,-20.8,12.70,2088.0,109.88,-84.8,-86.6,-82.8,-88.0,361.7,0.0,-89.2,42.7,272.5,42.7,112.0,56.0,305.68,-21.99,283.86,23.92,145.57,240.89,29.92,57996.0,1.1369e+13,4.113e+03,1.396e+00,2.021,1.0000,1.1362e+13,99.88,99.94,2.02,6.9623e+09,0.12,0.06,4.00,1.0000e-09,0.00,0.00,16.04,-0.470
57500.0,2300.000,56.50,105.50,26767.558,24467.558,9.398,604.0,9.045e-08,3.641e-14,273.285,264.032,1862.1,1.000e+05,0.000,7578.589,668.1,6.485e-07,2.360e-13,0.0,3.208e-14,4.132e-14,3.051e-14,-16.2,12.70,2034.1,109.96,-84.6,-86.4,-82.5,-87.1,364.2,0.0,-85.7,-31.1,278.5,-31.1,112.0,56.0,305.68,-21.99,286.99,0.10,145.27,240.89,29.92,57996.0,1.0789e+13,4.113e+03,1.396e+00,2.021,1.0000,1.0783e+13,99.89,99.94,2.02,6.1792e+09,0.11,0.06,4.00,1.0000e-09,0.00,0.00,16.04,-0.464
58000.0,2320.000,56.80,106.00,26785.545,24465.545,9.387,606.3,8.640e-08,3.464e-14,274.702,265.398,1865.7,1.000e+05,0.000,7630.449,670.0,6.072e-07,2.204e-13,0.0,3.052e-14,3.932e-14,3.443e-14,-0.6,12.70,1871.4,110.04,-84.3,-86.2,-82.2,-84.4,366.7,0.0,-144.3,18.1,222.4,18.1,112.0,56.0,305.68,-21.99,290.13,0.28,144.86,240.89,29.92,57996.0,1.0267e+13,4.114e+03,1.396e+00,2.021,1.0000,1.0261e+13,99.89,99.95,2.02,5.5044e+09,0.11,0.05,4.00,1.0000e-09,0.00,0.00,16.04,-0.458
58500.0,2340.000,57.10,106.50,26803.541,24463.541,9.375,608.6,8.276e-08,3.305e-14,276.172,267.137,1869.3,1.000e+05,0.000,7683.197,671.8,5.687e-07,2.059e-13,0.0,2.912e-14,3.752e-14,3.254e-14,-1.6,12.70,1884.1,110.12,-83.9,-85.9,-81.8,-84.2,369.2,0.0,-118.3,68.1,250.9,68.1,112.0,56.0,305.68,-21.99,293.26,0.45,144.36,240.89,29.92,57996.0,9.7953e+12,4.114e+03,1.396e+00,2.021,1.0000,9.7904e+12,99.90,99.95,2.02,4.9215e+09,0.10,0.05,4.00,1.0000e-09,0.00,0.00,16.04,-0.451
59000.0,2360.000,57.40,107.00,26821.547,24461.547,9.363,611.1,7.949e-08,3.162e-14,277.589,268.443,1873.0,1.000e+05,0.000,7733.817,673.5,5.328e-07,1.923e-13,0.0,2.786e-14,3.589e-14,3.158e-14,-0.1,12.70,1874.1,110.20,-83.6,-85.5,-81.3,-83.6,371.7,0.0,-79.9,47.6,291.8,47.6,112.0,56.0,305.68,-21.99,296.39,0.63,143.76,240.89,29.92,57996.0,9.3707e+12,4.114e+03,1.396e+00,2.021,1.0000,9.3663e+12,99.91,99.95,2.02,4.4165e+09,0.09,0.05,4.00,1.0000e-09,0.00,0.00,16.04,-0.443
59500.0,2380.000,57.70,107.50,26839.564,24459.564,9.351,613.5,7.655e-08,3.033e-14,278.982,270.304,1876.7,1.000e+05,0.000,7783.135,675.2,4.992e-07,1.797e-13,0.0,2.672e-14,3.442e-14,3.559e-14,17.4,12.70,1732.4,110.27,-83.1,-85.1,-80.8,-80.2,374.1,0.0,-99.3,5.0,274.9,5.0,112.0,56.0,305.68,-21.99,299.52,0.80,143.08,240.89,29.92,57996.0,8.9883e+12,4.114e+03,1.395e+00,2.021,1.0000,8.9844e+12,99.91,99.96,2.02,3.9781e+09,0.09,0.04,4.00,1.0000e-09,0.00,0.00,16.04,-0.436
60000.0,2400.000,58.00,108.00,26857.591,24457.591,9.339,616.0,7.392e-08,2.917e-14,280.481,271.876,1880.5,1.000e+05,0.000,7834.765,676.9,4.679e-07,1.681e-13,0.0,2.570e-14,3.310e-14,3.153e-14,8.1,12.70,1808.6,110.35,-82.6,-84.7,-80.3,-81.2,376.6,0.0,-164.9,54.7,211.7,54.7,112.0,56.0,305.68,-21.99,302.65,0.98,142.33,240.89,29.92,57996.0,8.6444e+12,4.114e+03,1.395e+00,2.021,1.0000,8.6408e+12,99.92,99.96,2.02,3.5965e+09,0.08,0.04,4.00,1.0000e-09,0.00,0.00,16.04,-0.427
60500.0,2420.000,58.30,108.50,26875.628,24455.628,9.328,618.5,7.157e-08,2.812e-14,282.046,273.343,1884.4,1.000e+05,0.000,7887.577,678.5,4.386e-07,1.571e-13,0.0,2.478e-14,3.192e-14,2.966e-14,5.5,12.70,1834.9,110.41,-82.1,-84.2,-79.7,-81.1,379.0,0.0,-1.9,62.4,377.1,62.4,112.0,56.0,305.68,-21.99,305.78,1.15,141.50,240.89,29.92,57996.0,8.3356e+12,4.114e+03,1.395e+00,2.021,1.0000,8.3323e+12,99.92,99.96,2.02,3.2634e+09,0.08,0.04,4.00,1.0000e-09,0.00,0.00,16.04,-0.418
61000.0,2440.000,58.60,109.00,26893.676,24453.676,9.316,621.1,6.948e-08,2.719e-14,283.534,275.126,1888.3,1.000e+05,0.000,7937.587,680.1,4.113e-07,1.470e-13,0.0,2.396e-14,3.086e-14,2.810e-14,3.3,12.70,1857.5,110.48,-81.5,-83.7,-79.0,-80.9,381.4,0.0,-47.9,55.9,333.4,55.9,112.0,56.0,305.68,-21.99,308.92,1.33,140.61,240.89,29.92,57996.0,8.0589e+12,4.114e+03,1.395e+00,2.021,1.0000,8.0559e+12,99.93,99.96,2.02,2.9722e+09,0.07,0.04,4.00,1.0000e-09,0.00,0.00,16.04,-0.409
61500.0,2460.000,58.90,109.50,26911.735,24451.735,9.304,623.8,6.763e-08,2.635e-14,285.133,276.753,1892.3,1.000e+05,0.000,7990.048,681.6,3.857e-07,1.376e-13,0.0,2.322e-14,2.991e-14,2.150e-14,-18.4,12.70,2094.9,110.54,-80.8,-83.1,-78.3,-84.4,383.7,0.0,102.0,142.6,485.7,142.6,112.0,56.0,305.68,-21.99,312.05,1.50,139.67,240.89,29.92,57996.0,7.8116e+12,4.114e+03,1.395e+00,2.021,1.0000,7.8088e+12,99.93,99.97,2.02,2.7169e+09,0.07,0.03,4.00,1.0000e-09,0.00,0.00,16.04,-0.399
62000.0,2480.000,59.20,110.00,26929.805,24449.805,9.293,626.4,6.601e-08,2.561e-14,286.711,278.321,1896.3,1.000e+05,0.000,8041.231,683.1,3.619e-07,1.288e-13,0.0,2.256e-14,2.907e-14,2.703e-14,5.5,12.70,1845.8,110.60,-80.1,-82.5,-77.4,-79.0,386.1,0.0,86.8,152.9,472.9,152.9,112.0,56.0,305.68,-21.99,315.18,1.68,138.67,240.89,29.92,57996.0,7.5913e+12,4.115e+03,1.395e+00,2.021,1.0000,7.5888e+12,99.93,99.97,2.02,2.4927e+09,0.07,0.03,4.00,1.0000e-09,0.00,0.00,16.04,-0.388
62500.0,2500.000,59.50,110.50,26947.887,24447.887,9.281,629.2,6.459e-08,2.495e-14,288.250,279.871,1900.4,1.000e+05,0.000,8090.682,684.6,3.395e-07,1.205e-13,0.0,2.198e-14,2.832e-14,2.719e-14,9.0,12.70,1820.3,110.65,-79.3,-81.8,-76.5,-77.4,388.4,0.0,142.2,98.4,530.6,98.4,112.0,56.0,305.68,-21.99,318.31,1.85,137.63,240.89,29.92,57996.0,7.3960e+12,4.115e+03,1.395e+00,2.021,1.0000,7.3937e+12,99.94,99.97,2.02,2.2952e+09,0.06,0.03,4.00,1.0000e-09,0.00,0.00,16.04,-0.377
63000.0,2520.000,59.80,111.00,26965.980,24445.980,9.269,632.0,6.336e-08,2.437e-14,289.903,281.993,1904.6,1.000e+05,0.000,8142.621,686.1,3.186e-07,1.129e-13,0.0,2.147e-14,2.766e-14,2.857e-14,17.3,12.70,1758.7,110.70,-78.4,-81.0,-75.5,-74.7,390.7,0.0,65.3,74.4,456.0,74.4,112.0,56.0,305.68,-21.99,321.44,2.03,136.56,240.89,29.92,57996.0,7.2238e+12,4.115e+03,1.395e+00,2.021,1.0000,7.2217e+12,99.94,99.97,2.02,2.1209e+09,0.06,0.03,4.00,1.0000e-09,0.00,0.00,16.04,-0.366
63500.0,2540.000,60.10,111.50,26984.085,24444.085,9.258,634.8,6.231e-08,2.386e-14,291.530,284.045,1908.8,1.000e+05,0.000,8193.192,687.5,2.991e-07,1.058e-13,0.0,2.102e-14,2.708e-14,3.058e-14,28.2,12.70,1685.9,110.75,-77.4,-80.1,-74.4,-71.1,392.9,0.0,-1.2,65.6,391.7,65.6,112.0,56.0,305.68,-21.99,324.57,2.20,135.45,240.89,29.92,57996.0,7.0730e+12,4.115e+03,1.395e+00,2.021,1.0000,7.0710e+12,99.94,99.97,2.02,1.9669e+09,0.06,0.03,4.00,1.0000e-09,0.00,0.00,16.04,-0.354
64000.0,2560.000,60.40,112.00,27002.201,24442.201,9.246,637.7,6.143e-08,2.341e-14,293.350,285.248,1913.1,1.000e+05,0.000,8248.517,688.9,2.808e-07,9.908e-14,0.0,2.063e-14,2.657e-14,2.716e-14,16.0,12.70,1776.3,110.80,-76.4,-79.2,-73.2,-72.6,395.2,0.0,-19.4,-49.9,375.8,-49.9,112.0,56.0,305.68,-21.99,327.71,2.38,134.31,240.89,29.92,57996.0,6.9422e+12,4.115e+03,1.395e+00,2.021,1.0000,6.9404e+12,99.95,99.97,2.02,1.8305e+09,0.05,0.03,4.00,1.0000e-09,0.00,0.00,16.04,-0.342
64500.0,2580.000,60.70,112.50,27020.330,24440.330,9.234,640.6,6.071e-08,2.303e-14,295.254,287.305,1917.4,1.000e+05,0.000,8305.530,690.2,2.637e-07,9.286e-14,0.0,2.029e-14,2.614e-14,2.905e-14,26.1,12.70,1707.3,110.84,-75.2,-78.1,-71.8,-68.7,397.4,0.0,179.9,-50.0,577.3,-50.0,112.0,56.0,305.68,-21.99,330.84,2.56,133.16,240.89,29.92,57996.0,6.8299e+12,4.115e+03,1.395e+00,2.020,1.0000,6.8282e+12,99.95,99.97,2.02,1.7094e+09,0.05,0.03,4.00,1.0000e-09,0.00,0.00,16.04,-0.330
65000.0,2600.000,61.00,113.00,27038.472,24438.472,9.223,643.6,6.014e-08,2.271e-14,296.875,288.949,1921.9,1.000e+05,0.000,8353.909,691.5,2.477e-07,8.705e-14,0.0,2.001e-14,2.578e-14,2.878e-14,26.7,12.70,1707.4,110.87,-73.9,-77.0,-70.4,-66.9,399.6,0.0,68.8,-48.6,468.4,-48.6,112.0,56.0,305.68,-21.99,333.97,2.73,131.98,240.89,29.92,57996.0,6.7352e+12,4.115e+03,1.395e+00,2.020,1.0000,6.7336e+12,99.95,99.98,2.02,1.6017e+09,0.05,0.02,4.00,1.0000e-09,0.00,0.00,16.04,-0.316
65500.0,2620.000,61.30,113.50,27056.625,24436.625,9.211,646.6,5.972e-08,2.244e-14,298.603,291.031,1926.3,1.000e+05,0.000,8404.673,692.8,2.327e-07,8.163e-14,0.0,1.977e-14,2.547e-14,2.478e-14,10.4,12.70,1833.4,110.91,-72.5,-75.8,-68.8,-69.6,401.7,0.0,22.8,-19.4,424.5,-19.4,112.0,56.0,305.68,-21.99,337.10,2.91,130.79,240.89,29.92,57996.0,6.6568e+12,4.115e+03,1.395e+00,2.020,1.0000,6.6553e+12,99.96,99.98,2.02,1.5059e+09,0.04,0.02,4.00,1.0000e-09,0.00,0.00,16.04,-0.303
66000.0,2640.000,61.60,114.00,27074.792,24434.792,9.200,649.7,5.943e-08,2.223e-14,300.548,292.925,1930.9,1.000e+05,0.000,8460.862,694.0,2.186e-07,7.656e-14,0.0,1.959e-14,2.523e-14,2.694e-14,21.2,12.70,1753.9,110.93,-71.0,-74.4,-67.0,-64.8,403.9,0.0,56.9,68.1,460.7,68.1,112.0,56.0,305.68,-21.99,340.23,3.08,129.59,240.89,29.92,57996.0,6.5940e+12,4.115e+03,1.395e+00,2.020,1.0000,6.5926e+12,99.96,99.98,2.02,1.4204e+09,0.04,0.02,4.00,1.0000e-09,0.00,0.00,16.04,-0.289
66500.0,2660.000,61.90,114.50,27092.971,24432.971,9.188,652.8,5.927e-08,2.206e-14,302.074,294.888,1935.5,1.000e+05,0.000,8504.626,695.3,2.055e-07,7.182e-14,0.0,1.944e-14,2.504e-14,2.400e-14,8.8,12.70,1855.8,110.96,-69.3,-72.9,-65.1,-66.6,405.9,0.0,239.1,6.3,645.0,6.3,112.0,56.0,305.68,-21.99,343.36,3.26,128.39,240.89,29.92,57996.0,6.5458e+12,4.115e+03,1.394e+00,2.020,1.0000,6.5444e+12,99.96,99.98,2.02,1.3441e+09,0.04,0.02,4.00,1.0000e-09,0.00,0.00,16.04,-0.275
67000.0,2680.000,62.20,115.00,27111.164,24431.164,9.177,656.0,5.924e-08,2.195e-14,304.091,296.783,1940.1,1.000e+05,0.000,8561.600,696.5,1.931e-07,6.739e-14,0.0,1.933e-14,2.491e-14,2.324e-14,5.9,12.70,1885.4,110.98,-67.4,-71.3,-63.0,-65.5,408.0,0.0,20.1,-31.2,428.1,-31.2,112.0,56.0,305.68,-21.99,346.50,3.43,127.18,240.89,29.92,57996.0,6.5115e+12,4.115e+03,1.394e+00,2.020,1.0000,6.5102e+12,99.96,99.98,2.02,1.2759e+09,0.04,0.02,4.00,1.0000e-09,0.00,0.00,16.04,-0.261
67500.0,2700.000,62.50,115.50,27129.370,24429.370,9.165,659.2,5.933e-08,2.187e-14,305.973,298.723,1944.8,1.000e+05,0.000,8614.103,697.6,1.816e-07,6.325e-14,0.0,1.927e-14,2.482e-14,2.186e-14,-0.1,12.70,1945.4,111.00,-65.4,-69.5,-60.8,-65.4,410.0,0.0,-6.9,-128.7,403.2,-128.7,112.0,56.0,305.68,-21.99,349.63,3.61,125.98,240.89,29.92,57996.0,6.4906e+12,4.115e+03,1.394e+00,2.020,1.0000,6.4894e+12,99.96,99.98,2.02,1.2148e+09,0.04,0.02,4.00,1.0000e-09,0.00,0.00,16.04,-0.246
68000.0,2720.000,62.80,116.00,27147.589,24427.589,9.154,662.5,5.954e-08,2.184e-14,308.190,300.802,1949.6,1.000e+05,0.000,8675.455,698.8,1.707e-07,5.938e-14,0.0,1.924e-14,2.479e-14,2.204e-14,0.9,12.70,1940.5,111.01,-63.2,-67.6,-58.3,-62.9,412.0,0.0,-165.2,-154.0,246.8,-154.0,112.0,56.0,305.68,-21.99,352.76,3.78,124.78,240.89,29.92,57996.0,6.4822e+12,4.115e+03,1.394e+00,2.020,1.0000,6.4811e+12,99.96,99.98,2.02,1.1601e+09,0.04,0.02,4.00,1.0000e-09,0.00,0.00,16.04,-0.231
68500.0,2740.000,63.10,116.50,27165.822,24425.822,9.142,665.8,5.986e-08,2.185e-14,309.992,302.774,1954.4,1.000e+05,0.000,8724.509,699.9,1.606e-07,5.575e-14,0.0,1.925e-14,2.480e-14,2.323e-14,6.3,12.70,1895.3,111.02,-60.8,-65.5,-55.5,-58.3,414.0,0.0,-106.1,-123.8,307.9,-123.8,112.0,56.0,305.68,-21.99,355.89,3.96,123.58,240.89,29.92,57996.0,6.4858e+12,4.115e+03,1.394e+00,2.020,1.0000,6.4847e+12,99.97,99.98,2.02,1.1110e+09,0.03,0.02,4.00,1.0000e-09,0.00,0.00,16.04,-0.216
69000.0,2760.000,63.40,117.00,27184.069,24424.069,9.131,669.1,6.029e-08,2.189e-14,312.006,304.782,1959.3,1.000e+05,0.000,8778.936,701.0,1.510e-07,5.236e-14,0.0,1.929e-14,2.485e-14,2.350e-14,7.3,12.70,1891.1,111.02,-58.2,-63.2,-52.5,-55.1,415.9,0.0,120.3,-8.9,536.3,-8.9,112.0,56.0,305.68,-21.99,359.02,4.13,122.39,240.89,29.92,57996.0,6.5014e+12,4.115e+03,1.394e+00,2.020,1.0000,6.5003e+12,99.97,99.98,2.02,1.0670e+09,0.03,0.02,4.00,1.0000e-09,0.00,0.00,16.04,-0.200
69500.0,2780.000,63.70,117.50,27202.330,24422.330,9.119,672.5,6.083e-08,2.198e-14,313.916,306.801,1964.2,1.000e+05,0.000,8829.879,702.0,1.421e-07,4.918e-14,0.0,1.936e-14,2.495e-14,2.179e-14,-0.8,12.70,1972.6,111.02,-55.3,-60.6,-49.3,-55.7,417.8,0.0,182.8,-1.2,600.6,-1.2,112.0,56.0,305.68,-21.99,2.15,4.31,121.21,240.89,29.92,57996.0,6.5279e+12,4.115e+03,1.394e+00,2.020,1.0000,6.5269e+12,99.97,99.98,2.02,1.0274e+09,0.03,0.02,4.00,1.0000e-09,0.00,0.00,16.04,-0.184
70000.0,2800.000,64.00,118.00,27220.606,24420.606,9.108,676.0,6.148e-08,2.210e-14,315.832,308.964,1969.2,1.000e+05,0.000,8880.443,703.0,1.337e-07,4.621e-14,0.0,1.947e-14,2.508e-14,2.480e-14,12.2,12.70,1859.0,111.02,-52.2,-57.9,-45.7,-46.3,419.7,0.0,300.5,0.1,720.1,0.1,112.0,56.0,305.68,-21.99,5.29,4.49,120.05,240.89,29.92,57996.0,6.5652e+12,4.115e+03,1.394e+00,2.020,1.0000,6.5642e+12,99.97,99.98,2.02,9.9179e+08,0.03,0.02,4.00,1.0000e-09,0.00,0.00,16.04,-0.168
70500.0,2820.000,64.30,118.50,27238.895,24418.895,9.096,679.4,6.223e-08,2.225e-14,317.607,311.187,1974.1,1.000e+05,0.000,8926.507,704.1,1.258e-07,4.342e-14,0.0,1.961e-14,2.526e-14,2.147e-14,-3.5,12.70,2009.7,111.01,-48.8,-54.8,-41.8,-50.6,421.5,0.0,138.5,-29.2,560.0,-29.2,112.0,56.0,305.68,-21.99,8.42,4.66,118.90,240.89,29.92,57996.0,6.6127e+12,4.115e+03,1.394e+00,2.020,1.0000,6.6118e+12,99.97,99.99,2.02,9.5975e+08,0.03,0.01,4.00,1.0000e-09,0.00,0.00,16.04,-0.152
71000.0,2840.000,64.60,119.00,27257.199,24417.199,9.085,683.0,6.308e-08,2.244e-14,319.940,313.195,1979.2,1.000e+05,0.000,8987.723,705.1,1.184e-07,4.082e-14,0.0,1.977e-14,2.547e-14,2.268e-14,1.1,12.70,1968.8,111.00,-45.0,-51.6,-37.6,-44.4,423.2,0.0,150.6,-36.7,573.8,-36.7,112.0,56.0,305.68,-21.99,11.55,4.84,117.77,240.88,29.92,57996.0,6.6705e+12,4.115e+03,1.394e+00,2.020,1.0000,6.6696e+12,99.97,99.99,2.02,9.3095e+08,0.03,0.01,4.00,1.0000e-09,0.00,0.00,16.04,-0.135
71500.0,2860.000,64.90,119.50,27275.518,24415.518,9.073,686.5,6.403e-08,2.266e-14,321.670,315.441,1984.3,1.000e+05,0.000,9031.525,706.0,1.115e-07,3.837e-14,0.0,1.997e-14,2.572e-14,2.534e-14,11.8,12.70,1876.4,110.98,-40.9,-48.0,-33.0,-34.0,425.0,0.0,96.7,-111.5,521.7,-111.5,112.0,56.0,305.68,-21.99,14.68,5.01,116.66,240.88,29.92,57996.0,6.7380e+12,4.115e+03,1.394e+00,2.020,1.0000,6.7371e+12,99.97,99.99,2.02,9.0499e+08,0.03,0.01,4.00,1.0000e-09,0.00,0.00,16.04,-0.119
72000.0,2880.000,65.20,120.00,27293.852,24413.852,9.062,690.1,6.507e-08,2.291e-14,324.038,317.293,1989.4,1.000e+05,0.000,9092.768,707.0,1.050e-07,3.608e-14,0.0,2.019e-14,2.600e-14,2.001e-14,-12.7,12.70,2128.8,110.95,-36.5,-44.0,-27.9,-44.5,426.7,0.0,162.8,-42.0,589.5,-42.0,112.0,56.0,305.68,-21.99,17.81,5.19,115.57,240.88,29.92,57996.0,6.8144e+12,4.115e+03,1.394e+00,2.020,1.0000,6.8135e+12,99.97,99.99,2.02,8.8164e+08,0.03,0.01,4.00,1.0000e-09,0.00,0.00,16.04,-0.102
72500.0,2900.000,65.50,120.50,27312.202,24412.202,9.051,693.7,6.621e-08,2.319e-14,325.924,319.614,1994.5,1.000e+05,0.000,9140.041,707.9,9.885e-08,3.393e-14,0.0,2.043e-14,2.632e-14,2.116e-14,-8.8,12.70,2088.3,110.92,-31.7,-39.8,-22.4,-37.7,428.3,0.0,181.6,-31.2,609.9,-31.2,112.0,56.0,305.68,-21.99,20.94,5.36,114.50,240.88,29.92,57996.0,6.8998e+12,4.116e+03,1.393e+00,2.020,1.0000,6.8989e+12,99.98,99.99,2.02,8.6050e+08,0.02,0.01,4.00,1.0000e-09,0.00,0.00,16.04,-0.085
73000.0,2920.000,65.80,121.00,27330.566,24410.566,9.039,697.3,6.744e-08,2.350e-14,328.504,321.882,1999.7,1.000e+05,0.000,9206.333,708.8,9.310e-08,3.192e-14,0.0,2.070e-14,2.667e-14,2.111e-14,-10.2,12.70,2109.7,110.89,-26.4,-35.1,-16.4,-33.9,429.9,0.0,1.3,-33.5,431.2,-33.5,112.0,56.0,305.68,-21.99,24.08,5.54,113.46,240.88,29.92,57996.0,6.9935e+12,4.116e+03,1.393e+00,2.020,1.0000,6.9927e+12,99.98,99.99,2.02,8.4143e+08,0.02,0.01,4.00,1.0000e-09,0.00,0.00,16.04,-0.068
73500.0,2940.000,66.10,121.50,27348.946,24408.946,9.028,701.0,6.876e-08,2.383e-14,330.667,324.272,2004.9,1.000e+05,0.000,9260.562,709.7,8.770e-08,3.003e-14,0.0,2.100e-14,2.705e-14,2.120e-14,-11.1,12.70,2125.8,110.85,-20.6,-30.1,-9.9,-29.4,431.5,0.0,101.8,-1.0,533.3,-1.0,112.0,56.0,305.68,-21.99,27.21,5.71,112.44,240.88,29.92,57996.0,7.0955e+12,4.116e+03,1.393e+00,2.020,1.0000,7.0946e+12,99.98,99.99,2.02,8.2421e+08,0.02,0.01,4.00,1.0000e-09,0.00,0.00,16.04,-0.052
74000.0,2960.000,66.40,122.00,27367.341,24407.341,9.016,704.7,7.016e-08,2.419e-14,332.948,326.350,2010.1,1.000e+05,0.000,9317.721,710.5,8.263e-08,2.826e-14,0.0,2.131e-14,2.746e-14,2.060e-14,-14.8,12.70,2178.0,110.81,-14.4,-24.6,-2.8,-27.1,433.0,0.0,68.8,20.3,501.8,20.3,112.0,56.0,305.68,-21.99,30.34,5.89,111.45,240.88,29.92,57996.0,7.2049e+12,4.116e+03,1.393e+00,2.020,1.0000,7.2041e+12,99.98,99.99,2.02,8.0855e+08,0.02,0.01,4.00,1.0000e-09,0.00,0.00,16.04,-0.035
74500.0,2980.000,66.70,122.50,27385.752,24405.752,9.005,708.4,7.164e-08,2.457e-14,335.131,328.705,2015.3,1.000e+05,0.000,9371.806,711.4,7.786e-08,2.659e-14,0.0,2.165e-14,2.789e-14,2.389e-14,-2.8,12.70,2043.8,110.75,-7.6,-18.6,4.9,-10.2,434.5,0.0,-105.4,-39.8,329.1,-39.8,112.0,56.0,305.68,-21.99,33.47,6.06,110.49,240.88,29.92,57996.0,7.3215e+12,4.116e+03,1.393e+00,2.020,1.0000,7.3208e+12,99.98,99.99,2.02,7.9433e+08,0.02,0.01,4.00,1.0000e-09,0.00,0.00,16.04,-0.018
75000.0,3000.000,67.00,123.00,27404.180,24404.180,8.994,712.1,7.320e-08,2.497e-14,337.231,330.861,2020.5,1.000e+05,0.000,9423.282,712.2,7.337e-08,2.503e-14,0.0,2.200e-14,2.835e-14,2.295e-14,-8.1,12.70,2107.7,110.70,-0.2,-12.1,13.2,-8.3,435.9,0.0,-63.9,-26.7,372.0,-26.7,112.0,56.0,305.68,-21.99,36.60,6.24,109.56,240.88,29.92,57996.0,7.4449e+12,4.116e+03,1.393e+00,2.020,1.0000,7.4441e+12,99.98,99.99,2.02,7.8134e+08,0.02,0.01,4.00,1.0000e-09,0.00,0.00,16.04,-0.000
75500.0,3020.000,67.30,123.50,27422.623,24402.623,8.982,714.9,7.331e-08,2.492e-14,339.016,332.702,2024.4,1.000e+05,0.000,9472.622,713.0,6.916e-08,2.357e-14,0.0,2.195e-14,2.828e-14,2.163e-14,-13.2,12.70,2172.7,110.64,5.7,-6.8,20.0,-8.2,437.3,0.0,-71.3,-17.7,366.0,-17.7,112.0,56.0,305.68,-21.99,39.73,6.42,108.67,240.88,29.92,57996.0,7.4256e+12,4.116e+03,1.393e+00,2.020,1.0000,7.4249e+12,99.98,99.99,2.02,7.4888e+08,0.02,0.01,4.00,1.0000e-09,0.00,0.00,16.04,0.016
76000.0,3040.000,67.60,124.00,27441.083,24401.083,8.971,717.7,7.340e-08,2.485e-14,340.821,334.536,2028.3,1.000e+05,0.000,9522.632,713.8,6.519e-08,2.219e-14,0.0,2.189e-14,2.821e-14,2.205e-14,-11.3,12.70,2153.2,110.57,12.0,-1.3,27.1,-0.6,438.6,0.0,-133.3,4.6,305.3,4.6,112.0,56.0,305.68,-21.99,42.87,6.59,107.80,240.88,29.92,57996.0,7.4044e+12,4.116e+03,1.393e+00,2.020,1.0000,7.4036e+12,99.98,99.99,2.02,7.1773e+08,0.02,0.01,4.00,1.0000e-09,0.00,0.00,16.04,0.033
76500.0,3060.000,67.90,124.50,27459.559,24399.559,8.960,720.5,7.351e-08,2.479e-14,342.561,336.276,2032.1,1.000e+05,0.000,9570.768,714.6,6.146e-08,2.090e-14,0.0,2.184e-14,2.814e-14,2.197e-14,-11.4,12.70,2158.5,110.50,18.6,4.5,34.6,5.1,439.9,0.0,-58.1,79.5,381.8,79.5,112.0,56.0,305.68,-21.99,46.00,6.77,106.97,240.88,29.92,57996.0,7.3850e+12,4.116e+03,1.393e+00,2.020,1.0000,7.3843e+12,99.98,99.99,2.02,6.8830e+08,0.02,0.01,4.00,1.0000e-09,0.00,0.00,16.04,0.050
77000.0,3080.000,68.20,125.00,27478.051,24398.051,8.948,723.2,7.363e-08,2.474e-14,344.345,338.338,2035.9,1.000e+05,0.000,9620.061,715.3,5.795e-08,1.969e-14,0.0,2.179e-14,2.808e-14,2.554e-14,3.2,12.70,2003.7,110.42,25.7,10.7,42.6,29.7,441.1,0.0,109.5,-54.8,550.6,-54.8,112.0,56.0,305.68,-21.99,49.13,6.94,106.18,240.88,29.92,57996.0,7.3669e+12,4.116e+03,1.393e+00,2.020,1.0000,7.3662e+12,99.98,99.99,2.02,6.6043e+08,0.02,0.01,4.00,1.0000e-09,0.00,0.00,16.04,0.067
77500.0,3100.000,68.50,125.50,27496.561,24396.561,8.937,726.0,7.375e-08,2.468e-14,346.042,340.116,2039.7,1.000e+05,0.000,9666.887,716.0,5.465e-08,1.855e-14,0.0,2.175e-14,2.802e-14,2.760e-14,11.8,12.70,1928.7,110.33,33.1,17.3,51.1,48.9,442.2,0.0,65.8,-31.9,508.1,-31.9,112.0,56.0,305.68,-21.99,52.26,7.12,105.42,240.88,29.92,57996.0,7.3495e+12,4.116e+03,1.392e+00,2.020,1.0000,7.3489e+12,99.98,99.99,2.02,6.3395e+08,0.02,0.01,4.00,1.0000e-09,0.00,0.00,16.04,0.084
78000.0,3120.000,68.80,126.00,27515.087,24395.087,8.926,728.7,7.387e-08,2.463e-14,347.859,342.035,2043.4,1.000e+05,0.000,9717.118,716.8,5.155e-08,1.747e-14,0.0,2.170e-14,2.796e-14,2.676e-14,8.6,12.70,1960.6,110.24,41.0,24.2,60.0,53.1,443.4,0.0,-27.5,-78.3,415.9,-78.3,112.0,56.0,305.68,-21.99,55.39,7.29,104.69,240.88,29.92,57996.0,7.3322e+12,4.116e+03,1.392e+00,2.020,1.0000,7.3315e+12,99.98,99.99,2.02,6.0870e+08,0.02,0.01,4.00,1.0000e-09,0.00,0.00,16.04,0.100
78500.0,3140.000,69.10,126.50,27533.631,24393.631,8.915,731.4,7.397e-08,2.457e-14,349.615,343.438,2047.2,1.000e+05,0.000,9765.654,717.5,4.863e-08,1.647e-14,0.0,2.165e-14,2.789e-14,2.779e-14,13.1,12.70,1925.1,110.14,49.2,31.5,69.4,68.8,444.4,0.0,-85.2,-85.2,359.2,-85.2,112.0,56.0,305.68,-21.99,58.52,7.47,104.01,240.88,29.92,57996.0,7.3143e+12,4.116e+03,1.392e+00,2.020,1.0000,7.3137e+12,99.98,99.99,2.02,5.8459e+08,0.02,0.01,4.00,1.0000e-09,0.00,0.00,16.04,0.117
79000.0,3160.000,69.40,127.00,27552.191,24392.191,8.903,734.1,7.407e-08,2.452e-14,351.268,345.407,2050.8,1.000e+05,0.000,9811.391,718.1,4.588e-08,1.552e-14,0.0,2.160e-14,2.783e-14,2.444e-14,-0.3,12.70,2054.0,110.03,58.0,39.2,79.3,57.5,445.4,0.0,-9.2,28.3,436.2,28.3,112.0,56.0,305.68,-21.99,61.66,7.64,103.36,240.88,29.92,57996.0,7.2952e+12,4.116e+03,1.392e+00,2.020,1.0000,7.2947e+12,99.98,99.99,2.02,5.6145e+08,0.02,0.01,4.00,1.0000e-09,0.00,0.00,16.04,0.133
79500.0,3180.000,69.70,127.50,27570.769,24390.769,8.892,736.7,7.414e-08,2.445e-14,353.092,347.327,2054.5,1.000e+05,0.000,9861.979,718.8,4.329e-08,1.463e-14,0.0,2.154e-14,2.775e-14,2.576e-14,5.4,12.70,2001.5,109.92,67.1,47.2,89.7,76.1,446.3,0.0,67.7,-15.8,514.0,-15.8,112.0,56.0,305.68,-21.99,64.79,7.82,102.76,240.88,29.92,57996.0,7.2746e+12,4.116e+03,1.392e+00,2.020,1.0000,7.2741e+12,99.99,99.99,2.02,5.3922e+08,0.01,0.01,4.00,1.0000e-09,0.00,0.00,16.04,0.149
80000.0,3200.000,70.00,128.00,27589.365,24389.365,8.881,739.3,7.418e-08,2.438e-14,354.746,349.076,2058.1,1.000e+05,0.000,9907.984,719.5,4.085e-08,1.379e-14,0.0,2.148e-14,2.767e-14,2.350e-14,-3.6,12.70,2096.3,109.80,76.7,55.7,100.6,70.3,447.2,0.0,13.1,-20.4,460.2,-20.4,112.0,56.0,305.68,-21.99,67.92,7.99,102.19,240.88,29.92,57996.0,7.2516e+12,4.116e+03,1.392e+00,2.020,1.0000,7.2511e+12,99.99,99.99,2.02,5.1779e+08,0.01,0.01,4.00,1.0000e-09,0.00,0.00,16.04,0.164
80500.0,3220.000,70.30,128.50,27607.978,24387.978,8.870,741.9,7.419e-08,2.430e-14,356.375,351.276,2061.6,1.000e+05,0.000,9953.439,720.1,3.855e-08,1.301e-14,0.0,2.141e-14,2.758e-14,2.099e-14,-13.6,12.70,2218.2,109.68,86.8,64.6,112.0,61.3,448.0,0.0,-29.5,-37.8,418.4,-37.8,112.0,56.0,305.68,-21.99,71.05,8.17,101.67,240.88,29.92,57996.0,7.2259e+12,4.116e+03,1.392e+00,2.020,1.0000,7.2254e+12,99.99,99.99,2.02,4.9708e+08,0.01,0.01,4.00,1.0000e-09,0.00,0.00,16.04,0.180
81000.0,3240.000,70.60,129.00,27626.609,24386.609,8.858,744.5,7.416e-08,2.420e-14,358.208,352.223,2065.2,1.000e+05,0.000,10004.783,720.8,3.639e-08,1.227e-14,0.0,2.132e-14,2.747e-14,2.515e-14,3.9,12.70,2025.9,109.54,97.3,73.8,123.9,105.0,448.7,0.0,-79.5,-56.1,369.2,-56.1,112.0,56.0,305.69,-21.99,74.18,8.35,101.18,240.88,29.92,57996.0,7.1968e+12,4.116e+03,1.392e+00,2.020,1.0000,7.1963e+12,99.99,99.99,2.02,4.7702e+08,0.01,0.01,4.00,1.0000e-09,0.00,0.00,16.04,0.195
81500.0,3260.000,70.90,129.50,27645.258,24385.258,8.847,747.0,7.408e-08,2.409e-14,360.026,354.331,2068.6,1.000e+05,0.000,10055.950,721.4,3.436e-08,1.157e-14,0.0,2.123e-14,2.735e-14,2.514e-14,4.4,12.70,2025.0,109.40,108.2,83.5,136.3,117.3,449.4,0.0,-106.1,-88.7,343.3,-88.7,112.0,56.0,305.69,-21.99,77.31,8.52,100.74,240.88,29.92,57996.0,7.1638e+12,4.116e+03,1.392e+00,2.020,1.0000,7.1634e+12,99.99,99.99,2.02,4.5756e+08,0.01,0.01,4.00,1.0000e-09,0.00,0.00,16.04,0.210
82000.0,3280.000,71.20,130.00,27663.925,24383.925,8.836,749.5,7.395e-08,2.397e-14,361.732,356.797,2072.0,1.000e+05,0.000,10104.226,722.0,3.244e-08,1.092e-14,0.0,2.112e-14,2.721e-14,2.222e-14,-7.3,12.70,2152.0,109.25,119.6,93.5,149.2,103.6,450.0,0.0,-168.6,-20.1,281.4,-20.1,112.0,56.0,305.69,-21.99,80.44,8.70,100.33,240.88,29.92,57996.0,7.1265e+12,4.116e+03,1.392e+00,2.020,1.0000,7.1260e+12,99.99,99.99,2.02,4.3862e+08,0.01,0.01,4.00,1.0000e-09,0.00,0.00,16.04,0.225
82500.0,3300.000,71.50,130.50,27682.610,24382.610,8.825,752.0,7.376e-08,2.383e-14,363.283,357.636,2075.3,1.000e+05,0.000,10148.489,722.5,3.063e-08,1.030e-14,0.0,2.100e-14,2.705e-14,2.273e-14,-4.6,12.70,2124.9,109.10,131.4,103.9,162.6,120.7,450.5,0.0,-133.7,60.4,316.8,60.4,112.0,56.0,305.69,-21.99,83.58,8.87,99.97,240.88,29.92,57996.0,7.0845e+12,4.116e+03,1.392e+00,2.020,1.0000,7.0841e+12,99.99,99.99,2.02,4.2018e+08,0.01,0.01,4.00,1.0000e-09,0.00,0.00,16.04,0.239
83000.0,3320.000,71.80,131.00,27701.314,24381.314,8.813,754.4,7.351e-08,2.368e-14,365.026,359.150,2078.6,1.000e+05,0.000,10198.401,723.1,2.893e-08,9.719e-15,0.0,2.086e-14,2.687e-14,1.779e-14,-24.9,12.70,2398.1,108.93,143.6,114.6,176.5,83.0,450.9,0.0,-198.1,58.8,252.8,58.8,112.0,56.0,305.69,-21.99,86.71,9.05,99.65,240.88,29.92,57996.0,7.0370e+12,4.116e+03,1.391e+00,2.020,1.0000,7.0366e+12,99.99,99.99,2.02,4.0217e+08,0.01,0.01,4.00,1.0000e-09,0.00,0.00,16.04,0.253
83500.0,3340.000,72.10,131.50,27720.036,24380.036,8.802,756.8,7.319e-08,2.350e-14,366.411,361.453,2081.7,1.000e+05,0.000,10238.691,723.7,2.732e-08,9.172e-15,0.0,2.070e-14,2.667e-14,2.059e-14,-12.4,12.70,2223.8,108.76,156.2,125.7,190.8,124.5,451.3,0.0,-86.0,-19.2,365.3,-19.2,112.0,56.0,305.69,-21.99,89.84,9.22,99.37,240.88,29.92,57996.0,6.9841e+12,4.116e+03,1.391e+00,2.020,1.0000,6.9837e+12,99.99,99.99,2.02,3.8461e+08,0.01,0.01,4.00,1.0000e-09,0.00,0.00,16.04,0.267
84000.0,3360.000,72.40,132.00,27738.776,24378.776,8.791,759.1,7.281e-08,2.330e-14,368.295,363.058,2084.9,1.000e+05,0.000,10293.298,724.2,2.581e-08,8.658e-15,0.0,2.053e-14,2.645e-14,2.166e-14,-7.1,12.70,2162.7,108.58,169.2,137.2,205.5,150.1,451.6,0.0,69.2,-83.7,520.8,-83.7,112.0,56.0,305.69,-21.99,92.97,9.40,99.13,240.88,29.92,57996.0,6.9251e+12,4.116e+03,1.391e+00,2.020,1.0000,6.9248e+12,99.99,99.99,2.02,3.6743e+08,0.01,0.01,4.00,1.0000e-09,0.00,0.00,16.04,0.280
84500.0,3380.000,72.70,132.50,27757.536,24377.536,8.780,761.3,7.234e-08,2.309e-14,369.508,364.707,2087.9,1.000e+05,0.000,10329.567,724.8,2.438e-08,8.173e-15,0.0,2.034e-14,2.620e-14,2.005e-14,-13.2,12.70,2240.6,108.39,182.5,148.9,220.6,145.3,451.8,0.0,0.5,-88.3,452.3,-88.3,112.0,56.0,305.69,-21.99,96.10,9.57,98.94,240.88,29.92,57996.0,6.8601e+12,4.116e+03,1.391e+00,2.020,1.0000,6.8597e+12,99.99,99.99,2.02,3.5063e+08,0.01,0.01,4.00,1.0000e-09,0.00,0.00,16.04,0.293
85000.0,3400.000,73.00,133.00,27776.314,24376.314,8.769,763.5,7.180e-08,2.285e-14,371.178,366.280,2090.9,1.000e+05,0.000,10379.032,725.3,2.304e-08,7.716e-15,0.0,2.013e-14,2.593e-14,1.906e-14,-16.6,12.70,2288.9,108.19,196.1,160.9,236.1,147.1,452.0,0.0,38.7,-39.5,490.7,-39.5,112.0,56.0,305.69,-21.99,99.23,9.75,98.78,240.88,29.92,57996.0,6.7883e+12,4.116e+03,1.391e+00,2.020,1.0000,6.7879e+12,99.99,100.00,2.02,3.3421e+08,0.01,0.00,4.00,1.0000e-09,0.00,0.00,16.04,0.305
85500.0,3420.000,73.30,133.50,27795.111,24375.111,8.757,765.7,7.117e-08,2.258e-14,372.866,367.861,2093.7,1.000e+05,0.000,10429.479,725.8,2.177e-08,7.286e-15,0.0,1.990e-14,2.563e-14,2.016e-14,-10.8,12.70,2216.3,107.98,210.0,173.1,251.8,176.6,452.0,0.0,84.3,-60.5,536.3,-60.5,112.0,56.0,305.69,-21.99,102.37,9.92,98.66,240.88,29.92,57996.0,6.7098e+12,4.116e+03,1.391e+00,2.020,1.0000,6.7094e+12,99.99,100.00,2.02,3.1813e+08,0.01,0.00,4.00,1.0000e-09,0.00,0.00,16.04,0.318
86000.0,3440.000,73.60,134.00,27813.928,24373.928,8.746,767.8,7.046e-08,2.230e-14,374.113,369.511,2096.5,1.000e+05,0.000,10468.134,726.3,2.057e-08,6.881e-15,0.0,1.965e-14,2.531e-14,1.823e-14,-18.3,12.70,2318.8,107.76,224.1,185.5,267.8,164.9,452.0,0.0,194.9,-44.3,646.9,-44.3,112.0,56.0,305.69,-21.99,105.50,10.10,98.58,240.88,29.92,57996.0,6.6243e+12,4.116e+03,1.391e+00,2.020,1.0000,6.6240e+12,99.99,100.00,2.02,3.0241e+08,0.01,0.00,4.00,1.0000e-09,0.00,0.00,16.04,0.329
86500.0,3460.000,73.90,134.50,27832.763,24372.763,8.735,769.8,6.967e-08,2.199e-14,375.785,371.115,2099.2,1.000e+05,0.000,10519.182,726.8,1.944e-08,6.499e-15,0.0,1.937e-14,2.496e-14,1.849e-14,-15.9,12.70,2289.5,107.53,238.3,198.1,284.0,184.4,451.9,0.0,26.0,-52.5,477.9,-52.5,112.0,56.0,305.69,-21.99,108.63,10.28,98.54,240.88,29.92,57996.0,6.5320e+12,4.116e+03,1.391e+00,2.020,1.0000,6.5317e+12,99.99,100.00,2.02,2.8704e+08,0.01,0.00,4.00,1.0000e-09,0.00,0.00,16.04,0.340
87000.0,3480.000,74.20,135.00,27851.619,24371.619,8.724,771.8,6.879e-08,2.166e-14,377.550,372.707,2101.9,1.000e+05,0.000,10573.388,727.3,1.838e-08,6.140e-15,0.0,1.908e-14,2.458e-14,1.916e-14,-11.5,12.70,2234.7,107.30,252.7,210.8,300.3,212.0,451.6,0.0,47.5,43.4,499.2,43.4,112.0,56.0,305.69,-21.99,111.76,10.45,98.54,240.88,29.92,57996.0,6.4327e+12,4.116e+03,1.391e+00,2.020,1.0000,6.4325e+12,99.99,100.00,2.02,2.7202e+08,0.01,0.00,4.00,1.0000e-09,0.00,0.00,16.04,0.351
87500.0,3500.000,74.50,135.50,27870.493,24370.493,8.713,773.7,6.782e-08,2.130e-14,378.636,374.136,2104.4,1.000e+05,0.000,10609.159,727.7,1.737e-08,5.800e-15,0.0,1.877e-14,2.417e-14,1.923e-14,-9.7,12.70,2214.8,107.05,267.2,223.5,316.8,231.5,451.3,0.0,31.6,-16.9,483.0,-16.9,112.0,56.0,305.69,-21.99,114.89,10.63,98.57,240.88,29.92,57996.0,6.3264e+12,4.116e+03,1.391e+00,2.020,1.0000,6.3261e+12,99.99,100.00,2.02,2.5736e+08,0.01,0.00,4.00,1.0000e-09,0.00,0.00,16.04,0.361
88000.0,3520.000,74.80,136.00,27889.387,24369.387,8.701,775.5,6.677e-08,2.092e-14,380.074,375.376,2106.8,1.000e+05,0.000,10655.407,728.2,1.643e-08,5.481e-15,0.0,1.843e-14,2.374e-14,1.694e-14,-19.0,12.70,2341.4,106.79,281.7,236.3,333.2,209.0,450.9,0.0,44.3,45.4,495.3,45.4,112.0,56.0,305.69,-21.99,118.02,10.80,98.64,240.88,29.92,57996.0,6.2128e+12,4.116e+03,1.391e+00,2.020,1.0000,6.2126e+12,99.99,100.00,2.02,2.4308e+08,0.01,0.00,4.00,1.0000e-09,0.00,0.00,16.04,0.371
88500.0,3540.000,75.10,136.50,27908.301,24368.301,8.690,777.3,6.563e-08,2.051e-14,381.302,377.009,2109.2,1.000e+05,0.000,10696.384,728.6,1.553e-08,5.179e-15,0.0,1.807e-14,2.328e-14,2.074e-14,1.1,12.70,2097.8,106.52,296.1,249.0,349.6,300.4,450.4,0.0,155.3,32.6,605.7,32.6,112.0,56.0,305.69,-21.99,121.16,10.98,98.74,240.88,29.92,57996.0,6.0929e+12,4.116e+03,1.391e+00,2.020,1.0000,6.0927e+12,99.99,100.00,2.02,2.2917e+08,0.01,0.00,4.00,1.0000e-09,0.00,0.00,16.04,0.381
89000.0,3560.000,75.40,137.00,27927.235,24367.235,8.679,778.9,6.441e-08,2.009e-14,383.405,378.151,2111.4,1.000e+05,0.000,10762.580,729.1,1.469e-08,4.895e-15,0.0,1.770e-14,2.280e-14,1.877e-14,-6.5,12.70,2184.1,106.25,310.4,261.6,365.8,283.6,449.8,0.0,39.6,-42.9,489.4,-42.9,112.0,56.0,305.69,-21.99,124.29,11.15,98.88,240.88,29.92,57996.0,5.9661e+12,4.116e+03,1.391e+00,2.020,1.0000,5.9659e+12,99.99,100.00,2.02,2.1565e+08,0.01,0.00,4.00,1.0000e-09,0.00,0.00,16.04,0.389
89500.0,3580.000,75.70,137.50,27946.188,24366.188,8.668,780.6,6.310e-08,1.964e-14,383.822,379.574,2113.6,1.000e+05,0.000,10782.135,729.5,1.389e-08,4.627e-15,0.0,1.731e-14,2.229e-14,1.778e-14,-9.5,12.70,2221.7,105.95,324.5,274.0,381.8,284.2,449.1,0.0,62.6,-14.6,511.6,-14.6,112.0,56.0,305.69,-21.99,127.42,11.33,99.05,240.88,29.92,57996.0,5.8332e+12,4.116e+03,1.390e+00,2.020,1.0000,5.8330e+12,99.99,100.00,2.02,2.0254e+08,0.01,0.00,4.00,1.0000e-09,0.00,0.00,16.04,0.398
90000.0,3600.000,76.00,138.00,27965.162,24365.162,8.657,782.1,6.172e-08,1.917e-14,385.159,381.103,2115.6,1.000e+05,0.000,10828.234,729.9,1.314e-08,4.374e-15,0.0,1.689e-14,2.176e-14,1.667e-14,-13.1,12.70,2268.8,105.65,338.4,286.3,397.6,281.2,448.3,0.0,-112.3,-8.8,336.0,-8.8,112.0,56.0,305.69,-21.99,130.55,11.50,99.25,240.88,29.92,57996.0,5.6942e+12,4.116e+03,1.390e+00,2.020,1.0000,5.6940e+12,99.99,100.00,2.02,1.8985e+08,0.01,0.00,4.00,1.0000e-09,0.00,0.00,16.04,0.406
90500.0,3620.000,76.30,138.50,27984.156,24364.156,8.646,783.6,6.027e-08,1.869e-14,386.597,382.532,2117.5,1.000e+05,0.000,10877.860,730.3,1.243e-08,4.135e-15,0.0,1.647e-14,2.121e-14,1.840e-14,-1.5,12.70,2133.9,105.34,351.9,298.2,412.9,345.0,447.3,0.0,72.2,110.0,519.5,110.0,112.0,56.0,305.69,-21.99,133.68,11.68,99.48,240.88,29.92,57996.0,5.5494e+12,4.116e+03,1.390e+00,2.020,1.0000,5.5493e+12,99.99,100.00,2.02,1.7759e+08,0.01,0.00,4.00,1.0000e-09,0.00,0.00,16.04,0.413
91000.0,3640.000,76.60,139.00,28003.170,24363.170,8.634,785.0,5.875e-08,1.818e-14,388.196,383.956,2119.4,1.000e+05,0.000,10932.783,730.7,1.176e-08,3.910e-15,0.0,1.602e-14,2.064e-14,1.722e-14,-5.3,12.70,2178.0,105.01,365.1,309.7,427.8,340.4,446.2,0.0,10.4,38.7,456.7,38.7,112.0,56.0,305.69,-21.99,136.81,11.85,99.73,240.87,29.92,57996.0,5.3997e+12,4.116e+03,1.390e+00,2.020,1.0000,5.3995e+12,99.99,100.00,2.02,1.6577e+08,0.01,0.00,4.00,1.0000e-09,0.00,0.00,16.04,0.420
91500.0,3660.000,76.90,139.50,28022.204,24362.204,8.623,786.3,5.716e-08,1.766e-14,389.014,385.065,2121.1,1.000e+05,0.000,10966.446,731.1,1.113e-08,3.698e-15,0.0,1.556e-14,2.005e-14,1.856e-14,5.1,12.70,2069.5,104.67,377.7,320.9,442.2,401.9,445.1,0.0,-41.7,-28.8,403.3,-28.8,112.0,56.0,305.69,-21.99,139.95,12.03,100.02,240.87,29.92,57996.0,5.2452e+12,4.116e+03,1.390e+00,2.020,1.0000,5.2451e+12,99.99,100.00,2.02,1.5440e+08,0.01,0.00,4.00,1.0000e-09,0.00,0.00,16.04,0.426
92000.0,3680.000,77.20,140.00,28041.259,24361.259,8.612,787.5,5.552e-08,1.713e-14,389.916,386.204,2122.7,1.000e+05,0.000,11003.235,731.5,1.053e-08,3.497e-15,0.0,1.509e-14,1.944e-14,1.804e-14,5.3,12.70,2068.4,104.32,389.8,331.6,456.0,415.9,443.7,0.0,77.9,57.7,521.6,57.7,112.0,56.0,305.69,-21.99,143.08,12.21,100.32,240.87,29.92,57996.0,5.0865e+12,4.116e+03,1.390e+00,2.020,1.0000,5.0863e+12,99.99,100.00,2.02,1.4349e+08,0.01,0.00,4.00,1.0000e-09,0.00,0.00,16.04,0.432
92500.0,3700.000,77.50,140.50,28060.334,24360.334,8.601,788.7,5.383e-08,1.658e-14,391.064,387.312,2124.3,1.000e+05,0.000,11047.742,731.9,9.964e-09,3.308e-15,0.0,1.461e-14,1.882e-14,1.943e-14,17.2,12.70,1962.6,103.95,401.3,341.7,469.0,487.3,442.3,0.0,69.0,-4.9,511.3,-4.9,112.0,56.0,305.69,-21.99,146.21,12.38,100.65,240.87,29.92,57996.0,4.9241e+12,4.116e+03,1.390e+00,2.020,1.0000,4.9240e+12,99.99,100.00,2.02,1.3305e+08,0.01,0.00,4.00,1.0000e-09,0.00,0.00,16.04,0.437
93000.0,3720.000,77.80,141.00,28079.430,24359.430,8.590,789.7,5.209e-08,1.603e-14,392.327,388.581,2125.6,1.000e+05,0.000,11096.295,732.2,9.431e-09,3.129e-15,0.0,1.412e-14,1.819e-14,2.052e-14,28.0,12.70,1878.5,103.57,412.2,351.2,481.3,555.8,440.7,0.0,40.8,33.0,481.5,33.0,112.0,56.0,305.69,-21.99,149.34,12.56,101.00,240.87,29.92,57996.0,4.7586e+12,4.116e+03,1.390e+00,2.020,1.0000,4.7585e+12,99.99,100.00,2.02,1.2309e+08,0.01,0.00,4.00,1.0000e-09,0.00,0.00,16.04,0.442
93500.0,3740.000,78.10,141.50,28098.547,24358.547,8.579,790.7,5.032e-08,1.546e-14,393.512,389.102,2127.0,1.000e+05,0.000,11143.463,732.6,8.927e-09,2.960e-15,0.0,1.362e-14,1.755e-14,1.632e-14,5.6,12.70,2069.9,103.18,422.2,360.1,492.7,451.4,439.0,0.0,-100.3,46.0,338.7,46.0,112.0,56.0,305.69,-21.99,152.47,12.73,101.37,240.87,29.92,57996.0,4.5906e+12,4.116e+03,1.390e+00,2.020,1.0000,4.5905e+12,100.00,100.00,2.02,1.1362e+08,0.00,0.00,4.00,1.0000e-09,0.00,0.00,16.04,0.446
94000.0,3760.000,78.40,142.00,28117.684,24357.684,8.568,791.6,4.851e-08,1.489e-14,394.165,390.495,2128.2,1.000e+05,0.000,11176.363,733.0,8.451e-09,2.801e-15,0.0,1.312e-14,1.690e-14,1.445e-14,-3.0,12.70,2160.5,102.77,431.5,368.3,503.3,415.7,437.2,0.0,-153.5,84.6,283.6,84.6,112.0,56.0,305.69,-21.99,155.60,12.91,101.76,240.87,29.92,57996.0,4.4208e+12,4.116e+03,1.390e+00,2.020,1.0000,4.4207e+12,100.00,100.00,2.02,1.0462e+08,0.00,0.00,4.00,1.0000e-09,0.00,0.00,16.04,0.450
94500.0,3780.000,78.70,142.50,28136.843,24356.843,8.556,792.5,4.668e-08,1.431e-14,395.326,391.872,2129.3,1.000e+05,0.000,11224.456,733.3,8.001e-09,2.651e-15,0.0,1.261e-14,1.624e-14,1.422e-14,-0.6,12.70,2136.1,102.35,439.9,375.7,512.8,436.5,435.2,0.0,108.3,50.2,543.4,50.2,112.0,56.0,305.69,-21.99,158.74,13.08,102.17,240.87,29.92,57996.0,4.2497e+12,4.116e+03,1.390e+00,2.020,1.0000,4.2496e+12,100.00,100.00,2.02,9.6115e+07,0.00,0.00,4.00,1.0000e-09,0.00,0.00,16.04,0.453
95000.0,3800.000,79.00,143.00,28156.022,24356.022,8.545,793.2,4.484e-08,1.373e-14,396.129,391.844,2130.3,1.000e+05,0.000,11263.220,733.6,7.575e-09,2.509e-15,0.0,1.210e-14,1.559e-14,1.381e-14,0.5,12.70,2124.7,101.90,447.5,382.3,521.4,450.3,433.0,0.0,-7.8,-8.0,425.2,-8.0,112.0,56.0,305.69,-21.99,161.87,13.26,102.59,240.87,29.92,57996.0,4.0779e+12,4.116e+03,1.390e+00,2.020,1.0000,4.0779e+12,100.00,100.00,2.02,8.8088e+07,0.00,0.00,4.00,1.0000e-09,0.00,0.00,16.04,0.455
95500.0,3820.000,79.30,143.50,28175.223,24355.223,8.534,793.9,4.299e-08,1.316e-14,396.989,392.908,2131.1,1.000e+05,0.000,11304.424,734.0,7.173e-09,2.374e-15,0.0,1.159e-14,1.493e-14,1.130e-14,-14.1,12.70,2299.5,101.45,454.0,388.1,528.8,375.9,430.7,0.0,-172.7,84.8,257.9,84.8,112.0,56.0,305.69,-21.99,165.00,13.43,103.02,240.87,29.92,57996.0,3.9062e+12,4.116e+03,1.390e+00,2.020,1.0000,3.9061e+12,100.00,100.00,2.02,8.0540e+07,0.00,0.00,4.00,1.0000e-09,0.00,0.00,16.04,0.457
96000.0,3840.000,79.60,144.00,28194.444,24354.444,8.523,794.5,4.113e-08,1.258e-14,397.859,394.662,2131.9,1.000e+05,0.000,11346.735,734.3,6.793e-09,2.248e-15,0.0,1.108e-14,1.428e-14,1.209e-14,-3.9,12.70,2174.6,100.97,459.6,393.1,535.2,437.9,428.2,0.0,-144.7,131.6,283.5,131.6,112.0,56.0,305.69,-21.99,168.13,13.61,103.46,240.87,29.92,57996.0,3.7350e+12,4.116e+03,1.390e+00,2.020,1.0000,3.7349e+12,100.00,100.00,2.02,7.3463e+07,0.00,0.00,4.00,1.0000e-09,0.00,0.00,16.04,0.459
96500.0,3860.000,79.90,144.50,28213.687,24353.687,8.512,795.0,3.929e-08,1.201e-14,398.757,395.295,2132.5,1.000e+05,0.000,11390.684,734.6,6.434e-09,2.128e-15,0.0,1.058e-14,1.363e-14,1.145e-14,-4.6,12.70,2183.6,100.48,464.2,397.1,540.4,438.2,425.5,0.0,-223.0,175.0,202.5,175.0,112.0,56.0,305.69,-21.99,171.26,13.78,103.91,240.87,29.92,57996.0,3.5650e+12,4.116e+03,1.390e+00,2.020,1.0000,3.5649e+12,100.00,100.00,2.02,6.6846e+07,0.00,0.00,4.00,1.0000e-09,0.00,0.00,16.04,0.460
97000.0,3880.000,80.20,145.00,28232.951,24352.951,8.501,795.4,3.745e-08,1.144e-14,399.307,396.000,2133.1,1.000e+05,0.000,11425.485,734.9,6.094e-09,2.015e-15,0.0,1.008e-14,1.298e-14,1.191e-14,4.1,12.70,2090.3,99.97,467.8,400.3,544.5,491.3,422.6,0.0,-150.0,137.1,272.6,137.1,112.0,56.0,305.69,-21.99,174.39,13.96,104.36,240.87,29.92,57996.0,3.3967e+12,4.116e+03,1.390e+00,2.020,1.0000,3.3966e+12,100.00,100.00,2.02,6.0679e+07,0.00,0.00,4.00,1.0000e-09,0.00,0.00,16.04,0.461
97500.0,3900.000,80.50,145.50,28252.237,24352.237,8.490,795.7,3.564e-08,1.088e-14,400.019,396.832,2133.6,1.000e+05,0.000,11465.699,735.2,5.773e-09,1.908e-15,0.0,9.586e-15,1.235e-14,1.016e-14,-6.6,12.70,2207.8,99.43,470.3,402.5,547.3,432.6,419.6,0.0,-114.5,71.5,305.1,71.5,112.0,56.0,305.69,-21.99,177.53,14.14,104.83,240.87,29.92,57996.0,3.2307e+12,4.116e+03,1.390e+00,2.020,1.0000,3.2306e+12,100.00,100.00,2.02,5.4951e+07,0.00,0.00,4.00,1.0000e-09,0.00,0.00,16.04,0.461
98000.0,3920.000,80.80,146.00,28271.544,24351.544,8.479,796.0,3.385e-08,1.033e-14,401.012,397.658,2134.0,1.000e+05,0.000,11514.823,735.5,5.469e-09,1.807e-15,0.0,9.102e-15,1.173e-14,9.413e-15,-8.9,12.70,2235.5,98.88,471.8,403.8,549.0,421.1,416.3,0.0,-11.7,86.7,404.6,86.7,112.0,56.0,305.69,-21.99,180.66,14.31,105.29,240.87,29.92,57996.0,3.0674e+12,4.116e+03,1.390e+00,2.020,1.0000,3.0674e+12,100.00,100.00,2.02,4.9646e+07,0.00,0.00,4.00,1.0000e-09,0.00,0.00,16.04,0.460
98500.0,3940.000,81.10,146.50,28290.873,24350.873,8.467,796.2,3.209e-08,9.792e-15,401.669,398.192,2134.2,1.000e+05,0.000,11555.099,735.8,5.182e-09,1.711e-15,0.0,8.627e-15,1.111e-14,9.408e-15,-3.9,12.70,2177.3,98.31,472.3,404.2,549.6,449.9,412.9,0.0,-71.2,-15.2,341.7,-15.2,112.0,56.0,305.69,-21.99,183.79,14.49,105.76,240.87,29.92,57996.0,2.9075e+12,4.116e+03,1.390e+00,2.020,1.0000,2.9074e+12,100.00,100.00,2.02,4.4747e+07,0.00,0.00,4.00,1.0000e-09,0.00,0.00,16.04,0.459
99000.0,3960.000,81.40,147.00,28310.223,24350.223,8.456,796.3,3.037e-08,9.266e-15,402.042,399.004,2134.4,1.000e+05,0.000,11587.993,736.1,4.910e-09,1.621e-15,0.0,8.164e-15,1.052e-14,9.770e-15,5.4,12.70,2078.6,97.71,471.7,403.7,548.9,502.8,409.2,0.0,-206.1,28.1,203.2,28.1,112.0,56.0,305.69,-21.99,186.92,14.66,106.22,240.87,29.92,57996.0,2.7512e+12,4.116e+03,1.390e+00,2.020,1.0000,2.7512e+12,100.00,100.00,2.02,4.0238e+07,0.00,0.00,4.00,1.0000e-09,0.00,0.00,16.04,0.458
99500.0,3980.000,81.70,147.50,28329.595,24349.595,8.445,796.4,2.869e-08,8.753e-15,402.508,398.991,2134.5,1.000e+05,0.000,11624.301,736.4,4.653e-09,1.535e-15,0.0,7.712e-15,9.935e-15,9.454e-15,8.0,12.70,2053.8,97.09,470.1,402.3,547.1,515.8,405.3,0.0,-73.4,-14.8,331.9,-14.8,112.0,56.0,305.69,-21.99,190.05,14.84,106.68,240.87,29.92,57996.0,2.5990e+12,4.116e+03,1.390e+00,2.020,1.0000,2.5989e+12,100.00,100.00,2.02,3.6101e+07,0.00,0.00,4.00,1.0000e-09,0.00,0.00,16.04,0.456
100000.0,4000.000,82.00,148.00,28348.988,24348.988,8.434,796.4,2.706e-08,8.255e-15,403.024,400.239,2134.4,1.000e+05,0.000,11662.821,736.6,4.410e-09,1.455e-15,0.0,7.273e-15,9.370e-15,9.582e-15,16.1,12.70,1981.2,96.45,467.6,400.1,544.2,558.8,401.2,0.0,17.4,17.8,418.6,17.8,112.0,56.0,305.69,-21.99,193.18,15.01,107.14,240.87,29.92,57996.0,2.4511e+12,4.116e+03,1.390e+00,2.020,1.0000,2.4511e+12,100.00,100.00,2.02,3.2315e+07,0.00,0.00,4.00,1.0000e-09,0.00,0.00,16.04,0.454
