time,year,month,day,hour,min,sec,number_of_passage,pos_ii_1,pos_ii_2,pos_ii_3,vel_ii_1,vel_ii_2,vel_ii_3,pos_ii_mag,vel_ii_mag,pos_pp_1,pos_pp_2,pos_pp_3,pos_pp_mag,vel_pp_1,vel_pp_2,vel_pp_3,vel_pp_mag,a,e,i,OMEGA,omega,vi,lat,lon,alt,gamma_ii,gamma_pp,h_ii_1,h_ii_2,h_ii_3,h_pp_1,h_pp_2,h_pp_3,h_ii_mag,h_pp_mag,uD_1,uD_2,uD_3,uE_1,uE_2,uE_3,uN_1,uN_2,uN_3,vN,vE,azi_pp,rho,T,p,wind_1,wind_2,wind_3,cL,cD,aoa,S,mass,heat_rate,heat_load,T_r,q,gravity_ii_1,gravity_ii_2,gravity_ii_3,drag_pp_1,drag_pp_2,drag_pp_3,drag_ii_1,drag_ii_2,drag_ii_3,lift_pp_1,lift_pp_2,lift_pp_3,lift_ii_1,lift_ii_2,lift_ii_3,force_ii_1,force_ii_2,force_ii_3,energy
0.0016099999999999999,2014.0,5.0,19.0,4.0,0.0,35.0,1,-1.2194969599053597e6,4.807695928158342e6,4.727155472986247e6,1916.664086414573,-7665.72165302748,4913.877005768212,6.85179624905999e6,9305.00278934205,-4.760318035730001e6,1.3930129832677057e6,4.727155472986247e6,6.851796249059991e6,7575.641672517167,-2246.469455687172,4913.877005768211,9305.007200079519,3.9418455467781425e7,0.8381346012032307,1.5686321185224097,1.8171495507138828,1.3178108517203067,5.7267480028140305,0.7613713153663778,2.856910750410109,799996.249059991,-0.25307178388039325,-0.2530716612915854,5.986148453860077e10,1.5052827195854021e10,1.3358612744503021e8,1.746450484956381e10,5.9202853329539566e10,1.409418602239113e8,6.172521999156283e10,6.172525120732499e10,0.6947547566644406,-0.20330624738860492,-0.689914775798357,-0.2808521717556123,-0.9597510393951945,0.0,0.6621464231665757,-0.1937640631092549,0.7238906009440258,9008.57846470426,28.41597889655486,0.0031543139424684407,4.32840452480305e-17,290.7439330751562,0.0,-108.61768752742003,142.98467891334093,0.0,2.8057687213764314e-17,2.258216805585074,1.5707963267948966,28.074201757285316,650.0000000001,1.7447106466357647e-9,2.80892861422205e-12,0.0,1.9301525712811477e-9,800.5196378423861,-3155.9365294066088,-3103.0993872422496,-4.066058282058196e-8,1.1457289545623568e-8,-2.6491929682822988e-8,-1.07964172905775e-8,4.08410314846403e-8,-2.649192968282299e-8,3.160286943381383e-25,-9.197722826949377e-26,-5.248285346581886e-25,8.13927624781249e-26,-3.189187425997203e-25,-5.248285346581886e-25,800.5196378315898,-3155.936529365768,-3103.0993872687413,-4.1206408032085747e6
0.40325675156492957,2014.0,5.0,19.0,4.0,0.0,35.0,1,-1.218727038668559e6,4.804616624354135e6,4.729128730539799e6,1917.1586871044185,-7667.671538034123,4911.958751455015,6.850860898589238e6,9305.698416707583,-4.7572749161448935e6,1.3921105825402527e6,4.729128730539799e6,6.850860898589238e6,7577.572883068362,-2247.0326053619774,4911.958751455014,9305.702826964136,3.941845407934299e7,0.8381345955230154,1.5686321185189298,1.8171495507105646,1.3178108532739958,5.7272761513086,0.7618994630530724,2.8569130529732734,799060.8985892376,-0.2528328423101235,-0.25283271986465267,5.9861484442242004e10,1.505282717141235e10,1.3358612744468307e8,1.7464496211378754e10,5.9202855786513214e10,1.409324487587242e8,6.172521989215298e10,6.1725251098323265e10,0.6944054165695489,-0.20320228408475244,-0.6902970007044872,-0.28084996186747724,-0.9597516860725156,0.0,0.6625137103169321,-0.19386988632508914,0.7235261231070992,9009.808354031122,28.43227639829638,0.003155692207990459,4.348837351541392e-17,290.74623362405305,0.0,-108.5996601190131,143.06405793937964,0.0,2.8057428791195975e-17,2.2582125852242565,1.5707963267948966,28.076189459966614,650.0000000001,1.7533398065195508e-9,7.05297572313349e-10,0.0,1.9395847276406644e-9,800.3419459648304,-3155.2071109799417,-3105.666380650534,-4.086660243498881e-8,1.151554631628838e-8,-2.6608989978664928e-8,-1.0850939402603906e-8,4.104807079051383e-8,-2.660898997866493e-8,3.174230131666735e-25,-9.238225492644287e-26,-5.2748459184137395e-25,8.17524980351789e-26,-3.203254273049715e-25,-5.2748459184137395e-25,800.3419459539795,-3155.2071109388935,-3105.666380677143,-4.120640948350139e6
4.216340689419913,2014.0,5.0,19.0,4.0,0.0,39.0,1,-1.2114078067509227e6,4.775343886419863e6,4.747823615937499e6,1921.8487055764315,-7686.160302380718,4893.66853635108,6.8420206953705195e6,9312.279763016766,-4.728346070784827e6,1.3835322702121346e6,4.747823615937499e6,6.8420206953705195e6,7595.88470803119,-2252.372126827689,4893.668536351079,9312.284168724926,3.941844084335836e7,0.8381345413551174,1.5686321184858143,1.8171495506788102,1.317810867667412,5.732297368298315,0.7669206718646876,2.8569350528385202,790220.6953705195,-0.2505609884679141,-0.2505608673810768,5.986148352675385e10,1.5052826939181755e10,1.3358612744469452e8,1.746441391539538e10,5.920287919630795e10,1.408432814589386e8,6.172521894767345e10,6.172525006325062e10,0.6910745058085168,-0.20221106187946308,-0.6939212591318227,-0.28082884739175007,-0.9597578645015737,0.0,0.6659963857966014,-0.19487310738262167,0.720050891343734,9021.448909353741,28.588315029991463,0.00316891661442061,4.5487396427447316e-17,290.76813510557815,0.0,-108.42641459643883,143.81675228008095,0.0,2.805498665206868e-17,2.2581727020656346,1.5707963267948966,28.09498783637337,650.0000000001,1.8378275663792758e-9,7.550514149611105e-9,0.0,2.031916255487335e-9,798.6228532601514,-3148.154352826608,-3130.044313209171,-4.288475270232627e-8,1.2086272353293264e-8,-2.7752073168137197e-8,-1.1384991076694174e-8,4.307623442132862e-8,-2.77520731681372e-8,3.3103814749455866e-25,-9.633703941267396e-26,-5.535026047721733e-25,8.526537024214286e-26,-3.340612172894343e-25,-5.535026047721733e-25,798.6228532487664,-3148.1543527835315,-3130.044313236923,-4.1206423319852725e6
10.732466349431784,2014.0,5.0,19.0,4.0,0.0,45.0,1,-1.1988587478917034e6,4.725157211965937e6,4.779608689493096e6,1929.8394861399745,-7717.657405083601,4862.081519599226,6.827080796348326e6,9323.430321922027,-4.67874862695351e6,1.3688258694847994e6,4.779608689493096e6,6.827080796348325e6,7627.080935259412,-2261.467373315852,4862.081519599225,9323.434719930097,3.941841794026907e7,0.838134447561089,1.5686321184289005,1.8171495506234858,1.3178108909081052,5.740907974452935,0.7755312620399654,2.856973246823454,775280.796348324,-0.24666433319365846,-0.24666421441958966,5.9861481953368904e10,1.5052826540015633e10,1.3358612744471931e8,1.7464272072076958e10,5.920291954759393e10,1.4069167496430016e8,6.172521732445141e10,6.172524828717833e10,0.6853219943516828,-0.2004994389720652,-0.7000955213609918,-0.2807921902095082,-0.9597685897742994,0.0,0.671929691243942,-0.1965813547988204,0.7140492006649688,9041.189880638916,28.86059099126942,0.0031921122492110003,4.916709716548386e-17,290.8058161126479,0.0,-108.12141372005782,145.0991313952317,0.0,2.805086064313278e-17,2.258105319226129,1.5707963267948966,28.126806406602423,650.0000000001,1.9936401469921415e-9,2.0025522842706617e-8,0.0,2.202112558360408e-9,795.5496566108881,-3135.563054465474,-3171.7297956479233,-4.661122697474339e-8,1.3140323249972354e-8,-2.9846390440961455e-8,-1.237091546763229e-8,4.6821309525658366e-8,-2.984639044096146e-8,3.559821639501993e-25,-1.0358167193805898e-25,-6.015421573471645e-25,9.170193414027637e-26,-3.592258608272555e-25,-6.015421573471645e-25,795.5496565985171,-3135.563054418653,-3171.7297956777697,-4.1206447261817977e6
19.389983764036582,2014.0,5.0,19.0,4.0,0.0,54.0,1,-1.1821053429731638e6,4.658161011096862e6,4.8215183112627575e6,1940.406986175918,-7759.30364466478,4819.467422316261,6.807560199736078e6,9338.053253054204,-4.612538316198731e6,1.349195066988913e6,4.8215183112627575e6,6.807560199736078e6,7668.330451197768,-2273.4912277457042,4819.46742231626,9338.057640974988,3.9418386967614226e7,0.8381343205974852,1.5686321183526803,1.8171495505478883,1.3178109190347589,5.752406241886021,0.7870295041813854,2.857025202541412,755760.1997360783,-0.24145938479946777,-0.2414592690808551,5.9861479846284195e10,1.5052826005354523e10,1.3358612744475174e8,1.7464081256774033e10,5.9202973836369125e10,1.404917827218628e8,6.1725215150601234e10,6.172524591408304e10,0.6775611497901338,-0.19819069202520165,-0.7082593719038551,-0.28074232436439095,-0.959783177238734,0.0,0.6797754302749922,-0.1988383823211519,0.7059523086656467,9067.11410322311,29.23371912666198,0.00322413697438594,5.462939341951915e-17,290.85637110808926,0.0,-107.69820161463423,146.79493359009797,0.0,2.8045472130392125e-17,2.2580173181348044,1.5707963267948966,28.168472267867728,650.0000000001,2.2255615926125314e-9,3.826762496999554e-8,0.0,2.4552684878113976e-9,791.1994225747953,-3117.7714610193843,-3227.142865480912,-5.216796504658488e-8,1.4712550808774029e-8,-3.293361686891877e-8,-1.3840656113261258e-8,5.2406029870205815e-8,-3.2933616868918775e-8,3.927496175761562e-25,-1.142583842820529e-25,-6.731717531691345e-25,1.0119096488001377e-25,-3.963175861750449e-25,-6.731717531691344e-25,791.1994225609546,-3117.7714609669783,-3227.1428655138457,-4.1206479639425725e6
29.573364397413652,2014.0,5.0,19.0,4.0,1.0,4.0,1,-1.1622824696338947e6,4.578896950304185e6,4.8703376194792725e6,1952.7598846981605,-7807.974950378536,4768.398033257332,6.785085581511722e6,9354.964660360694,-4.534203030131382e6,1.3259716068870486e6,4.8703376194792725e6,6.785085581511721e6,7716.53975708173,-2287.540174529437,4768.398033257331,9354.96903662869,3.941834976853986e7,0.8381341679354057,1.568632118262203,1.8171495504558675,1.317810947895599,5.7660148113976675,0.8006380377158111,2.857088168083996,733285.581511721,-0.2352969891270119,-0.2352968769773531,5.986147734509886e10,1.5052825370547195e10,1.335861274447937e8,1.7463853370516163e10,5.920303868239051e10,1.4025896959318542e8,6.172521257012745e10,6.172524310486001e10,0.6682602563608577,-0.19542444836659253,-0.717800470011781,-0.28068189053938886,-0.9598008524288956,0.0,0.6889455029911693,-0.2014735929529686,0.6962488673246559,9097.146031889268,29.690042038641877,0.0032636539548358758,6.202209062168075e-17,290.9165440282563,0.0,-107.17309864187379,148.77711113695403,0.0,2.803927240160844e-17,2.2579160688801125,1.5707963267948966,28.21656729615009,650.0000000001,2.5404819951180393e-9,6.249307789658988e-8,0.0,2.7987343307803667e-9,785.6873678652879,-3095.2729535222916,-3292.3179672419383,-5.973018536977582e-8,1.6853028696272608e-8,-3.707479054030893e-8,-1.5840118812074934e-8,6.000675175815235e-8,-3.7074790540308935e-8,4.420651633939825e-25,-1.285756847393589e-25,-7.70645590796642e-25,1.1392107133656194e-25,-4.460664803572149e-25,-7.7064559079664195e-25,785.6873678494478,-3095.272953462285,-3292.317967279013,-4.1206518525957167e6
40.7846514491095,2014.0,5.0,19.0,4.0,1.0,15.0,1,-1.1403137598199826e6,4.491061075073447e6,4.923476863575083e6,1966.255631378124,-7861.134867465112,4710.993364461293,6.760959212791761e6,9373.209753995705,-4.447395087693182e6,1.300239202930449e6,4.923476863575083e6,6.760959212791761e6,7769.197179788049,-2302.8807172570055,4710.993364461292,9373.214117704718,3.9418307896537334e7,0.838133995883741,1.5686321181616514,1.8171495503506212,1.3178109740895583,5.781100342906926,0.8157235213829854,2.85715994126451,709159.2127917614,-0.228463108651707,-0.22846300040049294,5.986147456546926e10,1.5052824664880257e10,1.335861274448452e8,1.7463598188205845e10,5.920311131049957e10,1.400056410150509e8,6.172520970233634e10,6.1725239992259445e10,0.6578053420702041,-0.19231578863401372,-0.7282216485287836,-0.2806130018566583,-0.959820995388721,0.0,0.6989624275545124,-0.2043484628106663,0.6853416889508626,9129.607204578328,30.21551966250263,0.003309606718392587,7.159597718400677e-17,290.98366148519074,0.0,-106.55927376927501,150.94251460104084,0.0,2.803262303095614e-17,2.257807476416442,1.5707963267948966,28.268337612680554,650.0000000001,2.9498225711346913e-9,9.320276072859643e-8,0.0,3.244763109407489e-9,779.1180904614081,-3068.5124149595176,-3363.9960617636198,-6.95847006235103e-8,1.9643572128809233e-8,-4.2381816929421e-8,-1.8444578550672535e-8,6.991207341319065e-8,-4.2381816929421006e-8,5.052588222137901e-25,-1.4691728270540894e-25,-8.976553361145883e-25,1.3023758584057271e-25,-5.098130408461783e-25,-8.976553361145883e-25,779.1180904429635,-3068.5124148896057,-3363.9960618060018,-4.1206562297482267e6
52.70617919143978,2014.0,5.0,19.0,4.0,1.0,27.0,1,-1.1167880818038143e6,4.397009971392605e6,4.979268558841258e6,1980.4768023816653,-7917.135327364692,4648.597275084295,6.736024620594119e6,9392.165713108934,-4.35444317373306e6,1.272688868072082e6,4.979268558841258e6,6.736024620594119e6,7824.670798220513,-2319.0361749035947,4648.597275084294,9392.170063779588,3.941826237509658e7,0.8381338086014823,1.5686321180537666,1.8171495502341077,1.3178109951489454,5.797258430319743,0.8318815478755762,2.857239267789315,684224.6205941197,-0.221140343488196,-0.22114023934771404,5.986147158317255e10,1.5052823907533325e10,1.3358612744490242e8,1.746332191666296e10,5.920318996078764e10,1.3973982022504616e8,6.172520662539435e10,6.172523666309805e10,0.6464411012424415,-0.18893768056920057,-0.7391998751931648,-0.2805368617098328,-0.9598432524230184,0.0,0.7095160123960965,-0.2073728131629905,0.6734861130820811,9163.399988562574,30.802634960747582,0.0033614727045632735,8.376616432534969e-17,291.05601334005837,0.0,-105.86340943958798,153.22414352532772,0.0,2.802575877211534e-17,2.25769537456233,1.5707963267948966,28.32198531319109,650.0000000001,3.4722189605314695e-9,1.3138493264917486e-7,0.0,3.813418179760077e-9,771.5488478564297,-3037.736552454684,-3440.0352711941127,-8.219572265328299e-8,2.3216442362173748e-8,-4.9048449941619255e-8,-2.177600932862528e-8,8.258901522703356e-8,-4.904844994161926e-8,5.846347243426094e-25,-1.699488715844987e-25,-1.0601778832785875e-24,1.507379756825332e-25,-5.898800238583568e-25,-1.0601778832785875e-24,771.5488478346537,-3037.736552372095,-3440.0352712431613,-4.120660988410756e6
65.16055768268426,2014.0,5.0,19.0,4.0,1.0,40.0,1,-1.0920307492893834e6,4.298045874309132e6,5.036750344762541e6,1995.1792032403125,-7975.011579212911,4581.925530166095,6.7107811416052645e6,9411.460636139882,-4.25663405118935e6,1.2437025566085412e6,5.036750344762541e6,6.7107811416052645e6,7882.0054082779325,-2335.727323156572,4581.925530166094,9411.464973544267,3.941821379817941e7,0.8381336085008777,1.5686321179401468,1.8171495501072437,1.317811009234476,5.814264988676348,0.848888030831654,2.857325690618076,658981.1416052636,-0.21342982085980833,-0.21342972097644736,5.986146844240796e10,1.5052823109679134e10,1.3358612744497871e8,1.7463027896237667e10,5.9203273689282906e10,1.3946618056400108e8,6.172520338489085e10,6.172523316803618e10,0.6342978501860566,-0.18532902956674863,-0.7505460599118445,-0.2804539082932429,-0.9598674936276597,0.0,0.7204247653796975,-0.21049357585637124,0.6608181383336915,9197.866992284764,31.449509535917514,0.003419204365957715,9.914645445216131e-17,291.13265790017454,0.0,-105.08640365144886,155.5828114093689,0.0,2.801881931705097e-17,2.2575820446606936,1.5707963267948966,28.376432925795815,650.0000000001,4.135123391539447e-9,1.7862022533231873e-7,0.0,4.534283257138915e-9,762.9903847495696,-3002.9993912208115,-3519.1627014047413,-9.824597209931167e-8,2.776613097604192e-8,-5.736311742190738e-8,-2.6013823028874804e-8,9.872441478448897e-8,-5.7363117421907385e-8,6.836234395735373e-25,-1.986618341187491e-25,-1.2670043600019267e-24,1.7631159693454935e-25,-6.897258529707063e-25,-1.2670043600019267e-24,762.9903847235557,-3002.999391122087,-3519.1627014621045,-4.120666066494927e6
78.0694628162986,2014.0,5.0,19.0,4.0,1.0,53.0,1,-1.0661777683093818e6,4.194713896538039e6,5.095443394503599e6,2010.238147506832,-8034.269963934569,4511.224797232779,6.685499464814642e6,9430.890755079332,-4.1545062554008123e6,1.2134403492887637e6,5.095443394503599e6,6.685499464814642e6,7940.712394115948,-2352.8109775760163,4511.224797232778,9430.895079123547,3.9418162442913525e7,0.8381333967017682,1.5686321178215719,1.8171495499701233,1.3178110148190851,5.832025466639404,0.8666484171588278,2.8574193969999127,633699.4648146424,-0.20537408345998379,-0.20537398794981043,5.98614651647484e10,1.5052822276748425e10,1.3358612744506454e8,1.746271734787954e10,5.920336215587381e10,1.391871029975872e8,6.1725200003071724e10,6.172522953202463e10,0.621420475353519,-0.18150332008476291,-0.762163458589832,-0.28036396135218716,-0.9598937697343958,0.0,0.7315959554195989,-0.21368316644812896,0.6473846324947676,9232.646777885693,32.15901596515414,0.003483170826580466,1.186011004798609e-16,291.2132149027147,0.0,-104.22411693036594,157.99851973881417,0.0,2.8011881367536816e-17,2.2574687393465576,1.5707963267948966,28.431083284633086,650.0000000001,4.977210605766195e-9,2.3724797439220547e-7,0.0,5.449032310068051e-9,753.409738628578,-2964.1757635067524,-3600.711683295442,-1.1869843738349363e-7,3.356707087462495e-8,-6.772801486130816e-8,-3.1410995920968916e-8,1.1928711841451337e-7,-6.772801486130817e-8,8.070088163796374e-25,-2.3443830939091214e-25,-1.5305349347428889e-24,2.0819890722325847e-25,-8.141730563311303e-25,-1.5305349347428887e-24,753.409738597167,-2964.1757633874654,-3600.71168336317,-4.1206714350328892e6
91.42425480430892,2014.0,5.0,19.0,4.0,2.0,6.0,1,-1.0392285731140386e6,4.0870131697330824e6,5.155192035246481e6,2025.6092161927459,-8094.732851263234,4436.383901994725,6.660306118866989e6,9450.359504057142,-4.048058720813176e6,1.1819023942765698e6,5.155192035246481e6,6.660306118866989e6,8000.6162040684485,-2370.23510640293,4436.3839019947245,9450.363814706048,3.94181083531159e7,0.8381331733686165,1.5686321176982414,1.8171495498221628,1.3178110104275582,5.850538703992114,0.885161544353341,2.857521134494159,608506.1188669894,-0.1969733753733301,-0.19697328434643774,5.986146175572455e10,1.505282141009478e10,1.3358612744516468e8,1.7462389897887577e10,5.9203455475622536e10,1.389034455755062e8,6.172519648563078e10,6.172522576197724e10,0.6077886884727466,-0.17745466547378883,-0.7740172813743659,-0.28026630271452396,-0.9599222882935529,0.0,0.742996439915636,-0.2169309616879409,0.6331644716294778,9267.567407064724,32.938384179839886,0.0035541414527959082,1.4332490005417212e-16,291.29771838816475,0.0,-103.26766660600919,160.46415875427718,0.0,2.800498215028301e-17,2.2573560665782355,1.5707963267948966,28.48564254970547,650.0000000001,6.052081442059152e-9,3.106406129563429e-7,0.0,6.615390874621359e-9,742.7308053085695,-2920.9652827063665,-3684.427381777139,-1.4489133831804722e-7,4.1000874690334126e-8,-8.068868620888235e-8,-3.831886119696423e-8,1.456236125136823e-7,-8.068868620888236e-8,9.612795399890727e-25,-2.7915205626442483e-25,-1.868001136305874e-24,2.480832176612331e-25,-9.697623119265408e-25,-1.868001136305874e-24,742.7308052702507,-2920.9652825607427,-3684.4273818578276,-4.1206770894463807e6
105.26699090968611,2014.0,5.0,19.0,4.0,2.0,20.0,1,-1.0110796942082448e6,3.9745316868056054e6,5.216056405749217e6,2041.301601106082,-8156.433237269514,4357.001966165916,6.635241420281517e6,9469.835347770666,-3.9368840108918804e6,1.1489684774813917e6,5.216056405749217e6,6.635241420281517e6,8061.750004242451,-2388.0082993922097,4357.001966165915,9469.839645001539,3.941805139718417e7,0.8381329379444651,1.5686321175699376,1.8171495496621741,1.3178109944211331,5.869873766031962,0.9044964746886536,2.8576321958339053,583441.4202815173,-0.18819607473155947,-0.1881959883090915,5.986145820932623e10,1.5052820508131268e10,1.3358612744528484e8,1.7462043902476112e10,5.920355412720069e10,1.3861506354424858e8,6.17251928263523e10,6.172522185201302e10,0.5933294301633485,-0.17316151812794844,-0.7861140349476406,-0.2801596907308637,-0.9599534091244152,0.0,0.7546328478085373,-0.2202374649101224,0.6180814865843659,9302.572510363276,33.799320080844154,0.003633314474579752,1.749605508946183e-16,291.38652320621736,0.0,-102.20326612545897,162.98123067572993,0.0,2.7998135626551494e-17,2.257244254360439,1.5707963267948966,28.539997320651988,650.0000000001,7.433691380033475e-9,4.036349212902144e-7,0.0,8.112942783169321e-9,730.8325243078797,-2872.8863236487196,-3770.3319561671174,-1.7867774770567886e-7,5.059642403593562e-8,-9.697579830446425e-8,-4.722352417371835e-8,1.7959864814361125e-7,-9.697579830446426e-8,1.1551256777691972e-24,-3.3531075333928896e-25,-2.3032631170438866e-24,2.9822042102321503e-25,-1.1652524246837874e-24,-2.3032631170438866e-24,730.8325242606561,-2872.8863234691207,-3770.331956264093,-4.120683043495223e6
119.66961292039943,2014.0,5.0,19.0,4.0,2.0,34.0,1,-981563.6770505669,3.856602049554992e6,5.27820233203483e6,2057.34987961825,-8219.503307290022,4272.479446161256,6.610315157285219e6,9489.309972995257,-3.8203222219007486e6,1.1144436915287015e6,5.27820233203483e6,6.610315157285219e6,8124.245333440782,-2406.167535338442,4272.4794461612555,9489.314256779644,3.941799134778414e7,0.8381326894774277,1.5686321174362219,1.8171495494884993,1.317810964827662,5.890143063199926,0.9247656147012759,2.857754388238751,558515.1572852191,-0.17899084131868992,-0.17899075964230626,5.986145451345327e10,1.5052819567709635e10,1.3358612744543171e8,1.7461676862250313e10,5.920365883577427e10,1.3832134458503532e8,6.172518901273371e10,6.172521778964225e10,0.5779334465907237,-0.16859161250435606,-0.7984796800826858,-0.2800423896240251,-0.9599876353441568,0.0,0.7665306199529363,-0.2236081576765824,0.6020217608152149,9337.647100955157,34.758005422837414,0.0037223343861559535,2.157362707306204e-16,291.48019004800483,0.0,-101.01242441686513,165.55532538959983,0.0,2.799134804625469e-17,2.257133404761983,1.5707963267948966,28.594094035140515,650.0000000001,9.222807885847778e-9,5.231114146366191e-7,0.0,1.005001695518082e-8,717.5536380604897,-2819.2962880666605,-3858.5736510192514,-2.2259428294721472e-7,6.307849135294703e-8,-1.1754604633620729e-7,-5.8789696386747185e-8,2.237652396394547e-7,-1.175460463362073e-7,1.3999247382059497e-24,-4.0619435651507406e-25,-2.868980973817701e-24,3.615667677165053e-25,-1.4121092735297546e-24,-2.868980973817701e-24,717.5536380016999,-2819.2962878428953,-3858.5736511367973,-4.1206893209471107e6
134.6778095495397,2014.0,5.0,19.0,4.0,2.0,49.0,1,-950563.0789678139,3.7327570309542725e6,5.341650734097391e6,2073.7487548723925,-8283.917760806304,4182.3389915684265,6.585611420689694e6,9508.71635955824,-3.6979112472097687e6,1.0781918321870302e6,5.341650734097391e6,6.585611420689694e6,8188.077797745354,-2424.704220138504,4182.338991568426,9508.72062989977,3.941792812520585e7,0.8381324276280319,1.5686321172969748,1.8171495492996497,1.3178109193718694,5.911423861963492,0.9460462264834449,2.8578896660007107,533811.4206896937,-0.16932224908335286,-0.1693221723060326,5.986145066482465e10,1.5052818587910091e10,1.3358612744560719e8,1.74612868176183e10,5.920377017573786e10,1.380224039661579e8,6.172518504136876e10,6.1725213572192e10,0.5615137321330896,-0.16371932130701308,-0.8111093098077101,-0.2799125220832046,-0.9600255100678416,0.0,0.7786856288689219,-0.2270396525934435,0.5848945952419633,9372.669984585194,35.832398321721485,0.003823054029227388,2.684707001138064e-16,291.5791250154624,0.0,-99.67579431479827,168.18566045518477,0.0,2.79846466963163e-17,2.2570239634121494,1.5707963267948966,28.64770971573637,650.0000000001,1.154775797999829e-8,6.783335838097303e-7,0.0,1.256436753192192e-8,702.7400991370155,-2759.5833501503134,-3949.064133079095,-2.7989385200255634e-7,7.937806279184573e-8,-1.4354291284972178e-7,-7.386842825701452e-8,2.8139811752791357e-7,-1.435429128497218e-7,1.7092740767185545e-24,-4.957162893628958e-25,-3.607034955093301e-24,4.416607352982208e-25,-1.7240325703935014e-24,-3.607034955093301e-24,702.740099063147,-2759.5833498689153,-3949.064133222638,-4.1206959301378056e6
150.1616865085179,2014.0,5.0,19.0,4.0,3.0,5.0,1,-918324.7939689065,3.603984912262914e6,5.405675598914193e6,2090.2966365634065,-8348.880176302686,4087.1727321095964,6.5615056470091585e6,9527.75530590435,-3.5706276331669902e6,1.040502753624925e6,5.405675598914193e6,6.5615056470091585e6,8252.458863850856,-2443.3878219879525,4087.172732109596,9527.759562997475,3.941786245318115e7,0.8381321553929576,1.5686321171537942,1.8171495490963743,1.3178108562734405,5.933542546382821,0.9681646915700668,2.8580386786591463,509705.6470091585,-0.15926890291991697,-0.15926883114917584,5.9861446707633224e10,1.5052817579893093e10,1.3358612744581985e8,1.7460876410305115e10,5.920388741015887e10,1.377219037206545e8,6.172518095783759e10,6.172520924884323e10,0.5441780934524595,-0.15857682818564725,-0.8238468256715116,-0.27976946302261596,-0.9600672099181583,0.0,0.7909483233223795,-0.2304871840310055,0.5668124979488138,9407.098666070717,37.03054404819795,0.003936426532146247,3.3590430892964385e-16,291.68256231631756,0.0,-98.18844065719347,170.84000077315082,0.0,2.797813819935179e-17,2.2569176715903927,1.5707963267948966,28.699979697280384,650.0000000001,1.4535216137652605e-8,8.794276521107694e-7,0.0,1.579152919107942e-8,686.4163035358221,-2693.8551781692877,-4040.6031745001633,-3.53837259921675e-7,1.0043180767533682e-7,-1.759296445447079e-7,-9.330983207913002e-8,3.557817164205876e-7,-1.7592964454470793e-7,2.0946241941258782e-24,-6.071568312836815e-25,-4.5594018313357964e-24,5.414949301516009e-25,-2.1125513421008355e-24,-4.5594018313357964e-24,686.4163034425122,-2693.855177813506,-4040.6031746760927,-4.120702795412272e6
165.65986746766666,2014.0,5.0,19.0,4.0,3.0,20.0,1,-885803.2280599938,3.4740989723327192e6,5.468267235269782e6,2106.457873960068,-8412.285061268954,3989.7596781008065,6.538803987330542e6,9545.778491868343,-3.442240429906761e6,1.0024928184880327e6,5.468267235269782e6,6.538803987330542e6,8315.30229052748,-2461.611987627477,3989.759678100806,9545.782736343934,3.941779654142802e7,0.8381318819513242,1.5686321170113817,1.81714954888434,1.3178107761409563,5.955840176615187,0.9904620736613298,2.8581985764651865,487003.987330541,-0.1491302883656418,-0.14913022155975722,5.986144277183101e10,1.505281657669718e10,1.3358612744606686e8,1.746045760267984e10,5.920400713622557e10,1.3742947674355602e8,6.172517689622553e10,6.172520496152529e10,0.5264327293762557,-0.15331440129272014,-0.8362794244734955,-0.279615946806277,-0.960111932168135,0.0,0.8029218540637036,-0.23383706306876484,0.5483034964344832,9439.753231248149,38.331918743015194,0.0040606684431677845,4.1897732590184245e-16,291.78742485141726,0.0,-96.58312139280126,173.43255367577427,0.0,2.797204362581503e-17,2.2568181396512084,1.5707963267948966,28.749102657012113,650.0000000001,1.8232986468766553e-8,1.1323619288429593e-6,0.0,1.9781656590716477e-8,669.0272470091742,-2623.908784333017,-4130.1065179791585,-4.457691231074302e-7,1.2663379905702253e-7,-2.1468942354873968e-7,-1.1745758636511707e-7,4.482744087998586e-7,-2.146894235487397e-7,2.555765921691974e-24,-7.404149623154347e-25,-5.743380707607236e-24,6.610491908192947e-25,-2.577434330922856e-24,-5.743380707607236e-24,669.0272468917166,-2623.9087838847427,-4130.106518193848,-4.1207096857706606e6
180.60414287376818,2014.0,5.0,19.0,4.0,3.0,35.0,1,-854209.8097678829,3.3479367281631036e6,5.527176931843943e6,2121.637392807788,-8471.799077838015,3893.8330188829564,6.518285017609691e6,9562.147270396981,-3.317531445636427e6,965577.4656135213,5.527176931843943e6,6.518285017609691e6,8374.295214991278,-2478.7064057279085,3893.833018882956,9562.151503326306,3.9417733088637374e7,0.8381316185409374,1.5686321168753123,1.8171495486718086,1.3178106824142195,5.977483424832086,1.0121050537710758,2.8583641967821647,466485.0176096922,-0.13928569574596958,-0.1392856336857641,5.986143901149553e10,1.5052815617592642e10,1.3358612744633389e8,1.746004628444836e10,5.920412481695253e10,1.3715569551206303e8,6.1725173015534645e10,6.172520087679897e10,0.5089577145942282,-0.1481336675221983,-0.8479495629466667,-0.2794569289295185,-0.9601582290816874,0.0,0.8141657507094623,-0.23696538074820292,0.530076917719077,9469.4629623346,39.69553020651847,0.004191927023828881,5.163048200237935e-16,291.8897405413953,0.0,-94.91852506450726,175.86798458207568,0.0,2.796657181965199e-17,2.2567287782750656,1.5707963267948966,28.79335281718323,650.0000000001,2.2584209132559382e-8,1.4363146240613286e-6,0.0,2.4472305186640047e-8,651.2769878351637,-2552.574464549026,-4214.145753660138,-5.544246051126881e-7,1.5763480097493435e-7,-2.5872197749694285e-7,-1.4596958182418491e-7,5.576094102638872e-7,-2.587219774969429e-7,3.0796064164632362e-24,-8.916678008181798e-25,-7.142676727916157e-24,7.969622693162571e-25,-3.105462652910795e-24,-7.142676727916157e-24,651.2769876891941,-2552.5744639914165,-4214.1457539188605,-4.120716319093004e6
194.714594214963,2014.0,5.0,19.0,4.0,3.0,49.0,1,-824173.6899683874,3.2280084455007394e6,5.581471280128845e6,2135.585713713999,-8526.448894135016,3801.509842765767,6.500163263054501e6,9576.666130212567,-3.1989823485671594e6,930490.5851302024,5.581471280128845e6,6.500163263054501e6,8428.472113235986,-2494.392871644657,3801.5098427657667,9576.670352808087,3.941767351789796e7,0.8381313711214881,1.5686321167483213,1.8171495484639266,1.3178105788499144,5.9980405034712545,1.0326618516567276,2.858532163205185,448363.26305450127,-0.12993216733173943,-0.12993210971677865,5.986143550220302e10,1.5052814721911554e10,1.3358612744661808e8,1.745965129241611e10,5.9204237920305534e10,1.3690481838446045e8,6.172516939377368e10,6.17251970746648e10,0.4921387693059145,-0.1431488021876167,-0.8586663217911312,-0.2792956506448843,-0.96020515491787,0.0,0.8244958285382107,-0.2398217690315036,0.5125350210685018,9495.856736805172,41.093290935080404,0.004327469922489758,6.26394682611719e-16,291.98737663420354,0.0,-93.23617175906828,178.1063598540211,0.0,2.796177613753453e-17,2.256650458842543,1.5707963267948966,28.832249936447393,650.0000000001,2.7524714185792764e-8,1.7888096498421886e-6,0.0,2.9793809152886278e-8,633.646300062113,-2481.777364355385,-4291.2309245549495,-6.783120302725386e-7,1.9301870889099e-7,-3.069898155467257e-7,-1.7844608084280173e-7,6.822905749211566e-7,-3.069898155467258e-7,3.653807893498283e-24,-1.0573216926390074e-24,-8.73809026427449e-24,9.460594961051691e-25,-3.684184131411542e-24,-8.73809026427449e-24,633.646299883667,-2481.7773636730944,-4291.2309248619395,-4.1207225466071144e6
196.77232440981857,2014.0,5.0,19.0,4.0,3.0,51.0,1,-819777.1697630249,3.210455242203563e6,5.589279772666809e6,2137.5874970589402,-8534.288793466574,3787.9074304076885,6.497623092131411e6,9578.70597832555,-3.181630824904497e6,925355.4799505675,5.589279772666809e6,6.497623092131411e6,8436.244641428862,-2496.642291934833,3787.907430407688,9578.710199460707,3.9417664872871265e7,0.8381313352070113,1.5686321167299433,1.8171495484330313,1.3178105625153433,6.001047788480288,1.0356690933853834,2.8585576801024244,445823.0921314107,-0.1285636128677613,-0.1285635558982722,5.986143499435394e10,1.5052814592240953e10,1.3358612744666004e8,1.745959316016909e10,5.920425457407699e10,1.368688656302681e8,6.172516886963608e10,6.17251965252207e10,0.4896607235894362,-0.14241445938456615,-0.8602037534980137,-0.27927114909769407,-0.9602122813636855,0.0,0.8259782085839331,-0.24023009069753987,0.5099504902124602,9499.568091349856,41.30685580670388,0.004348260370841924,6.443614440343667e-16,291.9637542142729,0.0,-92.98153934546653,178.42764807780304,0.0,2.796087660845383e-17,2.2566357684178207,1.5707963267948966,28.839557868831072,650.0000000001,2.8332288549085787e-8,1.8462658148898715e-6,0.0,3.0663376469795405e-8,631.005559111027,-2471.1777539415916,-4302.275857802322,-6.986017629191038e-7,1.988167811349864e-7,-3.14742556744885e-7,-1.8376226129935473e-7,7.027118662273355e-7,-3.1474255674488504e-7,3.7460103071974086e-24,-1.0839100957783275e-24,-8.999319793603465e-24,9.700104481157273e-25,-3.7771065708960005e-24,-8.999319793603465e-24,631.0055589272647,-2471.1777532388796,-4302.275858117065,-4.1207234503581747e6
202.08161478448707,2014.0,5.0,19.0,4.0,3.0,57.0,1,-808414.4642459608,3.165090840200885e6,5.609297379813427e6,2142.7135597517636,-8554.361029452435,3752.6502019256286,6.491190265884017e6,9583.876958693232,-3.1367874265754237e6,912084.762072013,5.609297379813427e6,6.491190265884017e6,8456.144958768986,-2502.400306940641,3752.650201925628,9583.881176115614,3.9417642628773615e7,0.8381312427886424,1.5686321166827073,1.81714954835264,1.317810518916765,6.008817847053837,1.0434390374555491,2.8586247933533038,439390.2658840157,-0.12502735363699669,-0.12502729832976028,5.9861433689078445e10,1.5052814258898472e10,1.3358612744677734e8,1.745944255152928e10,5.920429773028143e10,1.3677685630462074e8,6.172516752248048e10,6.172519511394338e10,0.4832376340994888,-0.14051117356175657,-0.8641400344239506,-0.27920670550106086,-0.9602310219958756,0.0,0.8297740684024613,-0.24127369210308458,0.503251429114487,9508.979743700005,41.87002899911158,0.004403180944246645,6.97971571428159e-16,291.17193353725884,0.0,-92.31335873262577,179.25045370613114,0.0,2.7954148978795715e-17,2.256525897887595,1.5707963267948966,28.894334693529164,650.0000000001,3.0739161407658756e-8,2.0029973044304805e-6,0.0,3.325579025117647e-8,624.1110497532657,-2443.5091827367564,-4330.532576556349,-7.590103560218241e-7,2.1607781058871382e-7,-3.3795448710094574e-7,-1.9959150208124044e-7,7.635113444305477e-7,-3.379544871009458e-7,4.021573013478051e-24,-1.1633836351670897e-24,-9.775863554380171e-24,1.0415840899616336e-24,-4.0548259603648006e-24,-9.775863554380171e-24,624.1110495536742,-2443.509181973245,-4330.532576894304,-4.1207257757578865e6
210.89365729638115,2014.0,5.0,19.0,4.0,4.0,5.0,1,-789495.7329725155,3.0895644187203296e6,5.642106296872573e6,2151.095687553635,-8587.170952083472,3693.62754492291,6.480900807373434e6,9592.163575436527,-3.0621277269922174e6,889991.906362059,5.642106296872573e6,6.480900807373434e6,8488.67570202154,-2511.808758011713,3693.6275449229097,9592.16778687323,3.9417605934010126e7,0.8381310903076905,1.5686321166049286,1.8171495482170732,1.3178104419280516,6.021747507929697,1.0563684990610942,2.8587404330402846,429100.80737343524,-0.11914207349336746,-0.11914202093517791,5.986143153987055e10,1.5052813709828186e10,1.3358612744698048e8,1.7459190630214916e10,5.920436994897556e10,1.366265722781124e8,6.172516530426505e10,6.172519279303709e10,0.472484893382164,-0.1373253399202622,-0.8705743946047515,-0.27909566281964443,-0.9602633029514682,0.0,0.8359806436281335,-0.2429735376960238,0.4920368110808077,9524.072355400527,42.845202834041174,0.004498591800934055,7.96403663756746e-16,289.851589097855,0.0,-91.16813986405009,180.59614225100867,0.0,2.794305727242573e-17,2.256344756576032,1.5707963267948966,28.985110323435215,650.0000000001,3.516510705647655e-8,2.2929612708624504e-6,0.0,3.802143330522245e-8,612.4128773343718,-2396.579178781048,-4376.640306331365,-8.70303421341382e-7,2.4789498695331606e-7,-3.7990486275918045e-7,-2.2873983833014932e-7,8.755330125790787e-7,-3.799048627591805e-7,4.5194761954667166e-24,-1.3069192395306672e-24,-1.1206211714422785e-23,1.1709598025657814e-24,-4.556594794451317e-24,-1.1206211714422785e-23,612.412877105632,-2396.5791779055153,-4376.64030671127,-4.1207296118370667e6
222.55315363993407,2014.0,5.0,19.0,4.0,4.0,17.0,1,-764351.5508788516,2.9891939268379495e6,5.684712371581955e6,2161.938632045399,-8629.589289077245,3614.5850700071933,6.468034351577975e6,9602.552534363243,-2.9629077392328745e6,860634.2744567657,5.684712371581955e6,6.468034351577975e6,8530.736716009695,-2523.965484028945,3614.585070007193,9602.556738221558,3.941755790199411e7,0.8381308906808286,1.568632116503331,1.8171495480336461,1.3178103311896245,6.038916575467134,1.073537284558546,2.8589022250416347,416234.3515779758,-0.11132561545256328,-0.11132556651350489,5.986142873259317e10,1.5052812992232988e10,1.3358612744726753e8,1.7458853611693077e10,5.920446662624864e10,1.3643246202131367e8,6.1725162406752045e10,6.172518976681895e10,0.45808472530917027,-0.13305963259870462,-0.8788933488263065,-0.2789402962458197,-0.960308445828888,0.0,0.8440087058607372,-0.2451587710900905,0.477018323955045,9543.011643944119,44.219144534758016,0.004633634508064839,9.468344632793749e-16,288.09325257857364,0.0,-89.5814848872664,182.33743454564257,0.0,2.7928526570678034e-17,2.2561074522078197,1.5707963267948966,29.104917478035816,650.0000000001,4.194314335473964e-8,2.741400347851886e-6,0.0,4.531670073593537e-8,596.4535600165073,-2332.5855193100897,-4436.056454230547,-1.0412047331117465e-6,2.9679114823151886e-7,-4.42509058675705e-7,-2.7346682351209075e-7,1.047572516993976e-6,-4.4250905867570506e-7,5.262270496407609e-24,-1.5209113664583754e-24,-1.3401971919697227e-23,1.3640869387276988e-24,-5.305085200595442e-24,-1.3401971919697227e-23,596.4535597430404,-2332.5855182625173,-4436.056454673057,-4.1207346331260875e6
237.12967017842394,2014.0,5.0,19.0,4.0,4.0,32.0,1,-732741.6476955147,2.863027808858394e6,5.736671450262825e6,2175.083745949942,-8680.974254300147,3514.296330781022,6.4531572028600555e6,9614.602540212392,-2.8381856886377996e6,823735.7303016634,5.736671450262825e6,6.4531572028600555e6,8581.69482771958,-2538.6803372868317,3514.2963307810214,9614.606735149218,3.941749888186016e7,0.8381306453529941,1.5686321163786876,1.8171495477979531,1.3178101785897327,6.060473638819283,1.0950939642325652,2.8591201306223812,401357.2028600555,-0.10150920659381883,-0.10150916215171313,5.986142528870535e10,1.505281211122854e10,1.3358612744766045e8,1.7458426466789326e10,5.92045892647021e10,1.3619754517607117e8,6.1725158852000114e10,6.172518606265745e10,0.4398135051444135,-0.1276484834332846,-0.8889712848960688,-0.27873103305545255,-0.960369205676567,0.0,0.8537406467449148,-0.24778388459571427,0.4579629402366883,9565.003248611976,46.08575428996119,0.004818126714094936,1.1720578711858691e-15,285.877731016242,0.0,-87.47930723401433,184.44950100165042,0.0,2.791059795194777e-17,2.2558146556440635,1.5707963267948966,29.25414404724959,650.0000000001,5.2115546432958366e-8,3.4244657034965263e-6,0.0,5.626041516538512e-8,575.7504925251513,-2249.6191887654263,-4507.632769398308,-1.2985853726101577e-6,3.7050577185924665e-7,-5.332663850592422e-7,-3.407599005485315e-7,1.306706235967455e-6,-5.332663850592423e-7,6.338645869417981e-24,-1.8307239177929332e-24,-1.6707534613146956e-23,1.6441827690361994e-24,-6.389573111176774e-24,-1.6707534613146956e-23,575.7504921843914,-2249.6191874587203,-4507.632769931574,-4.1207408031347543e6
254.92926680562482,2014.0,5.0,19.0,4.0,4.0,49.0,1,-693887.8354741246,2.7079701947006495e6,5.798119096635365e6,2190.491708011536,-8741.142407170093,3389.7110451265457,6.436829030071696e6,9627.874400652907,-2.684899626851773e6,778393.7932288868,5.798119096635365e6,6.436829030071697e6,8641.372639781677,-2555.8920143196797,3389.7110451265453,9627.87858553915,3.94174287334383e7,0.8381303537641336,1.5686321162305616,1.8171495475008015,1.3178099711653615,6.086925386042595,1.1215451926012274,2.8594132553554217,385029.0300716972,-0.08946080079246169,-0.08946076180305912,5.9861421196272415e10,1.5052811063228697e10,1.3358612744817734e8,1.745789633553067e10,5.920474164405609e10,1.3592268773635578e8,6.172515462756039e10,6.172518167311139e10,0.41711526192608334,-0.12092814483534858,-0.9007725806523064,-0.27844951311787064,-0.9604508673765779,0.0,0.8651478063965461,-0.2508196865125626,0.43429109816456535,9589.253949602436,48.62269785690887,0.005070496768176968,1.512138228806538e-15,283.14803174444484,0.0,-84.72564636147995,186.92720788516058,0.0,2.788907178668472e-17,2.255463106686796,1.5707963267948966,29.435394795572837,650.0000000001,6.751555764556119e-8,4.483964958511262e-6,0.0,7.282073024089677e-8,549.3804730997143,-2144.0150275700366,-4590.6714418772945,-1.6899256598223503e-6,4.827387327750957e-7,-6.645246562083326e-7,-4.429442846510341e-7,1.7007897520100176e-6,-6.645246562083329e-7,7.89454757063311e-24,-2.2780006219767824e-24,-2.1731138959105437e-23,2.0495329388845525e-24,-7.956920441423495e-24,-2.1731138959105437e-23,549.38047265677,-2144.015025869247,-4590.6714425418195,-4.120748136526957e6
270.150125942505,2014.0,5.0,19.0,4.0,5.0,5.0,1,-660450.1452225704,2.574545938553858e6,5.848891267967904e6,2203.0833572879665,-8790.255372407431,3281.421314253074,6.424485212727933e6,9637.940217335408,-2.552996967623474e6,739383.3020524785,5.848891267967904e6,6.424485212727933e6,8690.09410356474,-2569.924274869245,3281.4213142530734,9637.944394372029,3.941737077299631e7,0.8381301128779294,1.5686321161079197,1.8171495472388421,1.3178097757899112,6.1096455596433845,1.1442648747119386,2.859691454799748,372685.2127279332,-0.07910963794685791,-0.07910960358943388,5.9861417808176094e10,1.5052810194581882e10,1.335861274486351e8,1.7457435777379295e10,5.920487418494231e10,1.3569840732266712e8,6.1725151129929016e10,6.1725178049430695e10,0.3973854531668277,-0.11508833432874,-0.9104062153307342,-0.27818230544842015,-0.960528294708387,0.0,0.8744709295035467,-0.25325889987527445,0.41371550984604005,9607.665754879568,51.05456897648264,0.005313890983310245,1.8661853277987425e-15,280.79428752095305,0.0,-82.2005819763354,188.95437331445797,0.0,2.7870992024202616e-17,2.255167841758252,1.5707963267948966,29.589410702753874,650.0000000001,8.358454261682073e-8,5.630405320326481e-6,0.0,9.009463184033646e-8,525.9260107298911,-2050.1481977086573,-4657.612053925166,-2.1001072093434496e-6,6.005499102805068e-7,-7.947007499016116e-7,-5.4989557910111e-7,2.1139359823701645e-6,-7.947007499016117e-7,9.436780733696737e-24,-2.7207041644101582e-24,-2.699402246231944e-23,2.4518670754435118e-24,-9.510174005267456e-24,-2.699402246231944e-23,525.9260101799955,-2050.1481955947215,-4657.612054719867,-4.120754195794195e6
284.27814832522137,2014.0,5.0,19.0,4.0,5.0,19.0,1,-629245.3258163275,2.450046803598934e6,5.894533092735432e6,2214.271512253843,-8833.843876607983,3179.543218297897,6.414374435690529e6,9646.206043999238,-2.429915343267215e6,702986.8024661778,5.894533092735432e6,6.414374435690529e6,8733.342802621768,-2582.3632422086566,3179.5432182978966,9646.210214371238,3.941731892583251e7,0.838129897469527,1.568632115997778,1.8171495469894798,1.3178095800333414,6.13080818649586,1.1654270020602797,2.859976380784755,362574.4356905278,-0.06946630315424902,-0.06946627307329634,5.9861414765619446e10,1.5052809413626562e10,1.3358612744905472e8,1.745700250899675e10,5.9204999010980095e10,1.354993324760008e8,6.1725147988789246e10,6.1725174803789536e10,0.37882343284277364,-0.10959553570098055,-0.918956813611843,-0.2779086146898147,-0.9606075170855098,0.0,0.8827568230324842,-0.2553860150306336,0.3943581807397538,9622.796283836638,53.566342423065635,0.005566551298003927,2.2475491353571936e-15,278.5948336858806,0.0,-79.71012672174905,190.75807866881993,0.0,2.7854486815672253e-17,2.2548982912471685,1.5707963267948966,29.731459327726636,650.0000000001,1.0092411476611036e-7,6.931133510842743e-6,0.0,1.0873061337691636e-7,503.45013084579216,-1960.2471933343238,-4716.187255493921,-2.5446180773274163e-6,7.284103610826668e-7,-9.280873116596747e-7,-6.656324678170404e-7,2.5617564738635596e-6,-9.280873116596751e-7,1.1016217182080612e-23,-3.1733809037764444e-24,-3.2694756769163445e-23,2.8645050850993413e-24,-1.1100540436422958e-23,-3.2694756769163445e-23,503.4501301801597,-1960.2471907725674,-4716.187256422008,-4.120759615985714e6
297.8540254564639,2014.0,5.0,19.0,4.0,5.0,32.0,1,-599114.3147264012,2.3298458828295483e6,5.93702701453922e6,2224.555713607608,-8873.862578881864,3080.482765747105,6.405888663660676e6,9653.157994246705,-2.3110809073677924e6,667850.9110931449,5.93702701453922e6,6.405888663660676e6,8773.056871748955,-2593.7692107743806,3080.4827657471046,9653.162158783392,3.941727110169222e7,0.8381296988718449,1.568632115895592,1.8171495467444805,1.3178093793266348,6.151202742726706,1.1858210350992122,2.8602784571225635,354088.66366067715,-0.06017153989492284,-0.060171513904535186,5.986141194303358e10,1.5052808688263008e10,1.3358612744943047e8,1.7456581095558506e10,5.920512055305615e10,1.3531647626958275e8,6.1725145074535515e10,6.172517180046138e10,0.3607744418784689,-0.10425577873086202,-0.9268077118197177,-0.277618425213799,-0.9606914228730318,0.0,0.8903762193977833,-0.25729889743139445,0.3755362370151504,9635.528074192016,56.24960065705773,0.005837662581523984,2.6552581467448562e-15,276.4691678490974,0.0,-77.1788989886466,192.41889608571728,0.0,2.7838882032396576e-17,2.254643445796438,1.5707963267948966,29.867046822967623,650.0000000001,1.1948927304626433e-7,8.425474983721737e-6,0.0,1.2868171457942285e-7,481.2499659942232,-1871.4930094693852,-4769.0867732113775,-3.022665885431477e-6,8.661384659220737e-7,-1.0628923155369359e-6,-7.899082544813776e-7,3.0434766052334435e-6,-1.062892315536936e-6,1.2611543940554407e-23,-3.629771954142309e-24,-3.8822718106581043e-23,3.2820069686923203e-24,-1.2706483198000454e-23,-3.8822718106581043e-23,481.24996520431495,-1871.4930064259086,-4769.086774274269,-4.1207646156160906e6
311.56179439023475,2014.0,5.0,19.0,4.0,5.0,46.0,1,-568552.1592681287,2.2079389160906095e6,5.978561785662345e6,2234.4634130857344,-8912.365859809766,2979.3755633161513,6.398550370199327e6,9659.180643864513,-2.190557745877753e6,632220.3547583725,5.978561785662345e6,6.398550370199327e6,8811.27476667901,-2604.7282581566587,2979.375563316151,9659.184803079372,3.9417225008390784e7,0.8381295075896631,1.5686321157963221,1.8171495464920142,1.3178091646807613,6.171846389952978,1.206464106415034,2.8606164093199835,346750.37019932736,-0.05076202926138828,-0.050762007384621874,5.98614092011955e10,1.5052807982729122e10,1.3358612744975471e8,1.7456150701848404e10,5.920524482113911e10,1.3514040294843674e8,6.172514224342731e10,6.172516889069782e10,0.3423521921590364,-0.09880681063368392,-0.9343619163345119,-0.2772937415889423,-0.9607851897669972,0.0,0.8977210910965092,-0.2590927117786111,0.3563254261257516,9646.560572533686,59.27298558384837,0.006144390968637041,3.092785244168799e-15,274.3118835418284,0.0,-74.48095574609522,194.02243672557023,0.0,2.782338368090753e-17,2.2543903385086907,1.5707963267948966,30.002966552470255,650.0000000001,1.394383884189257e-7,1.019930117586731e-5,0.0,1.501199485407229e-7,458.27324801448884,-1779.6772415690557,-4818.990944671867,-3.5389243292388546e-6,1.0151547392265128e-6,-1.1979038185282547e-6,-9.238733834599859e-7,3.5638437850145626e-6,-1.197903818528255e-6,1.4208228745516844e-23,-4.085459003664812e-24,-4.543705313441453e-23,3.7007916391619795e-24,-1.4313241442771303e-23,-4.543705313441453e-23,458.2732470906155,-1779.6772380052118,-4818.99094586977,-4.120769434312634e6
326.9473225630574,2014.0,5.0,19.0,4.0,6.0,1.0,1,-534091.9067790739,2.0704997670773286e6,6.023520365483138e6,2244.9994419589357,-8953.247350165766,2864.689291766832,6.391793257274855e6,9664.735141017047,-2.0546762319472576e6,592054.923318097,6.023520365483138e6,6.391793257274855e6,8851.863007155445,-2616.345199599009,2864.6892917668315,9664.739294946106,3.941717614846595e7,0.8381293050204308,1.5686321156899083,1.8171495462029146,1.3178089101895407,6.195068019608727,1.2296850254013791,2.861042574307734,339993.257274854,-0.040176226119556874,-0.04017620884241299,5.986140626228357e10,1.505280722530727e10,1.3358612745001507e8,1.745566199188586e10,5.9205386095774765e10,1.3495322226167107e8,6.172513920854186e10,6.172516578104046e10,0.32145536459720697,-0.09262735815872124,-0.9423834787878089,-0.27688426341213573,-0.9609032754001409,0.0,0.9055393714501848,-0.26093115537592854,0.3345345705719923,9656.734041499722,63.11310331075492,0.006535564140117247,3.584377470888124e-15,271.8788461528598,0.0,-71.27687208546514,195.73296868480116,0.0,2.780630185166187e-17,2.25411137106669,1.5707963267948966,30.154245627430445,650.0000000001,1.6187989752623236e-7,1.2518352128572702e-5,0.0,1.742399274585531e-7,431.86359599462776,-1674.1940171093577,-4870.641776840224,-4.123444269516851e-6,1.1842989103188726e-6,-1.3352412389363122e-6,-1.0751812956349845e-6,4.153232684826424e-6,-1.3352412389363124e-6,1.5830830302336303e-23,-4.546812006717438e-24,-5.292102201182314e-23,4.127843929996524e-24,-1.5945205924521333e-23,-5.292102201182314e-23,431.8635949194465,-1674.1940129561249,-4870.641778175465,-4.120774542250447e6
343.9319142856126,2014.0,5.0,19.0,4.0,6.0,18.0,1,-495867.87010690663,1.9180697677939178e6,6.071091207848042e6,2255.895654486826,-8995.443444757368,2736.733396967484,6.386158863725454e6,9669.373178124733,-1.9039707193554286e6,547514.4551210916,6.071091207848042e6,6.386158863725454e6,8893.76918970929,-2628.310827761954,2736.7333969674837,9669.377327068694,3.9417126050238535e7,0.8381290976128436,1.568632115578995,1.817149545877236,1.317808613748287,6.220753133366698,1.255369263171325,2.861583223793597,334358.8637254536,-0.028466222741078847,-0.02846621052346481,5.986140319939604e10,1.505280643438228e10,1.3358612745011616e8,1.7455115852569756e10,5.920554418678209e10,1.3475966554715538e8,6.172513604525381e10,6.172516255180781e10,0.2981402060274964,-0.0857345497981696,-0.9506639808685229,-0.2763647111087433,-0.9610528322905983,0.0,0.9136383113703491,-0.2627299764342172,0.3102224935094372,9665.220564521136,68.02161237882319,0.007037655159153818,4.075496007409354e-15,269.18043950373476,0.0,-67.5161213726388,197.51032914388034,0.0,2.7787835155166684e-17,2.253809787026164,1.5707963267948966,30.319552898261918,650.0000000001,1.843241126209658e-7,1.546384336101803e-5,0.0,1.9837314474593646e-7,402.01786450365597,-1555.0479442261287,-4922.110472437272,-4.7136950464741295e-6,1.3557641884995962e-6,-1.4504692720436947e-6,-1.227394291115093e-6,4.74873886206757e-6,-1.4504692720436949e-6,1.7189732121054808e-23,-4.93027649289932e-24,-6.047108280627217e-23,4.4879675183348146e-24,-1.731047845221012e-23,-6.047108280627217e-23,402.01786327626166,-1555.04793947739,-4922.110473887741,-4.1207797796566486e6
358.4937397333295,2014.0,5.0,19.0,4.0,6.0,33.0,1,-462953.7502172945,1.7868316814646812e6,6.11013798219884e6,2264.61042898004,-9029.11745755357,2626.0152310874814,6.382858277780815e6,9672.092764818131,-1.7742148309600318e6,509171.2544199878,6.11013798219884e6,6.382858277780815e6,8927.223318513275,-2637.837460466135,2626.015231087481,9672.096910202514,3.9417086549594305e7,0.8381289343802086,1.568632115489711,1.8171495455930198,1.317808347755793,6.242804942466773,1.2774202306687248,2.862119509533623,331058.277780815,-0.018411935473565413,-0.018411927581461863,5.98614007340486e10,1.5052805796354235e10,1.335861274500103e8,1.7454642327399868e10,5.920568144334148e10,1.346048484461918e8,6.172513349875038e10,6.17251599626369e10,0.2779655686757451,-0.0797716684690382,-0.9572730141085329,-0.27584927246250357,-0.9612009045365633,0.0,0.9201316870495642,-0.26406306448982675,0.28918571275145066,9670.182582466778,72.92369549829618,0.007540944814836753,4.407894077237969e-15,266.8581234428402,0.0,-64.09867087792766,198.94095687890578,0.0,2.777233307053223e-17,2.2535566187715252,1.5707963267948966,30.459758742512054,650.0000000001,1.9952487853923127e-7,1.8264228903632143e-5,0.0,2.147336166547123e-7,375.9156137831366,-1450.8963972096087,-4961.454322736447,-5.119395345598087e-6,1.4743337957033974e-6,-1.5050611907500632e-6,-1.3313915143899013e-6,5.158416954948012e-6,-1.5050611907500634e-6,1.783057500508919e-23,-5.107433711109615e-24,-6.565302821392332e-23,4.660927598182586e-24,-1.7952466071545448e-23,-6.565302821392332e-23,375.9156124517451,-1450.8963920511917,-4961.4543242415075,-4.12078390917179e6
372.319479609689,2014.0,5.0,19.0,4.0,6.0,47.0,1,-431589.79036029294,1.6617890165957562e6,6.145713380930168e6,2272.339254984366,-9058.913418916292,2520.1232408349238,6.381034825431189e6,9673.59597927063,-1.6505822294157762e6,472642.3454985582,6.145713380930168e6,6.381034825431189e6,8956.835296709709,-2646.246329581072,2520.1232408349233,9673.600121888569,3.9417052176602885e7,0.838128792643543,1.5686321154101504,1.8171495453193094,1.3178080861033143,6.263758800891964,1.2983731968228003,2.862706407859981,329234.82543118857,-0.008857847861178481,-0.008857844067792556,5.986139853740889e10,1.5052805226564352e10,1.335861274497242e8,1.745418843643738e10,5.920581317103631e10,1.344675233820896e8,6.1725131229482445e10,6.172515766470885e10,0.258669992340034,-0.07406985832687726,-0.9631217426422493,-0.2752850977846322,-0.9613626344609538,0.0,0.9259092558131775,-0.265133063101777,0.2690659934844181,9672.903562599771,78.31906234311145,0.008096571049299742,4.61879360020173e-15,264.64700018399685,0.0,-60.68392246545443,200.2198686655923,0.0,2.775789990009069e-17,2.2533209072104188,1.5707963267948966,30.591493275801934,650.0000000001,2.0916784662304134e-7,2.1095316699097574e-5,0.0,2.2513436313278168e-7,350.7486668468164,-1350.5191623394537,-4994.619323107561,-5.383488625579015e-6,1.5523381372572057e-6,-1.512958601023413e-6,-1.3983733740285018e-6,5.425518904301224e-6,-1.5129586010234135e-6,1.7918580673820173e-23,-5.125740017218945e-24,-6.901798693222098e-23,4.689802580968578e-24,-1.8037585643313305e-23,-6.901798693222098e-23,350.748665448443,-1350.519156913935,-4994.61932462052,-4.1207875026335493e6
385.1327360392989,2014.0,5.0,19.0,4.0,7.0,0.0,1,-402430.4193924097,1.5455482290183029e6,6.177372410517106e6,2279.0211407895413,-9084.609510910146,2421.3935279239067,6.380485833296073e6,9674.048477393346,-1.5356503719562013e6,438688.39258036425,6.177372410517106e6,6.380485833296073e6,8982.382616980409,-2653.4788411799295,2421.3935279239063,9674.052617982454,3.941702317210709e7,0.8381286733542291,1.568632115341125,1.8171495450626207,1.317807836548143,6.283185307179586,1.317798778084896,2.8633344497129842,328685.83329607267,-0.0,-0.0,5.9861396631856804e10,1.5052804731055017e10,1.33586127449296e8,1.7453764219965233e10,5.92059364306519e10,1.3434877765092754e8,6.172512926062769e10,6.172515567959783e10,0.2406792228802591,-0.06875470051059478,-0.9681664644220296,-0.2746812675627163,-0.9615353354142215,0.0,0.9309262661048372,-0.2659371916591566,0.25030720558654923,9673.68686910094,84.12142460299583,0.008695681951803133,4.712846339286499e-15,262.5934707438466,0.0,-57.36753291789761,201.3368858908316,0.0,2.7744773836346942e-17,2.2531065423216545,1.5707963267948966,30.712312439423233,650.0000000001,2.1345619898771713e-7,2.3807725178752755e-5,0.0,2.2979087035433855e-7,327.13547127862273,-1256.3753233344157,-5021.643125920929,-5.509432934230575e-6,1.590565359291393e-6,-1.4825600088296544e-6,-1.4294204979134202e-6,5.5534229497767624e-6,-1.4825600088296546e-6,1.7553786100108315e-23,-5.014580368411934e-24,-7.061260553520222e-23,4.600120985346737e-24,-1.76669270004659e-23,-7.061260553520222e-23,327.13546984920225,-1256.3753177809929,-5021.643127403489,-4.120790534860611e6
394.43093171123104,2014.0,5.0,19.0,4.0,7.0,9.0,1,-381218.2612985127,1.4609957217884047e6,6.199552642068044e6,2283.5772909389166,-9102.08962200453,2349.4330025792833,6.380774939112361e6,9673.80980608484,-1.4520488406528558e6,413992.78519097355,6.199552642068044e6,6.380774939112361e6,8999.767937218305,-2658.386332953831,2349.433002579283,9673.813945524642,3.941700390166773e7,0.8381285943138517,1.5686321152939564,1.8171495448747108,1.31780765167144,0.014097618824588673,1.3318956546524923,2.863852310557843,328974.9391123615,0.006428058806233402,0.006428056055621766,5.986139532983514e10,1.5052804391687567e10,1.3358612744889164e8,1.745345432645889e10,5.920602656076782e10,1.3426779837157822e8,6.172512791515837e10,6.172515432853781e10,0.22756622111088784,-0.06488127055748576,-0.971598700976981,-0.274183289251823,-0.9616774531489501,0.0,0.9343645642383714,-0.26639612766666704,0.23663466411293838,9673.205361267543,88.92422263140816,0.00919258037978362,4.721178689289116e-15,261.10123351279793,0.0,-54.86761350087651,202.10717900845506,0.0,2.773540022109106e-17,2.252953459567306,1.5707963267948966,30.799190525243233,650.0000000001,2.1381712673480854e-7,2.579588217471166e-5,0.0,2.302207824832894e-7,309.8499372672414,-1187.4809753391303,-5038.987641777488,-5.529947256723939e-6,1.597918080906425e-6,-1.4403751105248755e-6,-1.43349553844235e-6,5.574831781919719e-6,-1.4403751105248762e-6,1.70511158092949e-23,-4.865830155296828e-24,-7.086138071371397e-23,4.4727821303121255e-24,-1.715841115770756e-23,-7.086138071371397e-23,309.84993583374586,-1187.4809697642986,-5038.987643217863,-4.1207925494592786e6
409.5756685924428,2014.0,5.0,19.0,4.0,7.0,24.0,1,-346581.08153852983,1.3229440939835208e6,6.234243648052297e6,2290.466550155837,-9128.442061520425,2231.73559128118,6.382483324315599e6,9672.400696688966,-1.315547875425008e6,373675.40640379646,6.234243648052297e6,6.382483324315599e6,9025.989792347636,-2665.760643430918,2231.7355912811795,9672.404834839168,3.941697581064698e7,0.8381284795327562,1.5686321152225295,1.817149544566046,1.3178073446586815,0.037052962808145115,1.3548496314551588,2.864836546895767,330683.32431559917,0.0168947944799311,0.016894787251147434,5.9861393358465385e10,1.5052803876319546e10,1.335861274480815e8,1.745294606259482e10,5.920617454594845e10,1.3414534700512505e8,6.172512587763035e10,6.172515229307483e10,0.20611849786009057,-0.058547024318918374,-0.9767739814221609,-0.273236638706323,-0.9619468484632976,0.0,0.9396046530899952,-0.26689043945958363,0.21427223155766165,9670.527002642455,98.08893784721386,0.01014273308611372,4.639446337750642e-15,258.66804264513974,0.0,-50.624312988463835,203.29176503160005,0.0,2.772040696013272e-17,2.2527086010339104,1.5707963267948966,30.939202202277706,650.0000000001,2.1002275249330564e-7,2.9011656929124685e-5,0.0,2.2622230607034812e-7,281.4709998944425,-1074.410626468635,-5063.115058714465,-5.449515272902027e-6,1.5770397796018583e-6,-1.3432430979793667e-6,-1.4105853973482556e-6,5.494954050110611e-6,-1.3432430979793673e-6,1.5896728710422127e-23,-4.5279099348395064e-24,-6.980877856240603e-23,4.1772128624577544e-24,-1.5992462123528545e-23,-6.980877856240603e-23,281.4709984838571,-1074.410620973681,-5063.1150600577075,-4.120795486195728e6
429.0062274991485,2014.0,5.0,19.0,4.0,7.0,44.0,1,-301997.83898032416,1.1452754618691595e6,6.276134613531724e6,2298.3325020051307,-9158.376611396383,2080.011955328269,6.386918213464096e6,9668.745739766558,-1.1398712354822524e6,321795.1908101876,6.276134613531724e6,6.386918213464096e6,9055.80013016524,-2674.090211336543,2080.0119553282684,9668.749877319984,3.9416945920205355e7,0.8381283583153056,1.5686321151409472,1.8171495441660759,1.3178069421164584,0.06647689556449664,1.3842714277347752,2.8664446848772385,335118.2134640962,0.0303102904659877,0.030310277491311308,5.986139110737617e10,1.5052803284801746e10,1.3358612744682455e8,1.7452287979127968e10,5.920636644749304e10,1.3400558216173744e8,6.1725123550258194e10,6.172514998861724e10,0.17846967776717723,-0.050383483873618365,-0.9826546080238147,-0.2716893428002917,-0.9623850066417003,0.0,0.9456920614694964,-0.2669767846536685,0.18544519764491943,9663.646528007825,113.13993990223389,0.011707254662873562,4.401280681219957e-15,255.54364908718077,0.0,-44.86199918718722,204.69322616243286,0.0,2.7701670899969394e-17,2.252402617950847,1.5707963267948966,31.116003609798582,650.0000000001,1.990142923070873e-7,3.299476460328531e-5,0.0,2.1450664853229909e-7,244.7527068452283,-928.1830304559186,-5086.5244113114795,-5.185031034566488e-6,1.5034966814532776e-6,-1.1857333602428365e-6,-1.3395136545146517e-6,5.229794668046487e-6,-1.1857333602428372e-6,1.402806732071649e-23,-3.984783218142083e-24,-6.639525832482873e-23,3.695462093445533e-24,-1.410704540171499e-23,-6.639525832482873e-23,244.75270550571463,-928.183025226124,-5086.524412497213,-4.120798611054696e6
448.4921611013695,2014.0,5.0,19.0,4.0,8.0,3.0,1,-257144.7995575907,966559.1804641669,6.3151782646728195e6,2305.1150421810817,-9183.993755870837,1927.2812876257103,6.393890569275884e6,9663.007286926582,-963154.5704877548,269617.08148339496,6.3151782646728195e6,6.393890569275884e6,9081.341627378813,-2681.158497056481,1927.2812876257099,9663.01142507519,3.9416923058564566e7,0.8381282668788566,1.5686321150707743,1.8171495437615846,1.3178065315826537,0.09593204706605035,1.4137237910365168,2.8686476855647243,342090.569275883,0.04373875752681155,0.04373873878389273,5.9861389171857834e10,1.5052802772349945e10,1.3358612744540119e8,1.7451621820721134e10,5.9206561040083405e10,1.338852351144886e8,6.172512154821026e10,6.172514803240875e10,0.15063669921345454,-0.04216792241940567,-0.9876894507733218,-0.2695685504012176,-0.9629812026382375,0.0,0.9511263751387937,-0.2662500134915391,0.1564274554900571,9652.841737296978,133.86113576843854,0.01386664772095099,4.0660707882212805e-15,252.41040864160053,0.0,-38.715030028597994,205.9861315109228,0.0,2.7683448177619927e-17,2.252105018310491,1.5707963267948966,31.28995198962308,650.0000000001,1.8352876971660577e-7,3.672725237967343e-5,0.0,1.9798523494783036e-7,207.72069841148652,-780.7832332890906,-5101.440741560966,-4.800777348261888e-6,1.3949589768177458e-6,-1.0128601987726886e-6,-1.2377325158953207e-6,4.843696100467525e-6,-1.0128601987726888e-6,1.1979514376433395e-23,-3.392096504197488e-24,-6.14525250431825e-23,3.165018569427359e-24,-1.2041500772085818e-23,-6.14525250431825e-23,207.72069717375402,-780.7832284453946,-5101.440742573826,-4.120801001099631e6
470.2593295414864,2014.0,5.0,19.0,4.0,8.0,25.0,1,-206898.2984862268,766385.0993983295,6.355269286030143e6,2311.3773901297563,-9207.380303575519,1756.3052197866891,6.404654613986172e6,9654.166226004369,-765215.3386038239,211183.59799406162,6.355269286030143e6,6.404654613986172e6,9104.701380920676,-2687.5286415915866,1756.3052197866887,9654.17036622847,3.9416906073265545e7,0.8381282009472646,1.5686321150064426,1.8171495433071947,1.3178060688282955,0.1287449390450708,1.446532257327696,2.872316217954641,352854.61398617085,0.058695829431865694,0.05869580423100884,5.9861387398552414e10,1.5052802297512495e10,1.3358612744372845e8,1.7450871086723625e10,5.920678073809214e10,1.3377454319865108e8,6.1725119712650314e10,6.172514627509904e10,0.1194780022848982,-0.03297345613811696,-0.9922891504799987,-0.2660340166501884,-0.9639636414227288,0.0,0.9565306628409657,-0.26398266838059725,0.12394451113172565,9636.071420882297,168.5196170096615,0.017486632521356557,3.627608970374763e-15,248.91438935105526,0.0,-31.401502917063638,207.3523484435835,0.0,2.766376445614104e-17,2.2517835587436577,1.5707963267948966,31.480091833554095,650.0000000001,1.6328805346461682e-7,4.0505968253790675e-5,0.0,1.7636079366983658e-7,166.29045344488404,-615.9670070985846,-5107.984158460922,-4.2900626650196836e-6,1.2495049953508007e-6,-8.210279527083911e-7,-1.1034965197718705e-6,4.329918686771585e-6,-8.210279527083917e-7,9.708289140898686e-24,-2.7374342009252775e-24,-5.489411943212284e-23,2.5748365303369967e-24,-9.75267352523035e-24,-5.489411943212284e-23,166.29045234138752,-615.9670027686659,-5107.98415928195,-4.1208027768107206e6
496.26803548826615,2014.0,5.0,19.0,4.0,8.0,51.0,1,-146704.40290653284,526626.6054943398,6.398290978773445e6,2317.043473226978,-9228.099768707225,1551.988285209695,6.421603009568585e6,9640.289592925423,-528126.9646728331,141207.90569976304,6.398290978773445e6,6.421603009568585e6,9125.467949809343,-2693.033680863086,1551.9882852096944,9640.29373757297,3.941689763552853e7,0.8381281723380811,1.5686321149492433,1.817149542762988,1.3178055161960138,0.16778384663593227,1.4855619488713065,2.88032914478564,369803.00956858415,0.07648686979176494,0.07648683684352005,5.986138582374771e10,1.5052801866873686e10,1.3358612744176841e8,1.7449966121224354e10,5.920704612262691e10,1.3367548591304088e8,6.17251180803762e10,6.172514477370046e10,0.08224223202304644,-0.021989510327772428,-0.9963697489925174,-0.2583013886042093,-0.9660643832815374,0.0,0.9625573270808365,-0.2573636897279947,0.08513121221143169,9608.997766856852,244.52287896044527,0.025441791534473457,3.05813249426545e-15,244.74866239837425,0.0,-22.029924102605534,209.08931951781082,0.0,2.7641174726101135e-17,2.2514146404554523,1.5707963267948966,31.701231760891197,650.0000000001,1.370607558939141e-7,4.4414674563928775e-5,0.0,1.4829950373026582e-7,116.97963936516099,-419.9232549964831,-5101.950909169259,-3.6195845715749487e-6,1.0571114856827391e-6,-6.088433983331006e-7,-9.285200504819684e-7,3.654685715598366e-6,-6.088433983331008e-7,7.198085889358892e-24,-2.0169539855027875e-24,-4.62947055537302e-23,1.9199456757332554e-24,-7.224565900623816e-24,-4.62947055537302e-23,116.97963843664094,-419.92325134179737,-5101.950909778102,-4.1208036589260623e6
520.5130347649101,2014.0,5.0,19.0,4.0,9.0,15.0,1,-90481.67008835089,302728.79239429336,6.433614362775228e6,2320.5565041440027,-9240.384210480986,1361.9990092970445,6.441368288125915e6,9624.173946243774,-306716.14983961364,75873.95992069888,6.433614362775228e6,6.441368288125915e6,9137.872672689135,-2696.116792236895,1361.9990092970438,9624.17809690712,3.941690122985352e7,0.8381281941102198,1.568632114915216,1.8171495422567672,1.3178050075309886,0.20396741750433767,1.5217247158174696,2.8990859397075472,389568.28812591545,0.09297165494350125,0.09297161473126415,5.986138488943863e10,1.5052801599712206e10,1.3358612744011045e8,1.74491159764982e10,5.920729596444103e10,1.3361597710476506e8,6.172511710912547e10,6.172514396104344e10,0.04761661437757206,-0.011779168109447425,-0.9987962300859304,-0.2401367434476469,-0.9707390712474485,0.0,0.969570524759069,-0.239847674060622,0.04905191908715729,9573.278009255393,422.8869252118793,0.04414498196542943,2.5195362844575313e-15,240.88277918874323,0.0,-12.660645610020518,211.62338242492055,0.0,2.7621024497316054e-17,2.2510855622461414,1.5707963267948966,31.90118445362344,650.0000000001,1.1235564466537815e-7,4.743675955824805e-5,0.0,1.218333104387194e-7,71.48644605664599,-239.1755751872933,-5083.036765193116,-2.98178710895363e-6,8.724441325867752e-7,-4.378452027753494e-7,-7.635050344322758e-7,3.0115234002085574e-6,-4.3784520277534953e-7,5.17642628974829e-24,-1.4395277485917415e-24,-3.8120570040226395e-23,1.3900961072626008e-24,-5.1899192753583614e-24,-3.8120570040226395e-23,71.48644529314096,-239.1755721757699,-5083.036765630961,-4.1208032831606716e6
550.0943343830412,2014.0,5.0,19.0,4.0,9.0,45.0,1,-21800.77403992218,29274.068909595724,6.470490503580577e6,2322.564828347152,-9246.325378233605,1131.5094284673792,6.470593450510215e6,9600.476757367449,-36290.500111128174,-3904.415570566615,6.470490503580577e6,6.470593450510215e6,9144.057994358669,-2697.2437158089133,1131.5094284673785,9600.480917817395,3.941692006240041e7,0.8381282816502534,1.5686321148985833,1.8171495416438104,1.317804403906329,0.24778267649062066,1.565155403218075,-3.034417094942621,418793.450510215,0.11292532687101396,0.11292527772478289,5.986138443785744e10,1.5052801447144558e10,1.335861274384309e8,1.7448071965953213e10,5.9207603459727356e10,1.3358652577964126e8,6.172511663397293e10,6.172514372711716e10,0.005608527314950879,0.000603409192747044,-0.9999840900327882,0.10697049598762572,-0.9942621952926508,0.0,0.9942463766137237,0.10696879409054193,0.005640893661153502,8809.308345151065,3659.9118771156377,0.3937621876832322,1.912835839948139e-15,236.19712201032263,0.0,-0.3883202090142364,235.4326162055323,0.0,2.7597615411206223e-17,2.2507032628578423,1.5707963267948966,32.13673278578452,650.0000000001,8.46714266245036e-8,5.034071430025028e-5,0.0,9.21698200255404e-8,16.991711484660936,-22.816462020249848,-5043.215156199354,-2.267133482224551e-6,6.458711700096755e-7,-2.7386094086733306e-7,-5.955420426702464e-7,2.280871208526566e-6,-2.7386094086733316e-7,3.2381993526656074e-24,-8.890608777585091e-25,-2.8903898959831494e-23,8.794393252702178e-25,-3.2408256301647836e-24,-2.8903898959831494e-23,16.99171088911889,-22.81645973937864,-5043.215156473215,-4.120801314330511e6
578.0442053351558,2014.0,5.0,19.0,4.0,10.0,13.0,1,43114.713538849086,-229133.1255132361,6.499095476302827e6,2322.2129803699027,-9243.011449055744,915.7523963257061,6.503276318735878e6,9574.159818226888,219262.67761162788,-79276.38953421719,6.499095476302827e6,6.503276318735878e6,9141.069962107953,-2695.7102238159646,915.7523963257055,9574.163990360437,3.941695161441614e7,0.8381284223081776,1.568632114907307,1.8171495410726466,1.3178038587788208,0.28878661481029755,1.5349368405002495,-0.3469350090443434,451476.318735878,0.13158914680880357,0.1315890891329158,5.9861384687207085e10,1.5052801473493643e10,1.3358612743722218e8,1.7447080577337605e10,5.920789611685581e10,1.3360238133667302e8,6.1725116882219406e10,6.1725144251372955e10,-0.033715725253736194,0.01219022315041768,-0.9993571175161348,0.34001703247567017,0.9404192775706158,0.0,-0.9398146984895764,0.33979844148127575,0.035851801486709196,-9474.078669924369,573.0216209477003,3.0811831481327214,1.4416698451635739e-15,231.80955743510196,0.0,11.26820039572159,-199.52208983050517,0.0,2.7576670390276883e-17,2.2503612047077874,1.5707963267948966,32.35051708860154,650.0000000001,6.329156620576791e-8,5.239598774094826e-5,0.0,6.883832367341988e-8,-33.099890271545526,175.90935180934153,-4989.522623302552,-1.6924091255559315e-6,4.992331673717193e-7,-1.647720878792985e-7,-4.298345031288601e-7,1.7113517182592709e-6,-1.6477208787929862e-7,1.950068411172538e-24,-5.25844460814784e-25,-2.1622791918823664e-23,5.378185475276021e-25,-1.9468000449861012e-24,-2.1622791918823664e-23,-33.099890701380026,175.90935352069326,-4989.522623467325,-4.1207980157601535e6
590.0434173331057,2014.0,5.0,19.0,4.0,10.0,25.0,1,70974.99511027042,-340019.4102486627,6.509532164524583e6,2321.4076032706735,-9238.993475875266,823.8947590749439,6.518792806207055e6,9561.732912072988,328926.7330268545,-111614.75519406982,6.509532164524583e6,6.518792806207055e6,9137.219350524272,-2694.296966461555,823.8947590749433,9561.737089938748,3.941696899584476e7,0.8381284988125894,1.5686321149180917,1.8171495408305933,1.317803634091548,0.3062581343197642,1.5174869781480549,-0.32713793830827315,466992.80620705616,0.13953846691211466,0.1395384055439393,5.98613849889552e10,1.505280153396565e10,1.3358612743678868e8,1.7446653952122673e10,5.92080222450937e10,1.3362220198092043e8,6.172511718960372e10,6.1725144691555725e10,-0.05045822789668313,0.01712199766309377,-0.9985793931548715,0.3213340733595903,0.9469658986986456,0.0,-0.945620632460851,0.32087758397540267,0.053284102380058915,-9460.982149593787,384.69256487773373,3.100954085300627,1.2764360274541317e-15,229.91349443676899,0.0,15.960586721277037,-201.8512710996796,0.0,2.7567844352234966e-17,2.2502170645679844,1.5707963267948966,32.44147566269383,650.0000000001,5.581947262653672e-8,5.310944283411382e-5,0.0,6.08218685999311e-8,-54.100537060405756,259.1790626661587,-4961.934057540963,-1.4969127170007546e-6,4.400899157915032e-7,-1.3041567563771743e-7,-3.8144775076362123e-7,1.5129191748858654e-6,-1.304156756377176e-7,1.5442640181052998e-24,-4.119043781154314e-25,-1.9115059581583826e-23,4.297816096468382e-25,-1.5393844036934903e-24,-1.9115059581583826e-23,-54.100537441853504,259.1790641790779,-4961.934057671379,-4.120796198640302e6
597.6719582564779,2014.0,5.0,19.0,4.0,10.0,32.0,1,88681.32905779248,-410487.0663909878,6.515595436009685e6,2320.6952094779213,-9235.644636718589,765.7702995141444,6.529115399159979e6,9553.489533288901,398618.4349315281,-132164.1143823659,6.515595436009685e6,6.529115399159979e6,9133.98526589157,-2693.167498279605,765.7702995141439,9553.493715020275,3.9416981179257594e7,0.838128552202881,1.5686321149270828,1.817149540677845,1.3178034945128148,0.3173216025388538,1.5064312117624892,-0.3201496064456459,477315.39915997814,0.14457112442740574,0.14457106070150091,5.986138523983405e10,1.5052801587329985e10,1.3358612743653333e8,1.744638250674461e10,5.920810255271345e10,1.3363886027546322e8,6.1725117445921394e10,6.172514503676157e10,-0.06105244134340357,0.02024226963416356,-0.9979292810244963,0.3147085688322402,0.949188346274628,0.0,-0.9472228439546702,0.31405689582700563,0.06432068154125789,-9448.472457080938,318.22022683090927,3.1079258370960448,1.195236579019224e-15,228.2138450328968,0.0,18.849070131361593,-202.57722369646456,0.0,2.7558919489941396e-17,2.2500713105056733,1.5707963267948966,32.5339849813669,650.0000000001,5.21333523375962e-8,5.352089743874051e-5,0.0,5.68638116852552e-8,-67.2770507697064,311.4112011999404,-4943.036898273195,-1.400289372939656e-6,4.1098684762083026e-7,-1.1295291750903325e-7,-3.574221229901411e-7,1.4149098709395815e-6,-1.1295291750903334e-7,1.3379334550339002e-24,-3.5389438062025425e-25,-1.7874172524182837e-23,3.7491754954726323e-25,-1.3321951785586905e-24,-1.7874172524182837e-23,-67.27705112712853,311.4112026148503,-4943.036898386148,-4.120794924941525e6
616.6821670912934,2014.0,5.0,19.0,4.0,10.0,51.0,1,132776.52182095827,-585960.1194963998,6.528783399727573e6,2318.254434246304,-9224.661868531844,621.9420129202109,6.556370302762453e6,9531.815256187214,572161.841673242,-183329.4665900469,6.528783399727573e6,6.556370302762453e6,9123.316067299678,-2689.586225346889,621.9420129202103,9531.819448293145,3.94170151775458e7,0.8381287004787898,1.5686321149565092,1.81714954030145,1.3178031585843082,0.3447348425897135,1.4790292004211656,-0.31007971525972855,504570.30276245344,0.1570372783079328,0.15703720866935603,5.986138605916008e10,1.5052801769402233e10,1.3358612743594265e8,1.7445705602702106e10,5.9208303003127594e10,1.336940601169951e8,6.172511828491029e10,6.1725146112326294e10,-0.08726807902112672,0.027962036633715333,-0.9957923512918028,0.3051345509919838,0.9523092490314901,0.0,-0.9483022662499985,0.303850651992676,0.09163838229008005,-9411.900070555237,222.52111328790306,3.1179545290126276,1.0356275068458792e-15,224.00277525045206,0.0,25.73610064116518,-203.358270809224,0.0,2.753696428260805e-17,2.249712754759664,1.5707963267948966,32.76386603836664,650.0000000001,4.4864542294940913e-8,5.4438859724960584e-5,0.0,4.905613607044791e-8,-99.47839853928257,439.01115570710465,-4891.529833993109,-1.2094543434716357e-6,3.5371271903593794e-7,-7.82572574365858e-8,-3.097933045505021e-7,1.2214420186836058e-6,-7.825725743658589e-8,9.282053025430253e-25,-2.3866747755178742e-25,-1.5424021959911628e-23,2.659982038269995e-25,-9.207454610644216e-25,-1.5424021959911628e-23,-99.47839884907587,439.01115692854665,-4891.529834071366,-4.12079137063957e6
641.3791406284646,2014.0,5.0,19.0,4.0,11.0,16.0,1,189977.33547635959,-813550.0982862998,6.541859928508231e6,2313.702313164109,-9204.92232644391,437.49609645638543,6.594989497689747e6,9501.327079109586,797254.490651878,-249680.6511361292,6.541859928508231e6,6.594989497689747e6,9104.040785037538,-2683.3439513192716,437.49609645638486,9501.331286252638,3.941706651269508e7,0.8381289230295761,1.5686321150090792,1.8171495398225839,1.3178027496339302,0.3799940595751593,1.443777504815494,-0.3035002405160588,543189.4976897473,0.17306266549333937,0.17306258808770575,5.9861387520122215e10,1.5052802106298996e10,1.3358612743523312e8,1.744482595930774e10,5.9208563871599174e10,1.3379481602520561e8,6.1725119783918495e10,6.172514795073862e10,-0.12088790906053135,0.03785914310001452,-0.991943949387618,0.29886229701077094,0.9542962472028514,0.0,-0.9466083883361791,0.29645464721991943,0.12667754841839446,-9358.030226387575,160.14947839760907,3.124480735517035,8.987941315707108e-16,218.58817184193848,0.0,34.046812925897605,-203.3510864606212,0.0,2.7509039023260915e-17,2.249256700665266,1.5707963267948966,33.061089846845235,650.0000000001,3.856401424328247e-8,5.546313165222449e-5,0.0,4.230383255381229e-8,-139.84843027350456,598.8804080703203,-4815.727849546341,-1.0441579497375579e-6,3.041736420253611e-7,-4.619435905038801e-8,-2.6847707873832577e-7,1.0539010801281344e-6,-4.619435905038813e-8,5.499993749413672e-25,-1.3199152600373338e-25,-1.3301073453720666e-23,1.6573194366946868e-25,-5.407901609868933e-25,-1.3301073453720666e-23,-139.84843054198163,598.8804091242214,-4815.727849592535,-4.1207860038921535e6
667.5593913904058,2014.0,5.0,19.0,4.0,11.0,42.0,1,250469.64228678355,-1.0541927605512366e6,6.550790119728936e6,2307.240391088898,-9177.519354105403,245.31906482876875,6.639797332060983e6,9466.277048598344,1.0352632209665274e6,-319824.14139635896,6.550790119728936e6,6.639797332060983e6,9077.196688135951,-2674.8457883794254,245.31906482876818,9466.281273567034,3.941712873446435e7,0.8381291913718629,1.5686321150813538,1.8171495393290726,1.3178023529135199,0.4169015449658533,1.4068745965355942,-0.2996294286341979,587997.3320609834,0.18982558569028007,0.18982549993525707,5.986138952632707e10,1.505280257937089e10,1.335861274345069e8,1.7443894403037476e10,5.920884057425809e10,1.3393717060251951e8,6.172512184491512e10,6.172515041097836e10,-0.1559178946573635,0.04816775654462424,-0.9865948901930686,0.29516616603098556,0.9554459348548031,0.0,-0.9426380771834882,0.29120943116404924,0.16318861064708803,-9295.418275451679,123.61080987563582,3.1282954010474584,8.066453007756525e-16,212.92415183343132,0.0,42.115548524209466,-202.70527263912365,0.0,2.7480155018901247e-17,2.2487849890765896,1.5707963267948966,33.37436223629283,650.0000000001,3.4228331921882685e-8,5.641239617298672e-5,0.0,3.7683329296476033e-8,-180.67123376436965,760.4207237864878,-4725.3330657790975,-9.30798956664343e-7,2.701555291638684e-7,-2.1286383105071915e-8,-2.4017997556705323e-7,9.389804508092004e-7,-2.1286383105071968e-8,2.566789741887697e-25,-4.883016208524639e-26,-1.1843640058785183e-23,8.8341743123214e-26,-2.4589472735669423e-25,-1.1843640058785183e-23,-180.67123400454963,760.4207247254682,-4725.333065800384,-4.120779499039978e6
694.7987038493442,2014.0,5.0,19.0,4.0,12.0,9.0,1,313206.4101933237,-1.3037173954681363e6,6.554794748603086e6,2298.8191853551425,-9142.29192110794,49.439398223027986,6.690524007799912e6,9427.009890299738,1.2820638364416067e6,-392542.5096993192,6.554794748603086e6,6.690524007799913e6,9042.619169530375,-2664.0551454092574,49.439398223027425,9427.014135824578,3.941720067721342e7,0.838129500294104,1.568632115173102,1.817149538832735,1.3178019828949652,0.45475383599610647,1.3690253855392016,-0.2971169771116436,638724.0077999122,0.20700396953037117,0.20700387494979847,5.986139207118991e10,1.505280318771436e10,1.3358612743374634e8,1.744292761166114e10,5.9209128181498116e10,1.3412366284723186e8,6.1725124461293915e10,6.172515348571975e10,-0.19162383020327817,0.058671414861031404,-0.9797132094528633,0.2927647253579132,0.956184509174932,0.0,-0.9367865943128835,0.2868254686949872,0.2004046586872921,-9225.215395477468,100.03165605565846,3.1307497917622373,7.353894002626618e-16,207.1210068238125,0.0,49.75466288819587,-201.57957012449143,0.0,2.745086265160755e-17,2.248306608415094,1.5707963267948966,33.69830973458999,650.0000000001,3.081775690237744e-8,5.729703943507247e-5,0.0,3.406356403191524e-8,-220.82535056897066,919.1824992324289,-4621.49125988681,-8.41637816330568e-7,2.4343341770455397e-7,-8.230583524510241e-10,-2.1789316007405207e-7,8.486086338978355e-7,-8.230583524510708e-10,1.6097952354928704e-26,1.9489178723951154e-26,-1.0697088555326107e-23,2.4965014940544032e-26,-3.964869023573928e-27,-1.0697088555326107e-23,-220.82535078686382,919.1825000810375,-4621.4912598876335,-4.1207719779527113e6
722.7419295111695,2014.0,5.0,19.0,4.0,12.0,37.0,1,377302.3370992319,-1.5585993691472432e6,6.553423133159144e6,2288.486815824576,-9099.46120771061,-146.7827740875213,6.74677284405753e6,9383.970980326078,1.5341707385048277e6,-466807.44660114485,6.553423133159144e6,6.74677284405753e6,9000.522532489575,-2651.0451586850522,-146.78277408752186,9383.97524900875,3.941728063565071e7,0.8381298423394768,1.568632115282965,1.817149538343307,1.3178016502948369,0.4929686048445163,1.330812827695925,-0.295372778671229,694972.8440575302,0.22433139232720606,0.22433128853396694,5.986139511698945e10,1.5052803922463615e10,1.3358612743295479e8,1.7441939961953003e10,5.920942241185894e10,1.3435503255803347e8,6.172512759431046e10,6.172515713432482e10,-0.22739326993291395,0.06918973817420024,-0.9713418970273044,0.29109650534544845,0.9566936942280257,0.0,-0.9292766678255104,0.28275423172026676,0.23768659844298637,-9148.45812306295,83.78246906295544,3.1324348123716925,6.66019611622185e-16,201.27041456264874,0.0,56.84802669309857,-200.0541412840076,0.0,2.7421590144726034e-17,2.247828552098744,1.5707963267948966,34.02850871768098,650.0000000001,2.752992773227532e-8,5.811242217581744e-5,0.0,3.0561023997310795e-8,-259.41809054442604,1071.630977365467,-4505.921757837656,-7.549704961420403e-7,2.176585729893037e-7,1.5942195877477112e-8,-1.96058637023468e-7,7.608657669321171e-7,1.5942195877477066e-8,-1.807751187517831e-25,7.500245700960419e-26,-9.584928577715713e-24,-2.7233780322386827e-26,1.9381262427032602e-25,-9.584928577715713e-24,-259.4180907404847,1071.6309781263328,-4505.921757821713,-4.120763618916221e6
753.3624993740643,2014.0,5.0,19.0,4.0,13.0,8.0,1,447180.39130165405,-1.8364192073794098e6,6.54571075647755e6,2275.330796548107,-9045.287157419658,-355.8912111251066,6.813129612378046e6,9333.863538109894,1.8089742548726175e6,-547738.9458535721,6.54571075647755e6,6.813129612378046e6,8947.22474633624,-2634.691544817071,-355.8912111251072,9333.867834501314,3.94173736318051e7,0.8381302387379665,1.5686321154193832,1.8171495378314542,1.3178013411352136,0.5340918573696816,1.2896913444898248,-0.29401427117971146,761329.6123780468,0.24295850231644234,0.24295838822862323,5.9861398897597755e10,1.5052804840561321e10,1.335861274320879e8,1.744086426172977e10,5.9209743301175995e10,1.3465427676855946e8,6.172513148466179e10,6.172516164224676e10,-0.2655129665500691,0.0803946170139555,-0.9607494835538354,0.2897965615790598,0.9570882680803031,0.0,-0.919522059273586,0.278421896872759,0.2774174288883788,-9059.456765871573,71.24259960852896,3.1337289225806018,5.83046817230091e-16,194.9861801012596,0.0,63.82576584796079,-198.0233044678768,0.0,2.739038017628662e-17,2.247318854633954,1.5707963267948966,34.387908711580394,650.0000000001,2.371602859677969e-8,5.889773660682077e-5,0.0,2.6459083504665726e-8,-298.56729205781545,1226.1152780743635,-4370.3968148438535,-6.531784942512042e-7,1.8769912586805863e-7,2.9334122540102736e-8,-1.7014597327690984e-7,6.579691899941494e-7,2.933412254010266e-8,-3.3796460446947014e-25,1.1838806665286275e-25,-8.28293219779647e-24,-6.971550043044116e-26,3.5124856896468766e-25,-8.28293219779647e-24,-298.56729222796145,1226.1152787323326,-4370.3968148145195,-4.120753896929823e6
764.3962478245627,2014.0,5.0,19.0,4.0,13.0,19.0,1,472257.4402825239,-1.9361061572221478e6,6.541376237097772e6,2270.1492309938303,-9024.026755320137,-429.6490545532018,6.838211551071166e6,9315.107874941332,1.9075810383198475e6,-576774.4135953761,6.541376237097772e6,6.838211551071166e6,8926.297145017765,-2628.295251703394,-429.64905455320235,9315.112181898689,3.941740816188079e7,0.8381303855730535,1.5686321154721679,1.817149537653528,1.3178012438208035,0.5487104404893879,1.275073282124576,-0.2936196639295304,786411.5510711661,0.24957498492574592,0.24957486707455204,5.986140036015078e10,1.5052805197011923e10,1.3358612743178129e8,1.744047868506122e10,5.920985841929063e10,1.3477361614021492e8,6.172513298998141e10,6.172516338353527e10,-0.27895905589832715,0.08434579850122184,-0.9565916743352438,0.28941886505639525,0.9572025493851696,0.0,-0.9156519893943232,0.27685567670850314,0.2914315847544578,-9026.253504117167,67.62787339975785,3.1341004412368507,0.0,100.0,0.0,0.0,0.0,0.0,2.6560547100659844e-17,2.2337666520526955,1.5707963267948966,47.92191044139954,650.0000000001,0.0,5.915149219755599e-5,0.0,0.0,-311.85362300646835,1278.5012329157812,-4319.6211927074355,-0.0,0.0,0.0,0.0,0.0,0.0,-0.0,0.0,-0.0,0.0,0.0,0.0,-311.85362300646835,1278.5012329157812,-4319.6211927074355,-4.120750287104875e6
764.7342343462501,2014.0,5.0,19.0,4.0,13.0,19.0,1,473024.6927095865,-1.9391560442448587e6,6.54123064197622e6,2269.9869695422954,-9023.361551092928,-431.8947598734598,6.838989460101031e6,9314.527771564168,1.9105978958447597e6,-577662.7080208203,6.54123064197622e6,6.838989460101031e6,8925.64227083674,-2628.0952831606337,-431.8947598734604,9314.532078849961,3.941740922642729e7,0.8381303900970253,1.5686321154738125,1.8171495376481337,1.3178012409565174,0.5491565379427972,1.2746271998181389,-0.29360821221966144,787189.4601010317,0.24977684799947616,0.24977673003253809,5.986140040572543e10,1.5052805208128826e10,1.3358612743178129e8,1.744046689281201e10,5.920986194075611e10,1.3477736691041088e8,6.172513303689104e10,6.172516343778526e10,-0.2793684515806426,0.08446609128306605,-0.9564615766902479,0.28940790343153666,0.9572058636632782,0.0,-0.9155306295765295,0.27680753962274657,0.29185827436481065,-9025.227536143759,67.52320107559899,3.134111186669452,0.0,100.0,0.0,0.0,0.0,0.0,2.6560677696885182e-17,2.23376878485091,1.5707963267948966,47.91892608159742,650.0000000001,0.0,5.915149219755599e-5,0.0,0.0,-312.25370169337907,1280.0783179162681,-4318.051263726121,-0.0,0.0,0.0,0.0,0.0,0.0,-0.0,0.0,-0.0,0.0,0.0,0.0,-312.25370169337907,1280.0783179162681,-4318.051263726121,-4.120750175815709e6
770.2652414806271,2014.0,5.0,19.0,4.0,13.0,25.0,1,485572.60765932524,-1.9890339966486092e6,6.538740417149677e6,2267.3022423207103,-9012.359931744788,-468.5284513964846,6.851799999999981e6,9304.988442073392,1.9599358326370167e6,-592189.6056825593,6.538740417149677e6,6.851799999999982e6,8914.810820732797,-2624.789379583327,-468.5284513964852,9304.992754773964,3.9417426698881075e7,0.8381304643248834,1.568632115500956,1.8171495375603248,1.3178011950628798,0.5564422831491919,1.2673416961475295,-0.29342576191689523,799999.9999999823,0.25307333732282017,0.2530732174578234,5.986140115782468e10,1.5052805391663696e10,1.3358612743178082e8,1.744027408167027e10,5.920991952527072e10,1.3483954649392128e8,6.172513381103969e10,6.172516433300209e10,-0.2860468537664587,0.08642832623289659,-0.9543098772803781,0.28923325611594913,0.9572586502908008,0.0,-0.9135213850845945,0.2760181531494156,0.29881877137340257,-9008.364941881526,65.85742254067964,3.1342820872744843,0.0,100.0,0.0,0.0,0.0,0.0,2.65628276140934e-17,2.2338038956634265,1.5707963267948966,47.869850705465105,650.0000000001,0.0,5.915149219755599e-5,0.0,0.0,-318.74237887142783,1305.6531973746023,-4292.242576479271,-0.0,0.0,0.0,0.0,0.0,0.0,-0.0,0.0,-0.0,0.0,0.0,0.0,-318.74237887142783,1305.6531973746023,-4292.242576479271,-4.1207483492221683e6
