degree,order,C,S
0, 0, 0.0,0.0
1,0,0.0,0.0
1,1,0.0,0.0
2,0,-0.000875919760273,0.0
2,1,1.32033468405e-8,6.75285290457e-10
2,2,-8.43122022711e-5,4.9678532969e-5
3,0,-1.19340679166e-5,0.0
3,1,3.86567700057e-6,2.5277424765e-5
3,2,-1.59257903505e-5,8.46687289437e-6
3,3,3.54141266874e-5,2.51996626619e-5
4,0,5.15052493229e-6,0.0
4,1,4.23920765688e-6,3.74755584188e-6
4,2,-1.11646822443e-6,-8.9633909683e-6
4,3,6.51418723273e-6,-2.72352421181e-7
4,4,1.13002982991e-7,-1.28953895406e-5
5,0,-1.82402897065e-6,0.0
5,1,4.83319737757e-7,2.09711155235e-6
5,2,-4.24950879878e-6,-1.22480912838e-6
5,3,3.30314698123e-6,2.54191256762e-7
5,4,-4.68758582735e-6,-3.32592263843e-6
5,5,-4.42180487607e-6,3.83605422433e-6
6,0,1.45665966143e-6,0.0
6,1,1.89292146731e-6,-1.62575855711e-6
6,2,9.52881708647e-7,1.61247203944e-6
6,3,9.51313518098e-7,2.44050571795e-7
6,4,1.03496966548e-6,2.65185330216e-6
6,5,1.78175240614e-6,1.62897120977e-6
6,6,2.78529844665e-6,7.85346403849e-7
7,0,8.40128810448e-7,0.0
7,1,1.14392658047e-6,-1.2142471513e-7
7,2,2.79913674214e-6,-7.31916050571e-7
7,3,8.40389648008e-7,-4.23723215581e-7
7,4,2.39819519371e-6,-5.25983697776e-7
7,5,-3.08772049354e-7,-1.33474272819e-6
7,6,-5.72301952896e-7,-1.93627126643e-6
7,7,4.1919854805e-7,-1.77122313587e-6
8,0,4.98316049196e-7,0.0
8,1,2.02856025184e-7,6.26151101085e-7
8,2,1.6675997281e-6,6.59128506006e-7
8,3,-1.08712385793e-6,-1.32729727828e-6
8,4,1.6265110142e-6,4.15430115159e-8
8,5,-2.79554256497e-6,-1.62629432881e-6
8,6,-1.00692473264e-6,-1.76741453509e-6
8,7,-4.937090632e-7,1.65618103486e-6
8,8,-3.06068555105e-7,-2.63871691654e-7
9,0,-7.38627001499e-7,0.0
9,1,1.40363590542e-8,-2.07516804135e-7
9,2,1.19844490144e-6,1.54699271725e-7
9,3,-1.1677324749e-6,-8.94217268137e-7
9,4,4.03772948857e-7,1.69654071153e-6
9,5,-2.37146990403e-6,-1.50668977275e-6
9,6,8.90911573225e-7,5.67620690171e-7
9,7,-5.44184128735e-7,9.27288769489e-7
9,8,1.19623090937e-6,-1.76326258378e-7
9,9,-1.22398213822e-6,-6.21796126516e-7
10,0,1.37778585004e-6,0.0
10,1,1.587864451e-6,-2.55763576813e-7
10,2,-4.9183652397e-8,-9.79693910877e-7
10,3,-2.79738766054e-8,3.21517077932e-7
10,4,-1.21444932529e-6,-3.39009651008e-8
10,5,4.88010771436e-7,-8.16604192291e-7
10,6,5.24197094579e-7,1.13698897944e-6
10,7,2.41893048541e-7,-7.11182999553e-7
10,8,5.42076876382e-7,8.10443071435e-7
10,9,-1.57547419097e-6,-1.4585346112e-6
10,10,-2.14668677035e-7,8.04047386684e-7
11,0,-8.99843993543e-7,0.0
11,1,-1.70391788843e-6,2.35974580489e-7
11,2,-3.17420358984e-7,-1.11161454012e-6
11,3,-1.78089770929e-6,8.74697152544e-7
11,4,-1.6842800346e-6,-5.26974890309e-7
11,5,9.84946718174e-7,4.99118792403e-7
11,6,-3.95888790094e-8,1.35573601986e-8
11,7,8.65932712067e-7,-8.8352192459e-7
11,8,-1.10468186687e-6,8.2847043161e-7
11,9,-3.53118514737e-7,-3.90369703823e-7
11,10,4.02555992455e-7,1.91273007238e-6
11,11,-1.98478684681e-9,-3.51770949067e-7
12,0,9.6560412465e-7,0.0
12,1,-3.20515084591e-7,-5.43883615163e-7
12,2,-2.29519671147e-7,8.03027109797e-7
12,3,-9.34916884252e-7,1.59409607358e-7
12,4,-2.08603920375e-7,-8.80100786557e-8
12,5,1.30881403739e-6,1.40562434295e-6
12,6,-6.73178251723e-7,-1.57083494651e-6
12,7,2.94517324548e-7,-1.58228247144e-7
12,8,-1.70226706506e-6,-3.96452890201e-7
12,9,8.03475989972e-7,4.89987802063e-7
12,10,5.38936243709e-7,1.4378981366e-6
12,11,7.50453836744e-7,-1.56253193668e-6
12,12,-1.08426942456e-8,-1.27625689215e-7
13,0,-8.79642981649e-7,0.0
13,1,-1.16157654916e-6,7.27165007562e-7
13,2,1.99407129798e-7,6.30766606326e-7
13,3,-1.70311035197e-7,5.28329437565e-7
13,4,3.57488299225e-7,8.34269150794e-7
13,5,-6.71824456273e-7,-9.08788212065e-7
13,6,3.29946959489e-7,-9.36227671576e-7
13,7,-5.45945058714e-7,5.40894350996e-7
13,8,-1.21383633822e-8,9.0094561744e-8
13,9,1.01806453979e-6,9.2504709717e-7
13,10,-8.32276152927e-8,-7.40625789546e-7
13,11,8.18834052946e-7,-9.31654872731e-7
13,12,-1.48613779707e-6,-3.37593775696e-7
13,13,4.90423074112e-7,8.54388138909e-7
14,0,6.98734778005e-7,0.0
14,1,1.13989065748e-6,8.36423389669e-8
14,2,3.96567859225e-7,-3.59163227676e-7
14,3,7.38029261652e-7,-5.89776024107e-7
14,4,-6.47584810251e-8,-9.53646259357e-7
14,5,3.77631492911e-7,-4.60961663349e-7
14,6,-3.91009963432e-7,-6.16404002178e-9
14,7,-8.80650788852e-7,2.35999415324e-7
14,8,5.66476205161e-7,3.68440967706e-7
14,9,2.15580122913e-7,9.18463769687e-7
14,10,-2.46156756021e-7,-1.44208991596e-6
14,11,-8.89384049227e-7,1.86652043336e-7
14,12,-4.93568496043e-7,-3.61271637182e-7
14,13,9.43509653845e-7,1.98378324659e-6
14,14,-2.510350464e-8,-7.69520740452e-7
15,0,5.44256504521e-7,0.0
15,1,4.88368237627e-8,2.75000436214e-7
15,2,-4.19940952223e-7,-8.49436935494e-7
15,3,-8.23808468326e-7,-1.45805804443e-7
15,4,-6.8409278797e-7,-7.93343028438e-7
15,5,-1.63033075959e-6,-6.9843050502e-7
15,6,6.78254672503e-8,5.48702265549e-7
15,7,1.28844302331e-6,2.01934767012e-7
15,8,1.37560156395e-6,4.64014346899e-7
15,9,-3.08309543225e-7,-3.43280470537e-7
15,10,-5.00474142466e-8,-4.14256218027e-7
15,11,-9.15004242739e-7,6.57490101043e-7
15,12,9.98051437998e-7,7.18425107319e-7
15,13,-1.95265947211e-8,6.97130989896e-7
15,14,8.95354479261e-8,-1.37359167723e-6
15,15,-3.91904000704e-7,1.09654629833e-7
16,0,7.92720657847e-7,0.0
16,1,-1.46571435746e-7,-4.77986185031e-7
16,2,-4.33836125172e-7,-9.19322035075e-8
16,3,-5.19790674538e-7,2.42960922398e-7
16,4,-8.95459018679e-7,4.87610238224e-8
16,5,2.07154561401e-7,6.95889305395e-7
16,6,2.31431903769e-7,1.58964017471e-7
16,7,2.12340362835e-7,2.60260981808e-7
16,8,6.97327537499e-8,3.20004929138e-7
16,9,-2.16269107129e-7,-1.06535994156e-6
16,10,-5.9008608326e-7,4.71477806049e-7
16,11,1.03927336356e-8,-4.61287564577e-7
16,12,4.95660177889e-7,7.243102223e-7
16,13,9.73226327861e-8,-6.69496615132e-7
16,14,-1.34954321144e-7,-8.52703354341e-7
16,15,-7.63923621211e-7,3.78793945791e-7
16,16,2.68136244954e-7,6.60883051773e-8
17,0,3.03213778972e-7,0.0
17,1,-1.23950773795e-7,-8.96138796426e-7
17,2,-5.75083834744e-8,1.75431492233e-7
17,3,6.75910579289e-8,1.37156850402e-7
17,4,5.3121315909e-7,4.44608364231e-8
17,5,5.50656672744e-7,3.43988054121e-7
17,6,7.31597068633e-7,-1.71166237196e-7
17,7,5.82069037722e-7,-3.55753253276e-7
17,8,-1.33069952097e-7,-2.47800691498e-7
17,9,-1.8107689019e-7,-1.22229108397e-7
17,10,-3.30881739744e-7,9.29014764021e-8
17,11,3.15594769386e-7,6.65056302759e-8
17,12,1.38703833636e-7,-3.75237631283e-8
17,13,-4.88897282836e-7,-6.25081651348e-7
17,14,-3.57791610917e-7,-4.10466832147e-7
17,15,-3.55862049163e-7,5.27713352294e-7
17,16,1.13093899119e-6,5.51896091938e-7
17,17,1.07900030599e-7,3.37819418165e-7
18,0,-3.03014626246e-7,0.0
18,1,-3.22427941902e-7,-1.44897429561e-7
18,2,-1.65489642279e-7,1.67583953054e-7
18,3,-4.50575862365e-7,-4.19319303612e-7
18,4,7.7040958836e-7,3.04994712822e-7
18,5,2.72471868479e-7,-7.0592927209e-7
18,6,1.12051106108e-7,-6.0305796568e-7
18,7,-2.6728098673e-7,1.94696920755e-8
18,8,-5.32667333492e-8,-2.42325288245e-7
18,9,-3.58834867726e-8,2.27445226011e-7
18,10,5.33629785189e-7,2.02164550127e-7
18,11,3.84435187578e-7,-2.34774677542e-7
18,12,5.71854379548e-8,-4.11966907665e-8
18,13,-3.48626956925e-7,-1.75292734906e-7
18,14,-4.99804087016e-7,2.16699040696e-7
18,15,3.47930744287e-7,7.73084195293e-7
18,16,4.24628349724e-7,1.55954545416e-7
18,17,-1.60225561358e-7,-1.08249638128e-6
18,18,5.02526713811e-7,3.0687978908e-7
19,0,3.08367385325e-7,0.0
19,1,4.31653384663e-7,3.6074996456e-7
19,2,-9.75699313895e-8,1.3621700523e-7
19,3,1.42905418288e-8,-2.18023846594e-7
19,4,-4.37182375465e-8,4.29770864452e-7
19,5,5.43138704591e-8,-3.56811607183e-7
19,6,-1.59468836066e-7,-8.26647381841e-8
19,7,-4.27647224967e-7,1.27481863822e-7
19,8,2.93719663721e-7,-1.44873389049e-7
19,9,1.42302567115e-7,3.72160855662e-7
19,10,6.37325008324e-7,-1.88021013383e-7
19,11,-2.83414678615e-7,-3.98421933197e-7
19,12,-2.39144590294e-7,-1.4517121242e-7
19,13,-2.4570986905e-7,-8.46038897859e-8
19,14,2.12786874315e-7,4.47850969436e-7
19,15,6.83529042031e-7,4.38374824955e-7
19,16,-1.46097177196e-7,-1.88643587354e-7
19,17,-1.54870469047e-7,-7.49093158592e-7
19,18,-6.15123076598e-7,5.35791296332e-7
19,19,-4.12239771169e-7,-8.13439822956e-7
20,0,3.66257053953e-7,0.0
20,1,1.94903089617e-7,4.37432561589e-7
20,2,6.10899157592e-8,-2.89410984813e-7
20,3,1.18392865149e-7,2.04371724986e-7
20,4,-2.22886492877e-7,4.006299066e-7
20,5,-6.77150869887e-8,-7.6127484095e-8
20,6,2.8758604305e-7,6.29725922496e-7
20,7,2.45275527495e-7,-3.25572489742e-7
20,8,4.26143456711e-7,1.66648640046e-7
20,9,-4.62618455189e-8,9.36724491694e-8
20,10,-3.73595691451e-7,-3.36942349277e-8
20,11,-1.19047212461e-8,-8.47505346729e-8
20,12,-4.40640724286e-7,-5.98213061471e-9
20,13,6.09406476295e-8,2.16239425806e-7
20,14,3.75102497716e-7,1.68547566271e-7
20,15,2.84248949906e-7,-4.23067344167e-7
20,16,2.35746984773e-7,-2.52717874987e-7
20,17,-2.09385860816e-7,-2.97554465778e-8
20,18,5.18156550911e-8,7.22624953757e-7
20,19,2.65902459955e-7,-1.38952738638e-7
20,20,-4.3242212377e-7,1.85282363539e-7
21,0,1.36162789788e-7,0.0
21,1,-1.97337569401e-7,-9.24239300593e-8
21,2,1.72466386837e-7,-3.02364474829e-7
21,3,-1.20400832146e-7,1.0179394576e-7
21,4,-1.84001883371e-7,2.48610318949e-8
21,5,5.06655263473e-7,1.40339481499e-7
21,6,9.69970324895e-8,2.10511435387e-7
21,7,1.52310270141e-7,-3.89071817981e-7
21,8,-1.828270552e-8,2.20851088659e-7
21,9,-1.26372331381e-7,-1.95349647054e-7
21,10,-3.65010618904e-7,2.00332141692e-7
21,11,-1.7720699256e-7,-2.34120096082e-7
21,12,1.7585929118e-7,-5.37104936891e-8
21,13,1.16914389414e-7,1.68703127376e-7
21,14,1.11580198703e-7,-3.65209801482e-7
21,15,-3.57183944018e-7,-5.1997703837e-7
21,16,-4.00192057411e-7,-1.45686770495e-12
21,17,-3.17486460879e-7,-3.00548028585e-7
21,18,3.51650994189e-7,5.83821705688e-7
21,19,1.93831079546e-8,-5.02685404381e-7
21,20,-2.49576024707e-7,-4.39429613674e-7
21,21,7.39134669161e-7,2.29680574057e-7
22,0,1.58771990938e-7,0.0
22,1,-1.63836199971e-7,-2.08085542205e-7
22,2,1.58465589671e-7,1.74755702672e-7
22,3,-2.47766585012e-7,7.31045671043e-8
22,4,1.70891036849e-7,-2.39372069599e-7
22,5,1.06028055958e-7,1.52520825831e-7
22,6,-7.83216002116e-8,-2.7018311354e-7
22,7,4.01305876619e-7,-3.65280658889e-8
22,8,-1.819927492e-7,-2.56933196103e-7
22,9,-4.00281576026e-9,1.77258217959e-7
22,10,-5.877973652e-8,3.92377281124e-7
22,11,9.25369171343e-8,-5.19496179183e-8
22,12,3.7150755071e-7,1.33261544899e-7
22,13,-1.63806004416e-7,-1.55267450272e-7
22,14,-5.20305696793e-9,-5.43489117628e-7
22,15,-3.33401361423e-7,2.42705951891e-7
22,16,-1.3116944195e-7,-6.65018953393e-8
22,17,1.86748175912e-7,2.04921209966e-7
22,18,-1.50605587408e-7,1.32304862851e-7
22,19,2.8131667775e-7,-6.8684001337e-7
22,20,-3.76843396631e-7,1.88868951222e-7
22,21,2.35215196336e-7,6.51434581808e-7
22,22,-2.26629219837e-7,-4.13504561303e-7
23,0,1.26368695427e-8,0.0
23,1,1.23171901135e-7,2.80167732355e-7
23,2,1.10148406407e-7,4.18425922378e-7
23,3,-2.12544014064e-8,-7.80286972014e-8
23,4,3.21419821052e-7,1.80516891379e-9
23,5,-3.37650739952e-7,3.96586692672e-8
23,6,1.97754904477e-7,-2.84209773511e-7
23,7,-1.30062912148e-7,1.36559361124e-7
23,8,-1.97915513701e-7,-2.32349385415e-7
23,9,-9.87621655339e-9,1.21854161391e-7
23,10,-1.60549180767e-7,2.98925554929e-9
23,11,3.25950129001e-7,-6.63338901065e-8
23,12,-2.36167942362e-7,4.72125557766e-8
23,13,-1.01171556236e-7,3.52249396674e-9
23,14,-1.4350340214e-7,-1.81051880504e-7
23,15,-1.86432659779e-7,6.04146831133e-7
23,16,4.48830357759e-7,1.39726410148e-7
23,17,4.18981451817e-7,7.3241050643e-7
23,18,-2.27721136118e-7,-5.89488347754e-7
23,19,5.23347857815e-7,8.79326327729e-8
23,20,-5.05095722848e-7,7.90975467947e-8
23,21,3.62655308018e-7,6.67675393158e-7
23,22,-1.71728944719e-8,-1.28046908547e-7
23,23,-6.38681905004e-7,2.93597348197e-7
24,0,5.75286829294e-8,0.0
24,1,8.45320164875e-8,1.71836683405e-7
24,2,3.4236733366e-8,4.64783678534e-8
24,3,2.02542884064e-7,-2.55181610114e-7
24,4,-1.03624405849e-7,1.47927289361e-7
24,5,-1.57606210655e-7,-1.79227506461e-7
24,6,1.78246944609e-7,8.18393207073e-8
24,7,-4.20600153995e-7,1.84808520968e-7
24,8,1.55302955474e-7,-1.01994834211e-8
24,9,-1.07999298326e-7,1.8782935705e-7
24,10,-9.08600393447e-8,-3.91717340954e-7
24,11,-3.5993628484e-8,1.2999844418e-7
24,12,-3.25148237352e-7,-2.18485291793e-7
24,13,4.51093312898e-8,4.87981972098e-8
24,14,-6.1852457909e-8,3.5466106691e-7
24,15,1.6501963917e-7,-9.32853736512e-9
24,16,5.27099796294e-7,2.64663905387e-7
24,17,-6.70277450815e-8,-1.64027498957e-7
24,18,2.80993402294e-7,-6.46052714797e-7
24,19,-3.90970415257e-7,3.76025485391e-7
24,20,-3.96394839801e-8,-3.18202136437e-7
24,21,1.18030823146e-7,4.70386289655e-7
24,22,-2.04201803466e-8,-5.85394740589e-7
24,23,-5.35439314676e-7,1.62459297708e-7
24,24,4.49342838403e-7,1.01603891792e-7
25,0,2.37001079235e-8,0.0
25,1,-5.09073460693e-8,-2.48566601823e-7
25,2,-6.62822694519e-8,-2.56010274982e-7
25,3,5.87337138017e-8,-6.61956305269e-8
25,4,-3.10210377388e-7,-5.67733859159e-9
25,5,5.51960919486e-8,-2.06663962314e-7
25,6,-1.98905651065e-7,3.12335889335e-7
25,7,6.68409262457e-8,2.7515913523e-8
25,8,3.09024715865e-7,1.02840382227e-7
25,9,-6.13989477185e-9,-2.01075966856e-8
25,10,1.62399226382e-7,-8.69368219006e-8
25,11,-2.80921712717e-7,2.14888379321e-7
25,12,-8.80498929972e-8,-1.8081098863e-7
25,13,1.68560882105e-7,3.51860290796e-8
25,14,3.53710045287e-8,9.04928662669e-8
25,15,2.60859144244e-7,-2.32070082848e-7
25,16,1.50623198563e-7,4.48658214245e-8
25,17,-2.83510994422e-7,-7.08306548304e-7
25,18,5.51369617473e-8,-1.01670336688e-7
25,19,-5.05364456862e-7,-6.53757113804e-8
25,20,3.21454634673e-7,5.67843666686e-8
25,21,-5.45408537593e-7,2.69723746697e-7
25,22,2.14149849095e-7,-4.48739337543e-7
25,23,-3.91006458226e-7,4.66775569968e-7
25,24,4.0304716657e-7,-3.17173373691e-9
25,25,1.14971043802e-7,-3.82135286992e-7
26,0,-1.83098144323e-7,0.0
26,1,-1.16078881285e-7,-2.64146209299e-7
26,2,-1.40760039213e-7,-2.98565089752e-8
26,3,-9.26661158092e-8,1.84567828246e-7
26,4,-3.96057676461e-8,1.95228192966e-8
26,5,2.27736681591e-7,1.80429824449e-7
26,6,-1.73144367613e-7,5.29181709687e-8
26,7,2.87613640742e-7,-1.57904165552e-7
26,8,7.95364028549e-8,1.07376759677e-7
26,9,1.20634106923e-7,-3.83836639869e-7
26,10,1.59242959946e-7,1.20490893409e-7
26,11,-2.3476491222e-7,-1.08008057405e-7
26,12,1.04922041511e-7,2.29295814739e-9
26,13,8.53075525495e-9,-5.21991300256e-8
26,14,1.15174904279e-7,-1.40614568763e-7
26,15,-2.89333016155e-9,-3.64562523654e-8
26,16,-3.04552868678e-7,-1.2671347314e-7
26,17,-5.20804378649e-8,-1.77737734821e-7
26,18,-2.18173256398e-7,4.30756845144e-7
26,19,4.50446241717e-8,-1.52653445838e-7
26,20,2.56204594786e-7,3.75566265045e-7
26,21,-2.99216713114e-7,-3.72565520752e-7
26,22,4.2471068868e-7,4.2732841523e-8
26,23,-1.87278051288e-7,2.10072563541e-7
26,24,5.3564992285e-7,-5.5373839435e-8
26,25,1.74458058109e-7,-3.59548772088e-7
26,26,-2.0712826383e-7,4.90986468381e-7
27,0,-2.02687019376e-7,0.0
27,1,2.76536236233e-8,1.08882059315e-8
27,2,-9.97684871347e-8,1.65766540562e-7
27,3,-1.77638776978e-8,1.55217068346e-7
27,4,2.69794980781e-7,-1.25737636137e-9
27,5,8.76305091114e-8,2.29145642073e-7
27,6,5.39278188439e-8,-2.2804236572e-7
27,7,1.12736314195e-7,-1.1918657327e-7
27,8,-1.03326335154e-7,-1.21516848953e-7
27,9,3.80402446444e-8,-2.58072605461e-7
27,10,-1.44672213145e-7,1.03943274807e-8
27,11,-1.99474502816e-7,-1.68395729943e-7
27,12,7.2559268231e-8,1.29514769575e-7
27,13,-1.51003229257e-7,-1.41062512924e-7
27,14,5.39725009371e-8,7.68257144043e-8
27,15,-1.07275035299e-7,5.74027272844e-8
27,16,-9.63302096937e-8,-7.99746557926e-8
27,17,1.42784093434e-7,3.68462058009e-7
27,18,-8.39590971191e-8,1.56608812894e-7
27,19,4.66621801299e-7,1.3330285551e-7
27,20,-8.28226674172e-8,-2.63701603675e-8
27,21,1.68936705595e-7,-2.77749156562e-7
27,22,6.72756445277e-8,3.20142652997e-7
27,23,4.29773488114e-8,-2.73416790581e-7
27,24,1.27832616929e-7,3.417095329e-9
27,25,-1.26875689546e-7,-4.96638831866e-7
27,26,-2.47554663873e-7,2.70324345658e-7
27,27,4.38011809305e-7,-1.60415335107e-7
28,0,4.29103749124e-8,0.0
28,1,1.31154094216e-7,1.49238560348e-7
28,2,6.72152109057e-8,6.09367498891e-8
28,3,1.18072371192e-7,-7.79526132368e-8
28,4,1.75963117757e-7,-1.11884193087e-7
28,5,-8.06949976143e-8,-8.94022985544e-8
28,6,1.05117428616e-7,-1.84298715467e-7
28,7,-1.69035430495e-7,2.28462761617e-8
28,8,-1.72354625189e-7,-1.46471894138e-7
28,9,-4.77798904383e-8,1.55596523234e-7
28,10,-1.97559350122e-7,5.45478311491e-8
28,11,1.47562049341e-7,1.12065984325e-7
28,12,-1.19784754037e-8,1.07696839364e-7
28,13,3.10178263843e-8,5.06193455705e-8
28,14,2.31949860476e-8,1.61032286404e-7
28,15,-2.95542708274e-8,3.57982376764e-8
28,16,1.79489745538e-7,-2.51005077739e-9
28,17,1.3599264953e-7,2.27192978189e-7
28,18,1.26433706142e-7,-2.34156418425e-7
28,19,2.30721968937e-7,3.86534547396e-8
28,20,-1.26734209236e-7,-3.69976169875e-7
28,21,1.61614647514e-7,-1.08791758083e-8
28,22,-2.64904969312e-7,-2.59521676741e-8
28,23,3.44762481441e-7,-6.70478521782e-8
28,24,-2.35662386265e-7,4.78528304501e-8
28,25,1.55115817607e-8,-2.88350711445e-7
28,26,-2.18918636059e-7,5.22006985023e-7
28,27,2.60382479798e-7,-4.42672335602e-9
28,28,-3.23595953698e-7,-3.35488754901e-7
29,0,7.31785560117e-8,0.0
29,1,-2.92982077383e-8,6.57049259751e-8
29,2,5.13138379265e-8,-9.1949273136e-8
29,3,-1.56584143425e-8,-1.6908057469e-7
29,4,-1.04364219035e-7,-3.57803503487e-8
29,5,-1.70256610283e-7,-1.43165583041e-7
29,6,-4.329971839e-8,4.20848249532e-8
29,7,-1.61552278184e-7,1.11299238319e-7
29,8,-1.23066332776e-8,1.19057583731e-7
29,9,-1.58021618374e-8,2.11050965559e-7
29,10,7.61363967184e-8,5.72340425985e-8
29,11,2.07101702791e-7,3.82870403366e-8
29,12,-1.73422532548e-8,-5.51496552208e-8
29,13,1.51799385876e-7,6.2333414479e-8
29,14,3.25375175979e-8,-6.31073359865e-8
29,15,2.59591768939e-8,-3.57707313611e-9
29,16,5.61127191633e-8,2.6834740231e-8
29,17,3.55122195435e-9,-7.82630791766e-8
29,18,1.46429412351e-8,-2.05883993578e-7
29,19,-2.4391517901e-7,-9.22512835278e-8
29,20,-5.92480575353e-8,-2.04828231324e-7
29,21,-1.10944078962e-7,1.72421232576e-7
29,22,-9.59846436755e-8,-4.27552571238e-8
29,23,1.2320923872e-7,2.27849063941e-7
29,24,-9.18821898612e-8,-1.21069832525e-7
29,25,2.18180879406e-7,2.29799363457e-7
29,26,-9.57371601915e-8,1.41301598007e-7
29,27,3.56073138915e-7,-5.97708769378e-8
29,28,2.63862154736e-8,-1.45967247419e-7
29,29,-1.84856132304e-7,2.75868920862e-7
30,0,3.85694619253e-8,0.0
30,1,-5.98681987738e-8,-7.13453316704e-8
30,2,-2.46218371027e-8,-1.21329628794e-8
30,3,-6.76615681755e-8,1.29599090581e-8
30,4,-1.57015557695e-7,3.52870509445e-8
30,5,-4.53742576515e-8,4.365472245e-8
30,6,-2.14752315904e-8,1.53164696691e-7
30,7,2.70495786482e-8,5.21160025321e-8
30,8,1.86993050991e-7,1.13219377679e-7
30,9,1.90829606163e-8,7.48199973868e-9
30,10,1.51424615947e-7,-1.49848875474e-7
30,11,-5.06452664529e-8,-5.11478064836e-8
30,12,-4.72245666954e-8,-1.26463035464e-7
30,13,-6.86620817548e-8,-3.01290297354e-8
30,14,-6.44928596505e-8,-1.03442599115e-7
30,15,1.98259697799e-8,1.42813624743e-8
30,16,9.5421131872e-9,-1.2842519046e-8
30,17,-7.40571217819e-8,1.60644875889e-10
30,18,-6.3218285989e-8,1.67255288181e-8
30,19,-2.18807547947e-7,9.56651882656e-8
30,20,6.69054417752e-8,1.76680838599e-7
30,21,-6.60337940756e-8,1.08816870025e-7
30,22,1.81893657998e-7,1.86209510667e-8
30,23,-2.03992006684e-8,1.52631702462e-7
30,24,1.0069692574e-7,-1.19717867652e-7
30,25,-6.27326740285e-9,1.77969559312e-7
30,26,4.70134044765e-8,-3.82366062798e-7
30,27,1.3655672399e-7,-8.81741675474e-8
30,28,-2.29768035089e-7,-2.1666676386e-7
30,29,-6.93734336361e-8,-1.04515943248e-8
30,30,2.67308346821e-7,-1.07681673725e-7
31,0,-4.49236654034e-9,0.0
31,1,-5.04193570881e-8,-2.69842497494e-8
31,2,-3.66902881005e-8,3.75165824885e-8
31,3,-1.67904852075e-8,1.4900240844e-7
31,4,-9.41952907338e-9,5.23266625865e-8
31,5,1.51682429011e-7,4.37812018751e-8
31,6,4.39686117468e-8,4.72415368574e-8
31,7,1.7991439564e-7,-6.58078666371e-8
31,8,4.64288761977e-8,-7.35256362974e-8
31,9,2.25285783369e-8,-1.08899304318e-7
31,10,-8.67888321499e-8,-5.17049158445e-8
31,11,-6.57695326927e-8,9.82642950041e-9
31,12,-1.06886329987e-7,1.82884565319e-8
31,13,-7.73696990473e-8,9.7874876322e-8
31,14,-7.79060432588e-8,4.35124198987e-8
31,15,1.56681089978e-8,-2.86798476556e-9
31,16,-6.42460313855e-8,3.62744102459e-8
31,17,-1.56125180588e-8,9.46910813953e-8
31,18,6.06478695511e-8,3.89682962021e-8
31,19,3.46738378504e-8,1.08785818687e-7
31,20,1.95065667993e-7,1.30671606331e-7
31,21,1.2525189738e-7,-3.85373510597e-8
31,22,7.88792597977e-8,-4.38653544861e-8
31,23,-3.96321080875e-8,-1.00145158352e-7
31,24,7.46954224506e-8,3.3113683918e-8
31,25,-1.59171730914e-7,-2.5933728397e-8
31,26,1.18196731282e-7,-1.69904439562e-7
31,27,-7.06785105308e-8,-8.25218043825e-8
31,28,-8.58495461937e-8,-1.01778873432e-7
31,29,-2.14301534187e-8,1.91043101006e-7
31,30,-1.17746054355e-7,1.19803723594e-7
31,31,-1.07490708261e-7,6.32346288384e-8
32,0,-9.94070250913e-9,0.0
32,1,3.58102681849e-9,5.45532802585e-9
32,2,8.53495385671e-8,1.45928890723e-8
32,3,1.71766348472e-8,3.8716450996e-8
32,4,1.27032770824e-7,-9.62194638611e-8
32,5,8.69260113776e-8,-1.67258285166e-12
32,6,-4.06810525617e-8,-1.85529132996e-7
32,7,8.5403427356e-8,-6.20082213882e-8
32,8,-1.99240926794e-7,-3.07846524967e-8
32,9,-5.86392277381e-9,-9.23271909208e-8
32,10,-8.59316549338e-8,9.7275850909e-8
32,11,-7.0339557221e-8,1.00631419434e-8
32,12,1.0827801049e-8,8.20745310113e-8
32,13,1.0398824932e-7,7.79830335095e-8
32,14,7.95603193908e-8,3.69537699138e-8
32,15,5.99753226177e-8,-4.86497854688e-8
32,16,-8.54824162872e-8,9.31976053554e-9
32,17,7.72084270376e-8,7.18635012013e-9
32,18,1.16784548071e-8,-3.01918988455e-8
32,19,9.12492473453e-8,-8.92044717763e-8
32,20,5.91947463335e-8,-3.15396133426e-8
32,21,6.24114357232e-8,-1.37285188157e-7
32,22,-1.18989994522e-7,-7.08418755814e-8
32,23,-6.40542119897e-8,1.96309948309e-8
32,24,-1.1545622081e-7,8.10331092651e-8
32,25,-8.84767268722e-10,-5.24770166539e-8
32,26,-1.84523174167e-8,7.83851592846e-10
32,27,-2.8363074489e-8,-3.62881099935e-9
32,28,1.4412589776e-8,1.5930018801e-7
32,29,1.20170397272e-7,1.31661341905e-7
32,30,-1.7722440936e-8,-8.96833370862e-8
32,31,1.55996815722e-7,6.02689415123e-8
32,32,4.04759216025e-8,2.02046100901e-8
33,0,-3.33016477465e-8,0.0
33,1,3.20501452065e-8,-8.02485664121e-8
33,2,2.67431533459e-8,3.45212535594e-8
33,3,-1.11194934912e-8,-6.83855716851e-8
33,4,7.74477232887e-8,-5.00172647723e-8
33,5,-9.17200067602e-8,3.95097322034e-8
33,6,-6.4483317087e-8,-1.14251363184e-7
33,7,-1.10827101449e-7,1.12308078281e-7
33,8,-4.27736233621e-8,-1.18349173737e-8
33,9,2.9190716266e-8,5.5791519309e-8
33,10,-2.32904704376e-9,4.36256005118e-8
33,11,6.21242361992e-8,2.1679054852e-9
33,12,1.0336316985e-7,-5.70629766649e-9
33,13,3.88066549289e-8,-1.29551680193e-7
33,14,5.73416865123e-8,-9.83447238218e-9
33,15,-3.65753054166e-8,-2.44705725517e-8
33,16,3.25680999131e-8,-6.53146977881e-8
33,17,1.35751384032e-8,1.2270020414e-8
33,18,-9.67639185595e-8,-4.07344621493e-8
33,19,5.76133583062e-9,-7.33450938952e-8
33,20,-8.93105729027e-8,-3.25883873287e-8
33,21,-4.37508152933e-8,-9.17286725323e-8
33,22,-8.62688642576e-8,1.59544037492e-8
33,23,-6.6663130876e-8,1.02767566859e-7
33,24,3.22430237801e-8,1.03867404497e-7
33,25,4.96412352243e-8,-3.09163263912e-10
33,26,2.06295958953e-8,-5.21991685951e-8
33,27,1.72410908282e-7,5.70655940475e-8
33,28,2.66917167052e-8,2.726643566e-8
33,29,1.58040152633e-7,-3.19261796289e-9
33,30,1.09053040145e-8,-2.43649932407e-7
33,31,-1.74216804485e-7,-7.52489701504e-8
33,32,1.62097677426e-7,-2.18089179047e-7
33,33,6.50121096304e-8,-2.12512515463e-7
34,0,-5.97738890173e-8,0.0
34,1,2.15201879593e-8,-2.08871745456e-8
34,2,-1.01394321672e-7,1.90538276685e-8
34,3,1.49688694992e-8,-9.08834768782e-8
34,4,-4.60618824505e-8,8.55353830871e-8
34,5,-9.31339546479e-8,-4.16854615213e-8
34,6,6.05522795007e-8,9.91633093344e-8
34,7,-5.14627909045e-8,9.06040667168e-8
34,8,1.01361305855e-7,-4.44084507747e-8
34,9,8.22071417168e-8,9.79597219393e-8
34,10,1.58328903099e-8,-5.51398481619e-8
34,11,1.2402620041e-7,-5.69776782267e-8
34,12,3.34276220438e-10,-6.43899704816e-8
34,13,-6.16247666036e-8,-1.05209274794e-7
34,14,-3.49974216228e-8,5.06267303711e-8
34,15,-1.38174701564e-7,1.03069904672e-8
34,16,4.90551151389e-8,-3.83243982947e-8
34,17,-8.4253022444e-8,5.87555483518e-8
34,18,6.29222773793e-9,-3.73978583817e-8
34,19,-2.87446737164e-8,1.0990714571e-7
34,20,-2.25983591738e-8,-3.60103782951e-8
34,21,3.35010622825e-8,1.08258570389e-7
34,22,3.02249827954e-8,4.34424138997e-8
34,23,-9.57827573282e-9,6.91549884444e-9
34,24,1.27472569062e-7,-1.35187696359e-8
34,25,-3.49031947668e-8,-5.68792054466e-8
34,26,9.19683535295e-8,-1.52418998282e-7
34,27,3.00813295177e-8,4.66129989468e-8
34,28,7.41118757319e-8,-1.13838645542e-7
34,29,2.46701760672e-8,6.52324058126e-8
34,30,-3.93709943284e-8,-1.3965898097e-7
34,31,-1.71069318821e-7,-3.17489536829e-8
34,32,1.65035950038e-7,5.64203185987e-8
34,33,-3.21248509652e-7,3.862733708e-8
34,34,2.54205433403e-8,8.79674432385e-8
35,0,-4.26732151228e-9,0.0
35,1,6.03509720708e-9,1.15727541508e-7
35,2,-6.13481561554e-8,-5.45660727606e-8
35,3,7.82089202819e-8,1.75332860963e-8
35,4,-7.53348934847e-8,6.05428058618e-8
35,5,9.01851767545e-8,-4.30803421502e-8
35,6,4.3519450854e-8,1.16683870523e-7
35,7,1.77017658578e-8,-1.46703228677e-7
35,8,8.80347609809e-8,2.36578935423e-8
35,9,-8.62564714355e-8,-8.47928977258e-8
35,10,7.25814912163e-8,-1.00647403941e-7
35,11,-1.16525670203e-7,5.36141656717e-9
35,12,-8.92209301752e-8,-6.20244135771e-8
35,13,-1.78771755862e-8,5.80702448885e-8
35,14,-3.83485817337e-8,8.34301788301e-8
35,15,3.16448854364e-8,3.76950527826e-8
35,16,2.30080554527e-8,3.9761326698e-8
35,17,-4.81723705245e-8,-5.23344518521e-8
35,18,1.04301947751e-7,7.90118707725e-9
35,19,-1.43582767498e-8,5.2945696219e-8
35,20,6.23713564902e-8,-5.72919727945e-8
35,21,7.4659718426e-8,1.07417887427e-7
35,22,3.49691139677e-8,-7.39900144266e-8
35,23,3.54014347241e-8,3.1270454636e-8
35,24,-4.19898710525e-8,-4.16087438051e-8
35,25,-2.6918891201e-10,-8.83824445039e-8
35,26,8.91911760032e-9,8.18852296959e-9
35,27,-1.16812716266e-7,-8.22541310319e-8
35,28,1.24912578978e-7,1.26925038974e-8
35,29,-1.20494483309e-7,6.59737995662e-9
35,30,8.79411478535e-8,1.83588539645e-8
35,31,-6.49905446225e-8,5.57337066315e-9
35,32,1.59858300531e-7,1.44656802197e-7
35,33,-1.33775605053e-7,-2.3367640276e-7
35,34,2.41067883151e-7,2.51615746158e-7
35,35,1.43225952106e-7,2.05275005522e-7
36,0,1.32004765406e-7,0.0
36,1,-3.3228877617e-8,2.49859863781e-8
36,2,8.52051567616e-8,-1.04806506209e-7
36,3,4.55746656885e-9,1.00494458216e-7
36,4,-5.80688714756e-8,-1.08125778601e-7
36,5,1.16504520501e-7,3.26472068831e-8
36,6,-9.04770462356e-8,-9.11861899639e-9
36,7,6.91222275e-8,-9.82725350448e-8
36,8,-2.3905313116e-8,4.57402612177e-8
36,9,-9.74637706875e-8,-7.4816083788e-8
36,10,-1.14702216118e-9,2.93799316124e-8
36,11,-8.8357778243e-8,7.10270337946e-8
36,12,-1.04779382028e-8,2.19706699381e-8
36,13,6.61558795643e-9,9.20558189558e-8
36,14,-1.51050076649e-8,-1.26243362263e-8
36,15,1.42681543982e-7,2.45847678265e-8
36,16,-2.58794508499e-8,3.26316597265e-8
36,17,1.51432398226e-8,-8.81976189463e-8
36,18,1.62116050666e-8,5.2648433349e-8
36,19,-2.85666612353e-8,-8.85895695772e-8
36,20,3.58438594964e-8,5.3828798863e-8
36,21,-8.4358603992e-9,-4.51276740069e-8
36,22,4.74261503945e-10,-1.51331172033e-8
36,23,1.30998443696e-9,1.65334318968e-8
36,24,-6.74692126348e-8,-2.40099935452e-8
36,25,5.83025363205e-8,-2.6464268424e-8
36,26,-7.15942087191e-8,4.79459518485e-8
36,27,4.1300362486e-8,-3.56643291953e-8
36,28,1.01476926638e-8,1.06282036385e-7
36,29,-4.02219726617e-8,-8.18305945642e-8
36,30,7.485336505e-8,1.97038857863e-7
36,31,-3.17674522524e-8,-9.49276447761e-8
36,32,1.27046522426e-7,1.278427989e-7
36,33,-2.66316045749e-8,-2.5165837092e-7
36,34,3.37485570574e-8,1.39705942611e-7
36,35,1.71526194164e-7,-1.55008287807e-7
36,36,-3.24684069683e-9,-1.15396118812e-7
37,0,1.55989004466e-8,0.0
37,1,-8.26758067454e-8,-9.61814196324e-8
37,2,6.88270635589e-8,1.31483456178e-8
37,3,-1.63499558245e-7,-5.45375606805e-10
37,4,5.099704864e-8,-7.13066773311e-8
37,5,-7.30793465371e-8,7.66658751158e-8
37,6,-2.86613796838e-8,-1.18231445372e-7
37,7,3.63090487987e-8,8.15255330827e-8
37,8,-1.47534877112e-7,-7.45902789063e-9
37,9,7.75297246543e-8,5.59157600951e-8
37,10,-6.9924057867e-8,1.39829077323e-7
37,11,8.77049204389e-8,-4.62371457355e-9
37,12,7.64595386468e-8,7.74914572566e-8
37,13,-1.3392398983e-9,2.91203108238e-8
37,14,3.03281164895e-8,-7.08715760096e-8
37,15,3.70940987892e-8,-1.356905997e-8
37,16,-4.05444492172e-8,-2.35528210099e-8
37,17,1.93128876564e-8,2.01869739461e-8
37,18,-6.32380174724e-8,-3.93088874057e-9
37,19,3.37303262694e-8,-1.91848908125e-8
37,20,-1.96829812978e-8,1.04416411334e-7
37,21,-2.17165056028e-8,-7.6620110436e-8
37,22,6.25586552117e-8,1.09433498206e-7
37,23,-4.8031278446e-8,-8.69256728946e-8
37,24,1.04676817103e-8,-1.08241655887e-8
37,25,-2.43545602539e-8,2.23567408674e-8
37,26,1.93788144886e-8,-4.16192330857e-8
37,27,1.26955997355e-7,2.97177189485e-8
37,28,-6.3499638555e-8,4.31575553487e-8
37,29,9.35151109262e-8,-5.51247794194e-8
37,30,-1.19217642336e-7,1.2608383482e-7
37,31,6.56662734014e-8,-9.73240196885e-8
37,32,-9.91240782875e-8,1.11875223486e-7
37,33,3.60629429301e-8,-1.76795059378e-7
37,34,-6.65659299092e-8,3.15373266753e-8
37,35,1.39033442787e-7,-3.47605873848e-9
37,36,-2.63647615958e-7,3.48679870001e-8
37,37,-1.88488009146e-8,1.19088151134e-7
38,0,-1.01627936744e-7,0.0
38,1,-1.04180053389e-8,-5.47347825594e-8
38,2,-4.76234573871e-8,1.42033456975e-7
38,3,-3.4011195993e-8,-5.36900106208e-8
38,4,9.23791896488e-8,1.26800312134e-7
38,5,-1.12073052356e-7,-8.73692632137e-9
38,6,9.77545172962e-8,-1.37081922151e-8
38,7,-5.00709084979e-8,8.65414836347e-8
38,8,2.53527170187e-8,-2.08239703016e-8
38,9,4.82114431823e-8,7.22867685959e-8
38,10,2.47590276893e-8,-1.44166130329e-8
38,11,5.40135192867e-8,-3.37585658047e-8
38,12,1.92099712667e-8,-5.36012175186e-9
38,13,1.80888946595e-8,-2.74485223054e-8
38,14,1.5085555673e-8,-1.79738552732e-8
38,15,-4.69429455503e-8,-2.69267158879e-8
38,16,2.28554201119e-8,1.14507776004e-8
38,17,1.12247430523e-8,6.02419970788e-8
38,18,-2.76798120968e-9,-2.96716872269e-8
38,19,6.47157820593e-8,7.31644347077e-10
38,20,-1.35412720926e-8,-1.28088648683e-8
38,21,1.91735398633e-8,-1.40520415263e-8
38,22,6.17967904451e-9,-2.82961005435e-8
38,23,-6.29105127331e-8,-3.85438422347e-8
38,24,1.18345028774e-8,4.48120955855e-8
38,25,-6.59553657235e-8,2.06636607367e-8
38,26,6.73963049438e-8,-8.19708492112e-8
38,27,8.26343135622e-10,2.71801991274e-8
38,28,1.42605816387e-8,-9.13069270859e-8
38,29,6.59613263509e-8,1.28769296319e-7
38,30,-1.74886858254e-7,-4.44945672485e-8
38,31,1.62734682672e-7,3.20811481705e-8
38,32,-1.91954519195e-7,1.44424046565e-8
38,33,1.61926092193e-7,-8.65929283912e-8
38,34,-3.41207198516e-8,2.5683506282e-8
38,35,1.08984079023e-7,5.88107403607e-8
38,36,-1.39408992733e-7,-9.92096638785e-8
38,37,1.54981784944e-7,3.39944901872e-7
38,38,1.77347355638e-7,1.28444203354e-8
39,0,-4.11241523485e-8,0.0
39,1,9.7257291113e-8,1.10468007034e-7
39,2,-5.34527238977e-8,1.69491704223e-8
39,3,1.38799695349e-7,-1.1748799024e-8
39,4,-2.3686239806e-8,7.24688168017e-8
39,5,3.88587993592e-8,-1.0668440826e-7
39,6,5.06485095798e-8,7.26704573318e-8
39,7,-5.73870128877e-8,-3.29791375702e-8
39,8,1.27163864951e-7,1.69798699664e-9
39,9,-3.15023038683e-8,2.96030653176e-9
39,10,3.32953431561e-8,-8.76037290826e-8
39,11,4.35572652088e-9,5.75127907097e-9
39,12,-1.13057568081e-8,-4.62242150388e-8
39,13,-5.56780840526e-11,-3.15683559479e-8
39,14,-3.36833807317e-8,-8.76340493518e-9
39,15,-6.67827731475e-8,-5.27494428809e-10
39,16,5.47265440404e-8,4.3536061294e-8
39,17,-9.20810203637e-9,9.05902648196e-9
39,18,4.32631777227e-8,-3.36804614179e-8
39,19,-6.36941489513e-8,-1.42204862752e-8
39,20,1.880856566e-9,-7.46062971245e-8
39,21,-5.87311784291e-9,2.98451371707e-8
39,22,-8.31499697198e-8,-7.06676290712e-8
39,23,-1.21120975302e-8,5.52273572246e-8
39,24,-8.19739239209e-9,3.73061175582e-8
39,25,3.97195682752e-8,8.96974368405e-9
39,26,2.7291352974e-8,7.63019986651e-9
39,27,-4.12775812261e-8,-3.03840079082e-8
39,28,8.20086435039e-8,-2.94452391141e-8
39,29,-4.70826515698e-8,7.15147591018e-8
39,30,3.73792970079e-8,-1.09813897128e-7
39,31,2.25722834703e-8,1.20745269117e-7
39,32,-7.30957639798e-8,-1.54670839312e-7
39,33,1.28152655888e-7,9.52490146596e-8
39,34,-6.54458754648e-8,-1.26536854463e-7
39,35,6.36249816901e-9,5.23668854811e-8
39,36,-3.49210756191e-8,-9.71623891758e-8
39,37,1.14627736557e-8,2.09298564911e-7
39,38,9.72093655914e-8,-2.51476447338e-7
39,39,-5.14419355165e-9,-2.40972380157e-7
40,0,8.38452765079e-8,0.0
40,1,2.50274945464e-8,3.7711493828e-8
40,2,3.86998948406e-8,-1.40542192027e-7
40,3,6.99109237105e-8,3.78756222386e-8
40,4,-9.45718377425e-8,-6.19848862477e-8
40,5,7.67647797399e-8,-6.9008361368e-9
40,6,-6.69153444288e-8,2.76414894633e-8
40,7,2.11324081823e-8,-6.1322404474e-8
40,8,-1.00514615299e-8,1.94294062941e-8
40,9,-1.78753170888e-8,-5.39164232031e-8
40,10,-8.12527723734e-9,1.37962958007e-9
40,11,-3.41294453195e-8,-2.75330007909e-8
40,12,-1.28311735973e-8,4.84603306444e-9
40,13,-1.97441087166e-8,-7.05196695595e-9
40,14,2.69808785894e-9,3.74082082076e-9
40,15,-2.78580282664e-8,-8.99777115103e-9
40,16,2.50831286379e-8,-1.71750456445e-8
40,17,-1.95041944419e-8,-9.3650856665e-9
40,18,1.46232172124e-8,-8.69688367154e-9
40,19,-5.094642145e-8,2.98764296498e-8
40,20,-2.6869365621e-10,5.47369627861e-9
40,21,-2.80219212184e-8,2.70595260402e-8
40,22,5.01351719707e-10,2.71360885134e-8
40,23,3.51088941146e-8,4.32738331193e-8
40,24,1.00294816122e-8,-1.45965150664e-8
40,25,6.24659912028e-8,-8.62672380669e-9
40,26,2.27775191022e-8,4.511355869e-8
40,27,-2.94475751854e-9,-2.23333918063e-8
40,28,2.91014058239e-8,4.42476749826e-8
40,29,-6.61175975454e-8,-1.85076323979e-8
40,30,9.64544975999e-8,-2.13893882324e-8
40,31,-9.69664303146e-8,2.55343101914e-9
40,32,7.55816598316e-8,-9.44678298934e-8
40,33,-6.43829151689e-8,1.17095555806e-7
40,34,6.03671920061e-8,-1.2935955626e-7
40,35,-3.61763904489e-8,1.17029860485e-7
40,36,2.45698259179e-8,-6.89164587127e-8
40,37,2.2288897979e-8,1.4535935839e-7
40,38,6.76770129424e-8,-9.19619527478e-8
40,39,-1.35952644743e-7,2.17565582224e-8
40,40,-2.16332039882e-8,1.59932510098e-8
41,0,3.32760239974e-8,0.0
41,1,-6.39997389006e-8,-8.56436869881e-8
41,2,1.76406377825e-8,-3.57541184689e-8
41,3,-6.4288536839e-8,2.83669747782e-8
41,4,-5.09637109381e-9,-5.81045091539e-8
41,5,-1.94708990476e-9,8.28360935135e-8
41,6,-6.26186555679e-8,-2.74741274357e-8
41,7,4.20364966365e-8,1.81288359596e-8
41,8,-4.87553625019e-8,8.2055616736e-10
41,9,1.54192210514e-8,-1.06935948991e-8
41,10,-4.53722546452e-9,-5.06759738572e-9
41,11,-1.6609376963e-8,5.1934858667e-9
41,12,-1.45013548885e-8,4.27182849824e-9
41,13,2.72510910741e-8,-1.72305035691e-8
41,14,2.65082866404e-10,3.60069189825e-8
41,15,2.30807775181e-8,-9.35758069842e-9
41,16,-2.22342025177e-8,-1.87268999194e-8
41,17,4.57786075028e-9,-2.67249649123e-8
41,18,-1.35828085388e-8,3.55264956142e-8
41,19,2.14141470067e-8,3.92576934187e-9
41,20,8.8862305109e-9,3.70284099104e-8
41,21,1.5427705791e-8,2.70909182178e-9
41,22,2.8265045276e-8,8.56904219285e-9
41,23,2.1230466939e-8,-2.74963096656e-8
41,24,1.73812033497e-8,-3.89130450089e-8
41,25,-6.65733799191e-9,-3.48501757223e-8
41,26,1.65811947543e-8,-3.00407467856e-8
41,27,3.13910553976e-8,3.1037485474e-8
41,28,-2.35363474825e-8,4.17389481036e-8
41,29,2.2538393927e-8,-1.77975106301e-8
41,30,2.00007875979e-9,5.57390082322e-8
41,31,-8.26563973611e-8,-5.17149916109e-8
41,32,7.52431414137e-8,6.3406204473e-8
41,33,-7.9147575789e-8,-4.50859701444e-9
41,34,1.50598414501e-7,-1.32362013852e-8
41,35,-9.00348640389e-8,6.0278922443e-8
41,36,1.18286570038e-7,-6.17036591402e-8
41,37,-3.6224723287e-8,1.14988382919e-7
41,38,5.25472969045e-9,-6.95908238484e-8
41,39,-7.87776345143e-8,6.15255690783e-8
41,40,1.25207846921e-7,1.30142466573e-7
41,41,1.68702568712e-7,2.47317410177e-8
42,0,-5.64327325392e-8,0.0
42,1,-2.12229746495e-8,-4.0782779821e-8
42,2,-2.12936668847e-8,7.44224967159e-8
42,3,-5.85867147064e-8,-1.64491788946e-8
42,4,6.89571291733e-8,3.35698917561e-8
42,5,-3.11411949988e-8,1.29259999221e-8
42,6,4.79031444602e-8,-4.15563130926e-8
42,7,-1.71355174891e-8,2.03849319756e-8
42,8,7.89234923057e-9,-3.88115551628e-8
42,9,-4.60081944386e-9,2.82140679676e-8
42,10,-2.03476828638e-8,-3.39933172268e-8
42,11,7.48285169146e-9,4.6838685586e-8
42,12,-1.68943126683e-8,-1.99321658554e-8
42,13,6.6018387449e-9,2.02109016626e-8
42,14,-4.11506191575e-8,-7.9286225255e-9
42,15,3.44336152255e-8,4.21621559701e-8
42,16,-7.36754186192e-8,3.65832689086e-9
42,17,1.46978533688e-8,-4.94537620075e-9
42,18,1.2455760227e-8,3.39829840707e-8
42,19,1.73829558607e-8,-3.49344532129e-8
42,20,4.04595264107e-9,1.59126267311e-10
42,21,3.12968067022e-8,-2.71541480016e-8
42,22,-3.01150331045e-8,7.08911726273e-9
42,23,2.12089595663e-9,-4.80983790654e-8
42,24,-2.68459368822e-8,-1.20997381994e-8
42,25,-3.81066108601e-8,-2.66336841359e-8
42,26,-2.94781582683e-8,-4.32363462127e-9
42,27,1.44976560856e-8,9.75954092126e-9
42,28,-5.07888330819e-9,2.51974046622e-8
42,29,3.75600111029e-8,1.48575061068e-8
42,30,-6.78436617681e-8,2.0946195388e-8
42,31,4.52059098041e-8,8.18733425912e-9
42,32,-2.98020391873e-8,6.20357836706e-8
42,33,5.12433283852e-8,-9.09887528282e-8
42,34,4.88949021924e-8,4.61083060749e-8
42,35,-5.73714124331e-8,-7.65992001649e-8
42,36,8.77511775179e-8,2.87653392919e-8
42,37,-1.22501631535e-7,2.82383386515e-8
42,38,9.70295652507e-9,-6.74644987863e-8
42,39,-4.35257847171e-8,8.82531294135e-8
42,40,3.13408347172e-8,5.07426916499e-8
42,41,6.30634169325e-8,-1.2177968873e-7
42,42,5.13972277409e-8,-1.14062277421e-7
43,0,-3.83110894648e-8,0.0
43,1,1.8138425691e-8,6.17154795813e-8
43,2,-2.17282478893e-8,5.97994991407e-8
43,3,4.24748212299e-8,-2.56710329575e-8
43,4,1.09031505155e-8,1.8927946146e-8
43,5,-1.89187166492e-8,-5.11007408564e-8
43,6,1.95689987524e-8,5.80742520047e-10
43,7,-2.62721904723e-8,-1.04193613288e-8
43,8,-1.96125204257e-8,2.09906178716e-8
43,9,-1.17526087885e-8,5.30042519511e-9
43,10,1.98798487029e-8,2.97996869056e-8
43,11,-3.74147074569e-8,-7.62704615095e-9
43,12,1.69767521026e-8,1.66070163282e-9
43,13,-3.9731814914e-8,5.11608063447e-8
43,14,1.64300143535e-8,-1.9915744609e-8
43,15,3.08076885519e-8,3.97963672466e-8
43,16,-3.46406300374e-8,-2.25130676264e-8
43,17,1.65185391923e-8,1.39100288036e-8
43,18,-1.30825323516e-8,-2.89764121092e-8
43,19,3.34744422096e-8,-1.64737289883e-9
43,20,-2.23033614272e-8,2.28302953112e-9
43,21,-5.718496651e-9,-2.23637307416e-8
43,22,-1.41528157805e-9,3.79964280377e-8
43,23,-6.1071074203e-9,-9.65948858929e-9
43,24,-3.25581034942e-8,2.95232589812e-8
43,25,-2.09631041495e-8,2.27467323583e-8
43,26,-5.16930512749e-9,3.84976494029e-8
43,27,-8.49574246841e-9,1.50798920831e-8
43,28,2.82457020448e-8,-2.82439540139e-8
43,29,-4.21224232214e-9,2.73753117286e-8
43,30,-4.38776596011e-8,-1.78987042221e-8
43,31,6.00990651801e-8,3.65133572981e-8
43,32,-3.97924884396e-8,-2.63876514398e-8
43,33,8.32260219613e-8,-1.84982271496e-8
43,34,-1.01577617008e-7,-4.44068311321e-9
43,35,2.62946010031e-8,-5.57906579104e-8
43,36,-3.57174160476e-8,1.1109159784e-7
43,37,-9.18472067565e-8,-1.04729421641e-8
43,38,4.9529124062e-8,7.24674680508e-8
43,39,-5.78801894336e-8,6.7350569303e-8
43,40,7.69913705078e-8,2.09985397726e-9
43,41,-2.357537452e-8,-2.7126870732e-8
43,42,-4.25290749899e-8,4.50425637078e-8
43,43,-1.34343701579e-7,3.84733531637e-8
44,0,2.97436536507e-8,0.0
44,1,2.96239663486e-8,5.30439755509e-8
44,2,1.72860381563e-8,-1.40730999714e-8
44,3,2.9081912573e-8,-2.17474448266e-8
44,4,-3.45835825004e-8,-7.31004426364e-9
44,5,-1.62922053285e-8,-2.35885781493e-8
44,6,-2.88360630889e-8,1.03139398479e-8
44,7,-5.48105792084e-10,2.61627866587e-9
44,8,-1.76407791326e-8,4.01631714494e-8
44,9,1.94771052596e-8,-1.31744015408e-8
44,10,6.34333900198e-9,5.14599492301e-8
44,11,9.62319270441e-9,-1.939351675e-8
44,12,1.84901668239e-8,4.38430415931e-8
44,13,-1.29962925297e-8,-2.43092706493e-8
44,14,6.48160449008e-8,2.5137834962e-8
44,15,-2.00609547379e-8,-2.64477787244e-8
44,16,4.67431742041e-8,-9.53021725872e-9
44,17,-2.4161158055e-8,6.44313506799e-9
44,18,-1.04106991784e-8,-3.06679651729e-8
44,19,3.20203826101e-9,-1.48704574692e-9
44,20,-9.41838658506e-9,-8.47972644402e-9
44,21,-1.69062353117e-8,3.0754714358e-8
44,22,3.4356048008e-8,-2.83721575139e-8
44,23,-1.97856704431e-8,1.94745865004e-8
44,24,5.27300124208e-9,1.03226893961e-8
44,25,2.17843673357e-8,3.51907203637e-8
44,26,3.0852679224e-8,7.5296458873e-9
44,27,1.18305101901e-8,2.07486497392e-8
44,28,1.10509354232e-9,-2.1645332331e-8
44,29,-2.96531426738e-8,-2.60013333142e-9
44,30,1.1936522674e-8,-1.54266435141e-8
44,31,-1.68163474109e-8,1.04995408109e-8
44,32,1.55016537573e-8,-5.08879688271e-8
44,33,6.28837325052e-9,3.20281174218e-8
44,34,-5.17708931752e-8,-1.61143380131e-8
44,35,3.28961112139e-9,4.8339132435e-8
44,36,-4.68171388286e-8,5.6263373582e-8
44,37,1.9740309727e-8,2.13634643747e-8
44,38,-4.45429651097e-9,5.86440083612e-8
44,39,1.00380677593e-8,-3.24109717095e-8
44,40,7.07545597543e-8,3.1450105993e-8
44,41,-6.4624907276e-8,-6.94618795191e-8
44,42,4.73194465541e-8,7.38751151041e-8
44,43,1.38023380599e-8,2.82337486755e-8
44,44,5.03176665989e-8,1.53938282672e-7
45,0,3.53213024282e-8,0.0
45,1,-2.55858728952e-8,-3.23062068566e-8
45,2,5.97131616225e-9,-3.90221049287e-8
45,3,-2.91530532504e-8,1.6026519497e-8
45,4,-8.26456373704e-9,4.60558913105e-9
45,5,2.24612302295e-9,1.77424982334e-8
45,6,1.9123978298e-8,2.37005231686e-8
45,7,1.55621554323e-8,2.84308598656e-8
45,8,2.42747305597e-8,-2.61099500145e-8
45,9,2.01247757417e-8,1.19355024378e-8
45,10,-3.53662937772e-8,-2.33306348701e-8
45,11,6.42006709993e-8,-1.90401371063e-8
45,12,-2.09682319194e-8,2.50503280493e-8
45,13,2.80283123228e-8,-5.38086563702e-8
45,14,-1.99256582456e-9,1.58092866067e-8
45,15,-3.05575923294e-8,-6.60890612685e-8
45,16,4.62619839153e-8,3.13346117627e-8
45,17,-4.90504259497e-8,-6.38669741655e-9
45,18,2.9973414526e-8,1.33521643447e-8
45,19,-6.76513967794e-8,7.44662855366e-9
45,20,1.98327020433e-8,-8.46356384089e-9
45,21,6.12970406067e-9,2.92662661652e-8
45,22,3.20207482759e-9,-3.59039856808e-8
45,23,-3.46754348583e-9,2.77048311391e-8
45,24,2.54848232723e-8,-1.31731406219e-8
45,25,3.02937360078e-8,-8.13140959439e-9
45,26,4.92198292484e-9,-2.18707597207e-8
45,27,1.07030085725e-8,-2.58293895255e-8
45,28,-1.4896676473e-8,1.54845150981e-8
45,29,-2.65731066254e-8,2.76050489443e-9
45,30,6.72067183012e-9,3.59613635295e-9
45,31,-3.42824965166e-8,9.33782579106e-9
45,32,2.17638038403e-8,-2.92369760763e-8
45,33,-2.73785892479e-8,1.95143743559e-8
45,34,3.35649549845e-8,1.16546947065e-8
45,35,-2.03024033077e-8,3.52588160783e-8
45,36,1.87171394092e-8,1.93935663015e-9
45,37,6.17820761363e-9,2.58079824367e-8
45,38,-1.84267205909e-8,-2.03132478388e-8
45,39,3.63796427303e-9,-3.13117433421e-8
45,40,-4.93072714425e-8,4.61947574261e-8
45,41,-2.15643063547e-8,-8.42421651678e-8
45,42,-6.9567088883e-9,1.27737184916e-7
45,43,-2.75738365711e-8,-9.19804214484e-8
45,44,-8.51426636659e-9,2.73159754941e-8
45,45,8.07329136365e-8,-8.8783725361e-8
46,0,-1.19490799001e-8,0.0
46,1,-8.40705161481e-9,-3.90584539297e-8
46,2,8.36130223588e-9,-3.37139822795e-9
46,3,-7.26844224079e-9,4.56275593533e-9
46,4,-1.59938483695e-9,5.73144042992e-9
46,5,1.54997885256e-8,2.12057531769e-8
46,6,7.38262029716e-9,4.94775877082e-9
46,7,1.18814743109e-8,-9.66961181478e-9
46,8,8.67298310072e-9,-4.36797980844e-9
46,9,-1.72414738183e-8,-5.88204246984e-9
46,10,1.39056200697e-8,-2.83583463668e-8
46,11,2.45241023077e-9,1.13074639081e-8
46,12,-8.62975638273e-9,-4.51204924098e-8
46,13,2.69199786693e-8,1.01702310702e-8
46,14,-4.95129733852e-8,-8.0850381514e-9
46,15,1.21641406506e-8,-1.39195513225e-8
46,16,-7.20857195508e-9,3.03875255902e-8
46,17,1.63311162488e-8,-8.76784946719e-9
46,18,-2.13525049345e-9,1.95572507427e-8
46,19,-1.60319260123e-9,1.73261460961e-8
46,20,1.52529966924e-8,1.6286973703e-8
46,21,-6.90802041789e-9,-1.92663389756e-8
46,22,-4.98510150931e-9,1.98747427832e-9
46,23,1.50959584082e-8,9.9214309941e-9
46,24,7.60130642532e-9,-1.05719696759e-8
46,25,3.21553989594e-9,-1.72992496362e-8
46,26,-8.23139772539e-9,-3.84720668316e-9
46,27,-2.16607535258e-8,-1.76399032366e-8
46,28,-1.72196835597e-8,8.84504194319e-9
46,29,3.3833913604e-9,7.55020862366e-9
46,30,-4.78279577128e-9,2.41606355361e-9
46,31,-6.1058805331e-9,1.29984467633e-8
46,32,2.26630110694e-10,-1.96922305939e-9
46,33,1.32431408197e-9,-1.48042190965e-9
46,34,3.64481228028e-8,9.72289902247e-9
46,35,5.53775205396e-9,-1.60539611934e-8
46,36,7.09327602633e-9,5.92529295209e-9
46,37,-2.69628604796e-8,-2.51520222525e-8
46,38,-3.58286705793e-8,-1.36413020379e-8
46,39,-1.590437704e-8,6.59054708048e-9
46,40,-7.15959083848e-8,2.06308993298e-8
46,41,1.3640340628e-8,-6.04537265487e-9
46,42,-9.41851364016e-8,7.46936166745e-8
46,43,2.90376843697e-8,-6.70780282876e-8
46,44,-1.00746320308e-7,7.53879364383e-8
46,45,4.25923808558e-9,6.88229177532e-9
46,46,-1.19918936135e-7,-1.37497259437e-8
47,0,-1.69071830029e-8,0.0
47,1,-1.75093096751e-8,-5.7342917836e-9
47,2,1.01454708973e-10,3.24458333753e-9
47,3,-6.20741485903e-9,1.43861187949e-8
47,4,2.43937601672e-8,7.23655287136e-9
47,5,2.76026470375e-8,-8.84346024037e-10
47,6,-1.06200004737e-8,-1.04324367595e-8
47,7,-6.84174195344e-9,-3.46693951242e-8
47,8,5.02783385677e-9,7.75831659375e-9
47,9,-3.5769515426e-8,-2.8116117279e-8
47,10,2.8274677572e-8,1.0838721599e-8
47,11,-4.65023744281e-8,2.19876499202e-8
47,12,1.95656276502e-8,-3.35968076161e-8
47,13,-1.92661293049e-8,3.56335976187e-8
47,14,-5.39687333021e-9,-2.30644495599e-8
47,15,3.08785372768e-9,5.14941486308e-8
47,16,-1.59962389976e-8,-2.47873748608e-8
47,17,4.7566537239e-8,1.9772989862e-9
47,18,-3.14934618695e-8,7.40362206568e-9
47,19,4.4394382396e-8,-2.51519469413e-8
47,20,-8.41419847088e-9,2.52880973535e-9
47,21,-5.19318599382e-9,-1.64947172045e-8
47,22,-1.62731662994e-8,2.25288621635e-9
47,23,1.12951397202e-8,-2.99786422425e-8
47,24,-1.04045236244e-8,-3.19488730762e-9
47,25,-9.73256127225e-9,-1.585413439e-8
47,26,-1.22164503799e-9,4.9148627175e-9
47,27,-5.43535150692e-9,2.02790454554e-8
47,28,-4.63435512231e-9,1.4114513577e-8
47,29,1.8402031162e-8,-3.32924186725e-9
47,30,1.26636049137e-8,-5.46436773708e-9
47,31,2.67475607094e-8,-1.24844537345e-8
47,32,-1.51736873421e-8,8.71353563089e-9
47,33,1.6093165305e-8,8.52233370157e-9
47,34,-7.35825164664e-9,-1.30313471031e-8
47,35,2.76094694491e-8,-3.00957836199e-8
47,36,-4.32959586848e-8,1.50723785719e-8
47,37,-1.41164631608e-8,-2.25439821482e-8
47,38,-2.18811730309e-8,2.21642122959e-8
47,39,-1.63891121264e-8,6.21605556579e-9
47,40,-2.30259584518e-8,2.07517815917e-8
47,41,2.198172068e-8,2.92234503117e-8
47,42,-4.21449781396e-8,-2.21569288914e-8
47,43,6.89368017108e-8,-7.74840238348e-9
47,44,-8.21396210551e-8,-1.32598531644e-8
47,45,6.81960314902e-8,1.09885030987e-8
47,46,-4.57378653794e-9,-2.81463239245e-8
47,47,3.21487217789e-8,9.2611325762e-8
48,0,-1.48809772801e-9,0.0
48,1,9.62878354939e-9,-1.61131407646e-8
48,2,4.20404319076e-10,-2.75155476967e-9
48,3,1.39967780711e-8,-3.48314130014e-9
48,4,8.46415696733e-9,-1.54122679845e-8
48,5,2.80114869778e-10,4.12007749684e-9
48,6,-1.58938136671e-8,-1.32139835779e-8
48,7,3.92964952877e-9,2.1007440893e-8
48,8,-2.60614059887e-8,-6.65960179089e-9
48,9,1.08043734627e-8,4.08824042569e-11
48,10,-1.08411508283e-8,2.0948480956e-8
48,11,-1.32645070593e-8,-2.64227480206e-8
48,12,2.17499700152e-8,2.53556063529e-8
48,13,-4.33811152695e-8,-3.21784075302e-9
48,14,2.22867851112e-8,-1.87457640026e-8
48,15,-1.86198178773e-8,3.95199708184e-8
48,16,7.00265628247e-9,-4.53885289932e-8
48,17,1.63261947105e-10,1.04491345607e-8
48,18,5.18579487636e-9,-1.40562344813e-8
48,19,3.21818141051e-9,1.49545679899e-9
48,20,-2.59556191142e-8,-1.13973737907e-8
48,21,2.05551528959e-8,7.61600003789e-9
48,22,-2.75473325882e-8,2.27121897262e-8
48,23,7.40049105478e-9,-1.49736628011e-8
48,24,-1.72840366405e-8,8.22003366273e-9
48,25,-2.72269928783e-9,-8.59858062414e-9
48,26,-2.0734905706e-9,3.6331753792e-9
48,27,7.68428445005e-9,7.13002534165e-9
48,28,1.64088966274e-8,1.38113960425e-8
48,29,1.14228881247e-9,-4.98094481792e-9
48,30,-2.5116256006e-9,-1.78638350163e-8
48,31,9.15965765256e-9,-1.37750492759e-8
48,32,-1.44156260499e-8,4.54870095905e-9
48,33,1.33106080583e-8,1.06766276469e-8
48,34,-2.49096634381e-8,5.12025447322e-9
48,35,9.0302110674e-10,-1.18542158178e-8
48,36,-3.92571973994e-8,4.89788984245e-9
48,37,8.68260593189e-9,1.97451631164e-8
48,38,-1.46605561885e-8,7.29823703836e-9
48,39,2.44383368949e-8,2.30392691489e-8
48,40,-1.58097058404e-8,-1.44105800703e-8
48,41,4.07147721044e-9,1.26045273677e-8
48,42,-1.38002522965e-8,-3.51827843673e-8
48,43,1.85246202208e-9,1.17674239567e-8
48,44,-3.032677811e-8,-6.84257231998e-8
48,45,1.95498413201e-10,5.09137333494e-8
48,46,-3.438259312e-8,-9.78056947438e-8
48,47,-1.14593606207e-8,5.58723126536e-8
48,48,1.05239003076e-7,-5.15147983874e-8
49,0,-6.54895835191e-9,0.0
49,1,8.90767072449e-10,7.85688977077e-9
49,2,-9.27347345815e-9,6.24264091062e-9
49,3,-6.00642775599e-9,-1.87929903054e-8
49,4,-7.33039233111e-9,7.70107073255e-9
49,5,-2.48941758034e-8,-1.85602824714e-9
49,6,-1.84939439011e-9,-6.44634775233e-9
49,7,-5.12329663944e-9,2.3958341099e-8
49,8,-1.58813043881e-8,-7.83981475938e-9
49,9,2.77009748448e-8,1.14366706621e-8
49,10,-1.53721583914e-8,4.41665452654e-9
49,11,1.15825481024e-8,-6.48420580579e-9
49,12,-9.24140888036e-9,1.64502062932e-8
49,13,5.88096232111e-9,-1.46714937926e-8
49,14,2.70482776226e-9,2.24430931409e-8
49,15,-9.09142134863e-11,-1.06216175236e-8
49,16,-8.98449108551e-9,6.90979364292e-9
49,17,-1.99185392155e-8,2.2371947155e-9
49,18,1.3898366719e-8,-1.27089430086e-8
49,19,-1.49469276176e-9,2.61557889487e-8
49,20,-7.6137831524e-10,4.27816490474e-9
49,21,-4.72437967953e-9,8.28424704302e-9
49,22,1.99287421632e-8,1.2955182905e-8
49,23,-4.88824228885e-9,7.77162390973e-9
49,24,8.49728974474e-10,2.46048639866e-9
49,25,-7.78702995964e-9,1.27449262319e-8
49,26,3.72736874804e-9,-2.04180143648e-9
49,27,-7.44370844045e-9,8.77819498787e-9
49,28,1.82158221311e-8,-1.98989300085e-8
49,29,-1.36360378084e-8,-5.42520164295e-9
49,30,-1.41658883676e-8,-2.12147758404e-8
49,31,-2.87463487799e-8,1.27294398078e-8
49,32,8.37045602151e-9,6.20674117466e-9
49,33,9.98051966027e-9,3.57992316744e-9
49,34,1.07025917638e-8,5.50319619203e-9
49,35,-1.86244707327e-8,1.57278390947e-8
49,36,-5.89076098416e-9,8.05269824163e-9
49,37,1.2335806838e-8,2.381064809e-8
49,38,8.43824653297e-9,-2.03995020541e-8
49,39,-8.45547943243e-9,1.62135890883e-8
49,40,-1.49957070044e-8,-2.66093361806e-8
49,41,-1.46999924233e-8,9.86344541248e-9
49,42,-3.84813597143e-9,-1.71962588238e-8
49,43,-2.32540804853e-8,7.10961784133e-9
49,44,1.74492349484e-8,-3.58514991249e-8
49,45,-3.90649858513e-8,2.4718079097e-8
49,46,3.01359022811e-8,-5.50807270821e-8
49,47,-4.18677806307e-8,6.40841482442e-8
49,48,2.36660293171e-8,4.67384346853e-8
49,49,-3.78777760042e-8,-3.45483058119e-8
50,0,1.44664459485e-8,0.0
50,1,-7.8728532901e-9,9.89140285882e-9
50,2,-1.35899577076e-9,-5.94060750389e-9
50,3,1.20415545669e-8,5.85344421435e-10
50,4,-4.89728264542e-9,1.0467838954e-8
50,5,1.77906727691e-10,-8.24298508243e-9
50,6,2.58993966019e-8,2.37039635302e-8
50,7,-2.03301796205e-8,-4.04705374883e-9
50,8,4.34401047099e-8,-7.66126326387e-9
50,9,-9.24182639168e-9,1.95345884513e-8
50,10,3.03160864952e-9,-2.95642234914e-8
50,11,1.34055099418e-8,2.38943037428e-8
50,12,-3.11336117308e-8,-7.41172527017e-9
50,13,3.11055540481e-8,-1.56430019664e-9
50,14,-1.25316124307e-8,1.76655127009e-8
50,15,2.23864638486e-8,-2.37260132949e-8
50,16,-1.67149922336e-8,3.1276002739e-8
50,17,-5.22491668384e-9,-2.02445539944e-8
50,18,4.68288824408e-10,2.45513192267e-8
50,19,-8.6036997947e-9,-1.94357385094e-8
50,20,2.45035476826e-8,-9.63709230779e-11
50,21,-2.2454654925e-8,7.51059292039e-9
50,22,3.3223196553e-8,-2.38023222874e-8
50,23,-2.49627481371e-8,4.0756754005e-9
50,24,1.0177948635e-8,-8.99891292531e-9
50,25,-3.98449897069e-10,1.05696428942e-8
50,26,7.83193091491e-9,-9.25974962416e-9
50,27,8.47841869378e-9,-7.17144965247e-9
50,28,-1.71519999466e-8,-1.46686971999e-8
50,29,-1.24435913027e-8,5.12052217289e-9
50,30,-9.61231470704e-11,3.52228526794e-9
50,31,-1.71026418146e-8,1.85842185142e-8
50,32,2.0529186625e-8,-8.03175734166e-9
50,33,-7.84261785374e-10,1.92411293288e-9
50,34,1.43916093704e-8,-1.43951230729e-8
50,35,5.14051030081e-9,6.73505388735e-9
50,36,-6.61261991788e-9,-4.13427104282e-9
50,37,2.69950158839e-9,-1.02371745167e-9
50,38,1.146375014e-8,-1.7704560855e-8
50,39,-2.27240322201e-8,-2.76104380417e-9
50,40,-4.87250964253e-9,-1.11737702858e-8
50,41,-2.12264862598e-8,7.94420701636e-9
50,42,1.85882047916e-8,-5.43849267563e-9
50,43,-2.41064333948e-8,-5.98992674519e-9
50,44,2.52988497206e-8,-3.6412589231e-9
50,45,-3.64323425315e-8,-1.53391934089e-8
50,46,4.38040640109e-8,9.80645414486e-9
50,47,-4.78961508495e-8,2.56312327749e-8
50,48,2.35574825156e-8,2.75766753646e-8
50,49,-1.07190301986e-8,-1.4532804295e-8
50,50,-4.4952447369e-8,8.89533681887e-8
