ElapsedTime_s,Height_km,Latitude_deg,LongitudeE_deg,TotalRadius_km,LatitudeRadius_km,Gravity_ms2,Temperature_K,Pressure_Pa,Density_kgm3,PressureScaleHeight_km,DensityScaleHeight_km,SpeedOfSound_ms,PressureAtSurface_Pa,SigmaLevel,PressureAltitude_km,ReferenceTemperature_K,ReferencePressure_Pa,ReferenceDensity_kgm3,ProfileWeight,LowDensity_kgm3,HighDensity_kgm3,PerturbedDensity_kgm3,DensityPerturbation_pct,DensityStandardDeviation_pct,PerturbedSpeedOfSound_ms,RelativeStepSize,DensityDeviation_pct,LowDensityDeviation_pct,HighDensityDeviation_pct,PerturbedDensityDeviation_pct,EWWind_ms,NSWind_ms,EWWindPerturbation_ms,NSWindPerturbation_ms,PerturbedEWWind_ms,PerturbedNSWind_ms,EWStandardDeviation_ms,NSStandardDeviation_ms,LongitudeOfTheSun,SubsolarLatitude_deg,SubsolarLongitudeE_deg,LocalSolarTime_hr,SolarZenithAngle_deg,OneWayLightTime_min,OrbitalRadius_AU,SecondsPerSol,TotalNumberDensity_m3,SpecificGasConstant_JkgK,SpecificHeatRatio,AverageMolecularWeight,CompressibilityFactor,CO2nd_m3,CO2mass_pct,CO2mole_pct,CO2amw,COnd_m3,COmass_pct,COmole_pct,COamw,N2nd_m3,N2mass_pct,N2mole_pct,N2amw,Hend_m3,Hemass_pct,Hemole_pct,Heamw,Hnd_m3,Hmass_pct,Hmole_pct,Hamw,Nnd_m3,Nmass_pct,Nmole_pct,Namw,Ond_m3,Omass_pct,Omole_pct,Oamw,HeightAboveSurface_km,SurfaceHeight_km
10.0,500.000,25.00,25.00,6551.800,6051.800,7.568,243.9,1.077e-09,7.751e-16,183.531,119.633,1521.5,9.209e+06,0.000,6732.876,230.0,1.339e-09,9.562e-16,0.0,6.740e-16,8.914e-16,8.234e-16,6.2,14.02,1476.2,0.04,-18.9,-29.5,-6.8,-13.9,233.1,14.6,-19.9,-2.2,213.1,12.5,25.0,12.5,262.53,-2.62,303.41,6.56,83.51,5.86,0.72,10087200.0,3.1973e+11,5.695e+03,1.667e+00,1.460,1.0000,1.0000e-09,0.00,0.00,44.00,4.3010e-03,0.00,0.00,28.00,3.2420e-03,0.00,0.00,28.00,4.8110e+10,41.23,15.05,4.00,2.7162e+11,58.77,84.95,1.01,4.4916e+04,0.00,0.00,14.00,3.0698e+05,0.00,0.00,16.00,500.458,-0.458
20.0,500.000,25.00,50.00,6551.800,6051.800,7.568,180.5,4.448e-09,3.119e-15,188.438,169.482,1541.7,9.209e+06,0.000,6645.586,230.0,1.339e-09,9.562e-16,0.0,2.712e-15,3.587e-15,3.168e-15,1.6,14.02,1529.7,39.19,226.2,183.6,275.1,231.3,225.8,-28.6,-39.9,-7.7,185.8,-36.3,25.0,12.5,262.53,-2.62,303.41,4.89,106.13,5.86,0.72,10087200.0,1.7848e+12,7.901e+03,1.667e+00,1.052,1.0000,1.0000e-09,0.00,0.00,44.00,1.3068e-09,0.00,0.00,28.00,1.1870e-09,0.00,0.00,28.00,2.5272e+10,5.38,1.42,4.00,1.7596e+12,94.62,98.58,1.01,2.2507e+01,0.00,0.00,14.00,6.8094e+01,0.00,0.00,16.00,500.323,-0.323
30.0,500.000,25.00,75.00,6551.800,6051.800,7.568,134.9,7.556e-09,6.824e-15,146.315,144.938,1358.5,9.209e+06,0.000,5082.486,230.0,1.339e-09,9.562e-16,0.0,5.934e-15,7.848e-15,6.629e-15,-2.9,14.02,1378.4,39.19,613.6,520.6,720.7,593.2,176.2,-66.5,-27.9,-6.0,148.3,-72.5,25.0,12.5,262.53,-2.62,303.41,3.23,128.34,5.86,0.72,10087200.0,4.0556e+12,8.205e+03,1.667e+00,1.013,1.0000,1.0000e-09,0.00,0.00,44.00,1.0000e-09,0.00,0.00,28.00,1.0000e-09,0.00,0.00,28.00,4.4765e+09,0.44,0.11,4.00,4.0511e+12,99.56,99.89,1.01,4.4458e-03,0.00,0.00,14.00,4.6946e-03,0.00,0.00,16.00,501.167,-1.167
40.0,500.000,50.00,25.00,6551.800,6051.800,7.568,237.2,1.196e-09,8.570e-16,184.420,121.326,1525.2,9.209e+06,0.000,6746.062,230.0,1.339e-09,9.562e-16,0.0,7.452e-16,9.856e-16,9.046e-16,5.5,14.02,1484.5,98.78,-10.4,-22.1,3.1,-5.4,212.1,26.6,-6.9,2.6,205.2,29.2,25.0,12.5,262.53,-2.62,303.41,6.56,86.62,5.86,0.72,10087200.0,3.6520e+11,5.883e+03,1.667e+00,1.413,1.0000,1.0000e-09,0.00,0.00,44.00,1.3234e-03,0.00,0.00,28.00,1.0027e-03,0.00,0.00,28.00,4.9248e+10,38.17,13.49,4.00,3.1596e+11,61.83,86.51,1.01,2.4271e+04,0.00,0.00,14.00,1.5804e+05,0.00,0.00,16.00,498.664,1.336
50.0,500.000,50.00,50.00,6551.800,6051.800,7.568,191.3,3.433e-09,2.333e-15,194.430,165.327,1566.0,9.209e+06,0.000,6907.195,230.0,1.339e-09,9.562e-16,0.0,2.029e-15,2.683e-15,2.757e-15,18.2,14.02,1440.7,27.80,144.0,112.2,180.6,188.3,205.5,-51.8,-5.9,2.8,199.6,-49.1,25.0,12.5,262.53,-2.62,303.41,4.89,102.61,5.86,0.72,10087200.0,1.3000e+12,7.692e+03,1.667e+00,1.081,1.0000,1.0000e-09,0.00,0.00,44.00,2.8328e-08,0.00,0.00,28.00,2.4762e-08,0.00,0.00,28.00,3.0848e+10,8.78,2.37,4.00,1.2691e+12,91.22,97.63,1.01,1.0573e+02,0.00,0.00,14.00,3.8292e+02,0.00,0.00,16.00,499.401,0.599
60.0,500.000,50.00,75.00,6551.800,6051.800,7.568,145.7,9.423e-09,7.905e-15,157.514,154.725,1409.5,9.209e+06,0.000,5436.746,230.0,1.339e-09,9.562e-16,0.0,6.874e-15,9.091e-15,9.211e-15,16.5,14.02,1305.8,27.80,726.7,618.9,850.7,863.2,160.4,-120.5,-5.3,-1.5,155.0,-122.1,25.0,12.5,262.53,-2.62,303.41,3.23,117.47,5.86,0.72,10087200.0,4.6841e+12,8.181e+03,1.667e+00,1.016,1.0000,1.0000e-09,0.00,0.00,44.00,1.0000e-09,0.00,0.00,28.00,1.0000e-09,0.00,0.00,28.00,9.8690e+09,0.83,0.21,4.00,4.6742e+12,99.17,99.79,1.01,5.4349e-02,0.00,0.00,14.00,7.9354e-02,0.00,0.00,16.00,500.311,-0.311
70.0,500.000,75.00,25.00,6551.800,6051.800,7.568,228.9,1.374e-09,9.759e-16,186.089,124.660,1532.0,9.209e+06,0.000,6781.266,230.0,1.339e-09,9.562e-16,0.0,8.487e-16,1.122e-15,1.026e-15,5.1,14.02,1494.1,65.59,2.1,-11.2,17.4,7.3,121.4,33.5,-9.5,-6.5,111.9,27.0,25.0,12.5,262.53,-2.62,303.41,6.56,90.36,5.86,0.72,10087200.0,4.3492e+11,6.153e+03,1.667e+00,1.351,1.0000,1.0000e-09,0.00,0.00,44.00,2.7515e-04,0.00,0.00,28.00,2.1048e-04,0.00,0.00,28.00,4.9652e+10,33.79,11.42,4.00,3.8527e+11,66.21,88.58,1.01,1.0747e+04,0.00,0.00,14.00,6.5291e+04,0.00,0.00,16.00,498.326,1.674
80.0,500.000,75.00,50.00,6551.800,6051.800,7.568,209.2,2.212e-09,1.484e-15,197.010,148.773,1576.4,9.209e+06,0.000,7085.480,230.0,1.339e-09,9.562e-16,0.0,1.290e-15,1.706e-15,1.657e-15,11.7,14.02,1491.7,11.20,55.2,34.9,78.4,73.3,117.6,-65.4,-14.6,0.2,103.0,-65.2,25.0,12.5,262.53,-2.62,303.41,4.89,96.77,5.86,0.72,10087200.0,7.6586e+11,7.126e+03,1.667e+00,1.167,1.0000,1.0000e-09,0.00,0.00,44.00,2.9051e-06,0.00,0.00,28.00,2.3830e-06,0.00,0.00,28.00,4.0138e+10,17.97,5.24,4.00,7.2573e+11,82.03,94.76,1.01,1.0866e+03,0.00,0.00,14.00,5.1280e+03,0.00,0.00,16.00,499.288,0.712
90.0,500.000,75.00,75.00,6551.800,6051.800,7.568,191.8,3.395e-09,2.305e-15,194.625,165.039,1566.8,9.209e+06,0.000,6916.329,230.0,1.339e-09,9.562e-16,0.0,2.004e-15,2.651e-15,2.504e-15,8.6,14.02,1503.3,11.21,141.0,109.6,177.2,161.8,91.8,-151.9,-24.8,1.2,67.0,-150.8,25.0,12.5,262.53,-2.62,303.41,3.23,102.46,5.86,0.72,10087200.0,1.2823e+12,7.681e+03,1.667e+00,1.082,1.0000,1.0000e-09,0.00,0.00,44.00,3.2179e-08,0.00,0.00,28.00,2.8083e-08,0.00,0.00,28.00,3.1092e+10,8.96,2.42,4.00,1.2512e+12,91.04,97.58,1.01,1.1273e+02,0.00,0.00,14.00,4.1131e+02,0.00,0.00,16.00,500.694,-0.694
100.0,450.000,25.00,25.00,6501.800,6051.800,7.685,243.9,1.449e-09,1.229e-15,153.487,99.249,1402.1,9.209e+06,0.000,5585.046,230.0,1.797e-09,1.502e-15,0.0,1.069e-15,1.413e-15,1.040e-15,-15.3,14.02,1523.8,241.82,-18.2,-28.8,-5.9,-30.7,233.1,14.7,11.9,11.7,245.0,26.4,25.0,12.5,262.53,-2.62,303.41,6.56,83.50,5.86,0.72,10087200.0,4.3046e+11,4.836e+03,1.667e+00,1.719,1.0000,1.2527e-08,0.00,0.00,44.00,8.3300e-01,0.00,0.00,28.00,6.2789e-01,0.00,0.00,28.00,1.0207e+11,55.17,23.71,4.00,3.2839e+11,44.82,76.29,1.01,6.2510e+05,0.00,0.00,14.00,6.2230e+06,0.01,0.00,16.00,450.458,-0.458
110.0,450.000,25.00,50.00,6501.800,6051.800,7.685,180.5,5.840e-09,4.277e-15,177.686,146.558,1508.6,9.209e+06,0.000,6217.997,230.0,1.797e-09,1.502e-15,0.0,3.719e-15,4.919e-15,3.108e-15,-27.3,14.02,1769.7,45.03,184.8,147.7,227.5,107.0,225.8,-28.6,18.1,4.8,243.9,-23.8,25.0,12.5,262.53,-2.62,303.41,4.89,106.13,5.86,0.72,10087200.0,2.3435e+12,7.565e+03,1.667e+00,1.099,1.0000,1.0000e-09,0.00,0.00,44.00,1.6103e-06,0.00,0.00,28.00,1.4626e-06,0.00,0.00,28.00,6.9836e+10,10.85,2.98,4.00,2.2737e+12,89.15,97.02,1.01,7.9008e+02,0.00,0.00,14.00,3.9738e+03,0.00,0.00,16.00,450.323,-0.323
120.0,450.000,25.00,75.00,6501.800,6051.800,7.685,134.9,1.067e-08,9.693e-15,143.272,139.662,1354.6,9.209e+06,0.000,4927.322,230.0,1.797e-09,1.502e-15,0.0,8.429e-15,1.115e-14,8.216e-15,-15.2,14.02,1471.3,45.03,545.5,461.3,642.3,447.1,176.2,-66.5,10.0,6.7,186.2,-59.8,25.0,12.5,262.53,-2.62,303.41,3.23,128.33,5.86,0.72,10087200.0,5.7279e+12,8.159e+03,1.667e+00,1.019,1.0000,1.0000e-09,0.00,0.00,44.00,1.0000e-09,0.00,0.00,28.00,1.0000e-09,0.00,0.00,28.00,1.7433e+10,1.19,0.30,4.00,5.7105e+12,98.81,99.70,1.01,5.1805e-01,0.00,0.00,14.00,1.0795e+00,0.00,0.00,16.00,451.167,-1.167
130.0,450.000,50.00,25.00,6501.800,6051.800,7.685,237.2,1.607e-09,1.353e-15,154.593,99.703,1407.1,9.209e+06,0.000,5609.320,230.0,1.797e-09,1.502e-15,0.0,1.177e-15,1.556e-15,1.186e-15,-12.4,14.02,1503.1,113.51,-9.9,-21.7,3.6,-21.0,212.1,26.6,1.7,10.5,213.8,37.1,25.0,12.5,262.53,-2.62,303.41,6.56,86.62,5.86,0.72,10087200.0,4.9076e+11,5.008e+03,1.667e+00,1.660,1.0000,2.5856e-09,0.00,0.00,44.00,2.9707e-01,0.00,0.00,28.00,2.2508e-01,0.00,0.00,28.00,1.0671e+11,52.39,21.74,4.00,3.8404e+11,47.61,78.26,1.01,3.6364e+05,0.00,0.00,14.00,3.4856e+06,0.01,0.00,16.00,448.664,1.336
140.0,450.000,50.00,50.00,6501.800,6051.800,7.685,191.3,4.482e-09,3.246e-15,179.700,137.974,1517.1,9.209e+06,0.000,6336.017,230.0,1.797e-09,1.502e-15,0.0,2.822e-15,3.733e-15,3.027e-15,-6.8,14.02,1571.0,31.95,116.1,87.9,148.6,101.5,205.5,-51.8,0.3,9.7,205.8,-42.1,25.0,12.5,262.53,-2.62,303.41,4.89,102.61,5.86,0.72,10087200.0,1.6970e+12,7.219e+03,1.667e+00,1.152,1.0000,1.0000e-09,0.00,0.00,44.00,2.3339e-05,0.00,0.00,28.00,2.0401e-05,0.00,0.00,28.00,8.0485e+10,16.47,4.74,4.00,1.6165e+12,83.53,95.26,1.01,3.0347e+03,0.00,0.00,14.00,1.7754e+04,0.00,0.00,16.00,449.401,0.599
150.0,450.000,50.00,75.00,6501.800,6051.800,7.685,145.7,1.299e-08,1.100e-14,153.644,147.023,1402.8,9.209e+06,0.000,5253.830,230.0,1.797e-09,1.502e-15,0.0,9.567e-15,1.265e-14,1.215e-14,10.5,14.02,1334.7,31.95,632.6,537.1,742.5,709.3,160.4,-120.5,2.7,16.1,163.1,-104.4,25.0,12.5,262.54,-2.62,303.42,3.23,117.46,5.86,0.72,10087200.0,6.4572e+12,8.103e+03,1.667e+00,1.026,1.0000,1.0000e-09,0.00,0.00,44.00,1.0000e-09,0.00,0.00,28.00,1.0000e-09,0.00,0.00,28.00,3.4761e+10,2.10,0.54,4.00,6.4225e+12,97.90,99.46,1.01,4.4592e+00,0.00,0.00,14.00,1.2220e+01,0.00,0.00,16.00,450.311,-0.311
160.0,450.000,75.00,25.00,6501.800,6051.800,7.685,228.9,1.840e-09,1.526e-15,156.913,101.199,1417.6,9.209e+06,0.000,5672.255,230.0,1.797e-09,1.502e-15,0.0,1.327e-15,1.755e-15,1.534e-15,0.5,14.02,1414.1,75.37,1.6,-11.6,16.9,2.1,121.4,33.5,23.5,11.4,144.9,44.9,25.0,12.5,262.54,-2.62,303.42,6.56,90.36,5.86,0.72,10087200.0,5.8230e+11,5.268e+03,1.667e+00,1.578,1.0000,1.0000e-09,0.00,0.00,44.00,7.5195e-02,0.00,0.00,28.00,5.7521e-02,0.00,0.00,28.00,1.1066e+11,48.16,19.00,4.00,4.7164e+11,51.83,81.00,1.01,1.7767e+05,0.00,0.00,14.00,1.6114e+06,0.00,0.00,16.00,448.326,1.674
170.0,450.000,75.00,50.00,6501.800,6051.800,7.685,209.2,2.894e-09,2.159e-15,174.410,119.518,1494.6,9.209e+06,0.000,6225.793,230.0,1.797e-09,1.502e-15,0.0,1.878e-15,2.483e-15,2.189e-15,1.4,14.02,1484.5,12.87,43.8,25.0,65.4,45.8,117.6,-65.3,19.3,5.8,136.9,-59.5,25.0,12.5,262.54,-2.62,303.42,4.89,96.77,5.86,0.72,10087200.0,1.0020e+12,6.406e+03,1.667e+00,1.298,1.0000,1.0000e-09,0.00,0.00,44.00,1.3457e-03,0.00,0.00,28.00,1.1039e-03,0.00,0.00,28.00,9.6464e+10,29.67,9.63,4.00,9.0550e+11,70.33,90.37,1.01,2.3386e+04,0.00,0.00,14.00,1.7110e+05,0.00,0.00,16.00,449.288,0.712
180.0,450.000,75.00,75.00,6501.800,6051.800,7.685,191.8,4.432e-09,3.209e-15,179.704,137.543,1517.1,9.209e+06,0.000,6338.216,230.0,1.797e-09,1.502e-15,0.0,2.791e-15,3.690e-15,3.265e-15,1.7,14.02,1504.1,12.88,113.7,85.8,145.7,117.4,91.8,-151.9,25.6,2.6,117.4,-149.3,25.0,12.5,262.54,-2.62,303.42,3.23,102.46,5.86,0.72,10087200.0,1.6738e+12,7.201e+03,1.667e+00,1.155,1.0000,1.0000e-09,0.00,0.00,44.00,2.6056e-05,0.00,0.00,28.00,2.2739e-05,0.00,0.00,28.00,8.0928e+10,16.75,4.83,4.00,1.5929e+12,83.25,95.17,1.01,3.2077e+03,0.00,0.00,14.00,1.8883e+04,0.00,0.00,16.00,450.694,-0.694
190.0,400.000,25.00,25.00,6451.800,6051.800,7.804,243.9,2.079e-09,2.127e-15,125.263,84.376,1276.4,9.209e+06,0.000,4512.864,230.0,2.565e-09,2.599e-15,0.0,1.849e-15,2.446e-15,1.846e-15,-13.2,14.02,1369.9,285.44,-18.2,-28.8,-5.9,-29.0,233.1,14.7,2.8,-2.7,235.8,11.9,25.0,12.5,262.54,-2.62,303.42,6.56,83.50,5.86,0.72,10087200.0,6.1739e+11,4.008e+03,1.667e+00,2.074,1.0000,5.5888e-05,0.00,0.00,44.00,1.7500e+02,0.00,0.00,28.00,1.3191e+02,0.00,0.00,28.00,2.1907e+11,68.42,35.48,4.00,3.9818e+11,31.40,64.49,1.01,9.0606e+06,0.01,0.00,14.00,1.3216e+08,0.17,0.02,16.00,400.458,-0.458
200.0,400.000,25.00,50.00,6451.800,6051.800,7.804,180.5,7.840e-09,6.249e-15,160.753,117.985,1446.0,9.209e+06,0.000,5578.086,230.0,2.565e-09,2.599e-15,0.0,5.434e-15,7.186e-15,5.317e-15,-14.9,14.02,1567.6,53.07,140.5,109.1,176.5,104.6,225.8,-28.6,16.5,-7.1,242.3,-35.6,25.0,12.5,262.54,-2.62,303.42,4.89,106.13,5.86,0.72,10087200.0,3.1457e+12,6.950e+03,1.667e+00,1.196,1.0000,1.0000e-09,0.00,0.00,44.00,2.2140e-03,0.00,0.00,28.00,2.0108e-03,0.00,0.00,28.00,1.9603e+11,20.84,6.23,4.00,2.9497e+12,79.16,93.77,1.01,2.9296e+04,0.00,0.00,14.00,2.4688e+05,0.00,0.00,16.00,400.323,-0.323
210.0,400.000,25.00,75.00,6451.800,6051.800,7.804,135.0,1.521e-08,1.403e-14,138.858,129.833,1343.9,9.209e+06,0.000,4726.343,230.0,2.565e-09,2.599e-15,0.0,1.220e-14,1.614e-14,1.157e-14,-17.6,14.02,1480.3,53.06,440.0,369.6,521.0,345.1,176.2,-66.5,32.2,6.9,208.4,-59.6,25.0,12.5,262.54,-2.62,303.42,3.23,128.33,5.86,0.72,10087200.0,8.1617e+12,8.030e+03,1.667e+00,1.035,1.0000,1.0000e-09,0.00,0.00,44.00,1.0414e-08,0.00,0.00,28.00,1.2431e-08,0.00,0.00,28.00,6.9333e+10,3.28,0.85,4.00,8.0924e+12,96.72,99.15,1.01,6.4978e+01,0.00,0.00,14.00,2.7002e+02,0.00,0.00,16.00,401.167,-1.167
220.0,400.000,50.00,25.00,6451.800,6051.800,7.804,237.2,2.300e-09,2.342e-15,125.860,84.063,1279.5,9.209e+06,0.000,4521.656,230.0,2.565e-09,2.599e-15,0.0,2.036e-15,2.693e-15,2.101e-15,-10.3,14.02,1350.8,133.75,-9.9,-21.6,3.6,-19.1,212.1,26.6,6.7,-10.3,218.8,16.3,25.0,12.5,262.54,-2.62,303.42,6.56,86.62,5.86,0.72,10087200.0,7.0231e+11,4.140e+03,1.667e+00,2.008,1.0000,1.4599e-05,0.00,0.00,44.00,7.2502e+01,0.00,0.00,28.00,5.4934e+01,0.00,0.00,28.00,2.3401e+11,66.37,33.32,4.00,4.6821e+11,33.53,66.67,1.01,5.6811e+06,0.01,0.00,14.00,8.0641e+07,0.09,0.01,16.00,398.664,1.336
230.0,400.000,50.00,50.00,6451.800,6051.800,7.804,191.3,6.022e-09,4.882e-15,158.055,108.787,1433.8,9.209e+06,0.000,5526.170,230.0,2.565e-09,2.599e-15,0.0,4.245e-15,5.614e-15,4.551e-15,-6.8,14.02,1484.9,37.65,87.9,63.4,116.0,75.1,205.5,-51.8,-2.2,-18.9,203.3,-70.7,25.0,12.5,262.54,-2.62,303.42,4.89,102.61,5.86,0.72,10087200.0,2.2798e+12,6.448e+03,1.667e+00,1.290,1.0000,1.0000e-09,0.00,0.00,44.00,2.1327e-02,0.00,0.00,28.00,1.8642e-02,0.00,0.00,28.00,2.1313e+11,29.00,9.35,4.00,2.0667e+12,71.00,90.65,1.01,9.1738e+04,0.00,0.00,14.00,8.7341e+05,0.00,0.00,16.00,399.401,0.599
240.0,400.000,50.00,75.00,6451.800,6051.800,7.804,145.7,1.809e-08,1.570e-14,147.639,133.051,1385.8,9.209e+06,0.000,4999.589,230.0,2.565e-09,2.599e-15,0.0,1.365e-14,1.806e-14,1.157e-14,-26.3,14.02,1614.2,37.65,504.2,425.4,594.9,345.3,160.4,-120.5,3.6,-13.3,164.0,-133.8,25.0,12.5,262.54,-2.62,303.42,3.23,117.46,5.86,0.72,10087200.0,8.9928e+12,7.907e+03,1.667e+00,1.052,1.0000,1.0000e-09,0.00,0.00,44.00,4.1893e-07,0.00,0.00,28.00,4.3050e-07,0.00,0.00,28.00,1.2484e+11,5.28,1.39,4.00,8.8680e+12,94.72,98.61,1.01,3.9161e+02,0.00,0.00,14.00,2.0338e+03,0.00,0.00,16.00,400.311,-0.311
250.0,400.000,75.00,25.00,6451.800,6051.800,7.804,228.9,2.620e-09,2.631e-15,127.573,84.124,1288.2,9.209e+06,0.000,4566.584,230.0,2.565e-09,2.599e-15,0.0,2.288e-15,3.026e-15,2.276e-15,-13.5,14.02,1385.0,88.81,1.3,-12.0,16.4,-12.4,121.4,33.5,29.9,-0.2,151.3,33.3,25.0,12.5,262.54,-2.62,303.42,6.56,90.36,5.86,0.72,10087200.0,8.2895e+11,4.350e+03,1.667e+00,1.912,1.0000,2.3760e-06,0.00,0.00,44.00,2.2414e+01,0.00,0.00,28.00,1.7145e+01,0.00,0.00,28.00,2.4972e+11,63.04,30.12,4.00,5.7919e+11,36.92,69.87,1.01,3.0675e+06,0.00,0.00,14.00,4.1793e+07,0.04,0.01,16.00,398.326,1.674
260.0,400.000,75.00,50.00,6451.800,6051.800,7.804,209.2,3.953e-09,3.462e-15,146.310,94.654,1379.5,9.209e+06,0.000,5177.111,230.0,2.565e-09,2.599e-15,0.0,3.011e-15,3.982e-15,3.002e-15,-13.3,14.02,1481.5,15.17,33.2,15.9,53.2,15.5,117.6,-65.3,20.2,8.4,137.8,-57.0,25.0,12.5,262.54,-2.62,303.42,4.89,96.77,5.86,0.72,10087200.0,1.3687e+12,5.458e+03,1.667e+00,1.523,1.0000,7.3560e-09,0.00,0.00,44.00,6.8550e-01,0.00,0.00,28.00,5.6230e-01,0.00,0.00,28.00,2.3500e+11,45.08,17.17,4.00,1.1337e+12,54.91,82.83,1.01,5.2782e+05,0.00,0.00,14.00,6.0275e+06,0.00,0.00,16.00,399.288,0.712
270.0,400.000,75.00,75.00,6451.800,6051.800,7.804,191.8,5.955e-09,4.834e-15,157.862,108.395,1432.9,9.209e+06,0.000,5521.180,230.0,2.565e-09,2.599e-15,0.0,4.204e-15,5.559e-15,3.892e-15,-19.5,14.02,1596.9,15.18,86.0,61.8,113.9,49.8,91.8,-151.9,17.4,10.8,109.1,-141.2,25.0,12.5,262.54,-2.62,303.42,3.23,102.46,5.86,0.72,10087200.0,2.2494e+12,6.424e+03,1.667e+00,1.294,1.0000,1.0000e-09,0.00,0.00,44.00,2.3402e-02,0.00,0.00,28.00,2.0422e-02,0.00,0.00,28.00,2.1379e+11,29.38,9.50,4.00,2.0356e+12,70.62,90.50,1.01,9.6133e+04,0.00,0.00,14.00,9.1979e+05,0.00,0.00,16.00,400.694,-0.694
280.0,350.000,25.00,25.00,6401.800,6051.800,7.927,243.9,3.243e-09,4.054e-15,100.929,70.390,1154.6,9.209e+06,0.000,3591.310,230.0,3.992e-09,4.969e-15,0.0,3.525e-15,4.662e-15,4.136e-15,2.0,14.02,1143.1,349.18,-18.4,-29.1,-6.2,-16.8,233.0,14.7,-19.2,-3.1,213.9,11.6,25.0,12.5,262.54,-2.62,303.42,6.56,83.50,5.86,0.72,10087200.0,9.6315e+11,3.280e+03,1.666e+00,2.535,1.0000,2.8418e-01,0.00,0.00,44.00,3.9958e+04,0.00,0.00,28.00,3.0118e+04,0.00,0.00,28.00,4.7581e+11,77.96,49.40,4.00,4.8426e+11,20.03,50.28,1.01,1.3691e+08,0.08,0.01,14.00,2.9432e+09,1.93,0.31,16.00,350.458,-0.458
290.0,350.000,25.00,50.00,6401.800,6051.800,7.927,180.5,1.097e-08,1.016e-14,136.235,90.190,1341.6,9.209e+06,0.000,4681.561,230.0,3.992e-09,4.969e-15,0.0,8.833e-15,1.168e-14,1.011e-14,-0.5,14.02,1344.7,64.81,104.4,77.8,135.1,103.5,225.8,-28.6,-16.0,3.0,209.8,-25.6,25.0,12.5,262.54,-2.62,303.42,4.89,106.12,5.86,0.72,10087200.0,4.4013e+12,5.982e+03,1.667e+00,1.390,1.0000,5.9167e-08,0.00,0.00,44.00,3.4051e+00,0.00,0.00,28.00,3.0926e+00,0.00,0.00,28.00,5.5913e+11,36.56,12.70,4.00,3.8422e+12,63.44,87.30,1.01,1.1489e+06,0.00,0.00,14.00,1.6353e+07,0.00,0.00,16.00,350.323,-0.323
300.0,350.000,25.00,75.00,6401.800,6051.800,7.927,135.0,2.201e-08,2.121e-14,130.910,111.298,1315.1,9.209e+06,0.000,4407.430,230.0,3.992e-09,4.969e-15,0.0,1.844e-14,2.439e-14,2.108e-14,-0.6,14.02,1319.0,64.80,326.8,271.1,390.8,324.2,176.2,-66.5,-23.0,5.6,153.2,-60.9,25.0,12.5,262.54,-2.62,303.42,3.23,128.33,5.86,0.72,10087200.0,1.1812e+13,7.689e+03,1.667e+00,1.081,1.0000,1.0000e-09,0.00,0.00,44.00,1.9049e-04,0.00,0.00,28.00,2.2738e-04,0.00,0.00,28.00,2.8174e+11,8.82,2.39,4.00,1.1530e+13,91.18,97.61,1.01,8.7879e+03,0.00,0.00,14.00,7.3613e+04,0.00,0.00,16.00,351.167,-1.167
310.0,350.000,50.00,25.00,6401.800,6051.800,7.927,237.2,3.584e-09,4.465e-15,101.256,71.145,1156.5,9.209e+06,0.000,3592.829,230.0,3.992e-09,4.969e-15,0.0,3.883e-15,5.135e-15,5.087e-15,13.9,14.02,1083.6,163.35,-10.2,-21.9,3.3,2.4,212.1,26.6,-2.4,16.0,209.7,42.6,25.0,12.5,262.54,-2.62,303.42,6.56,86.62,5.86,0.72,10087200.0,1.0941e+12,3.383e+03,1.667e+00,2.458,1.0000,9.4312e-02,0.00,0.00,44.00,1.9278e+04,0.00,0.00,28.00,1.4606e+04,0.00,0.00,28.00,5.1947e+11,77.28,47.48,4.00,5.7260e+11,21.51,52.33,1.01,9.2639e+07,0.05,0.01,14.00,1.9593e+09,1.17,0.18,16.00,348.664,1.336
320.0,350.000,50.00,50.00,6401.800,6051.800,7.927,191.3,8.519e-09,8.255e-15,130.191,84.089,1311.5,9.209e+06,0.000,4506.786,230.0,3.992e-09,4.969e-15,0.0,7.179e-15,9.494e-15,9.476e-15,14.8,14.02,1224.1,45.98,66.1,44.5,91.0,90.7,205.5,-51.8,-13.3,5.7,192.2,-46.1,25.0,12.5,262.54,-2.62,303.42,4.89,102.61,5.86,0.72,10087200.0,3.2254e+12,5.394e+03,1.667e+00,1.541,1.0000,1.2762e-06,0.00,0.00,44.00,2.1669e+01,0.00,0.00,28.00,1.8941e+01,0.00,0.00,28.00,5.7297e+11,46.10,17.76,4.00,2.6523e+12,53.88,82.23,1.01,2.9242e+06,0.00,0.00,14.00,4.5650e+07,0.01,0.00,16.00,349.401,0.599
330.0,350.000,50.00,75.00,6401.800,6051.800,7.927,145.7,2.568e-08,2.368e-14,136.825,109.880,1344.5,9.209e+06,0.000,4585.464,230.0,3.992e-09,4.969e-15,0.0,2.059e-14,2.723e-14,2.928e-14,23.7,14.02,1209.1,45.97,376.5,314.3,447.9,489.2,160.4,-120.5,-13.0,5.6,147.4,-114.9,25.0,12.5,262.54,-2.62,303.42,3.23,117.46,5.86,0.72,10087200.0,1.2764e+13,7.443e+03,1.667e+00,1.117,1.0000,1.0000e-09,0.00,0.00,44.00,3.7131e-03,0.00,0.00,28.00,3.8156e-03,0.00,0.00,28.00,4.5735e+11,12.83,3.58,4.00,1.2306e+13,87.17,96.42,1.01,3.6868e+04,0.00,0.00,14.00,3.6650e+05,0.00,0.00,16.00,350.311,-0.311
340.0,350.000,75.00,25.00,6401.800,6051.800,7.927,228.9,4.062e-09,5.019e-15,102.110,71.472,1161.4,9.209e+06,0.000,3610.332,230.0,3.992e-09,4.969e-15,0.0,4.364e-15,5.772e-15,6.184e-15,23.2,14.02,1046.4,108.46,1.0,-12.2,16.1,24.4,121.4,33.5,-15.0,-1.2,106.3,32.3,25.0,12.5,262.54,-2.62,303.42,6.56,90.36,5.86,0.72,10087200.0,1.2855e+12,3.536e+03,1.667e+00,2.351,1.0000,2.1122e-02,0.00,0.00,44.00,7.3019e+03,0.00,0.00,28.00,5.5855e+03,0.00,0.00,28.00,5.7071e+11,75.53,44.40,4.00,7.1354e+11,23.84,55.51,1.01,5.5366e+07,0.03,0.00,14.00,1.1404e+09,0.60,0.09,16.00,348.326,1.674
350.0,350.000,75.00,50.00,6401.800,6051.800,7.927,209.2,5.792e-09,6.251e-15,116.895,76.575,1242.7,9.209e+06,0.000,4091.614,230.0,3.992e-09,4.969e-15,0.0,5.435e-15,7.188e-15,7.227e-15,15.6,14.02,1155.7,18.53,25.8,9.4,44.7,45.4,117.6,-65.3,-5.6,-1.0,112.0,-66.3,25.0,12.5,262.54,-2.62,303.42,4.89,96.77,5.86,0.72,10087200.0,2.0051e+12,4.429e+03,1.667e+00,1.877,1.0000,1.5379e-04,0.00,0.00,44.00,3.8483e+02,0.00,0.00,28.00,3.1567e+02,0.00,0.00,28.00,5.8048e+11,61.68,28.95,4.00,1.4244e+12,38.22,71.04,1.01,1.2506e+07,0.00,0.00,14.00,2.2446e+08,0.10,0.01,16.00,349.288,0.712
360.0,350.000,75.00,75.00,6401.800,6051.800,7.927,191.8,8.432e-09,8.189e-15,129.894,83.858,1310.0,9.209e+06,0.000,4497.837,230.0,3.992e-09,4.969e-15,0.0,7.121e-15,9.418e-15,9.329e-15,13.9,14.02,1227.4,18.54,64.8,43.3,89.5,87.7,91.8,-151.9,-11.1,6.0,80.7,-146.0,25.0,12.5,262.54,-2.62,303.42,3.23,102.46,5.86,0.72,10087200.0,3.1847e+12,5.369e+03,1.667e+00,1.549,1.0000,1.4471e-06,0.00,0.00,44.00,2.3370e+01,0.00,0.00,28.00,2.0395e+01,0.00,0.00,28.00,5.7340e+11,46.51,18.00,4.00,2.6113e+12,53.48,81.99,1.01,3.0379e+06,0.00,0.00,14.00,4.7603e+07,0.02,0.00,16.00,350.694,-0.694
370.0,300.000,25.00,25.00,6351.800,6051.800,8.052,243.9,5.751e-09,9.819e-15,72.745,42.381,987.1,9.209e+06,0.000,2546.784,230.0,6.978e-09,1.111e-14,0.0,8.538e-15,1.129e-14,1.160e-14,18.1,14.02,908.1,451.17,-11.6,-23.1,1.6,4.4,233.0,14.7,9.8,-3.5,242.9,11.2,25.0,12.5,262.54,-2.62,303.42,6.56,83.50,5.86,0.72,10087200.0,1.7079e+12,2.402e+03,1.663e+00,3.462,1.0000,1.6521e+03,0.00,0.00,44.00,9.9348e+06,0.00,0.00,28.00,7.4884e+06,0.00,0.00,28.00,1.0461e+12,70.77,61.25,4.00,5.9076e+11,10.09,34.59,1.01,2.1589e+09,0.51,0.13,14.00,6.8819e+10,18.62,4.03,16.00,300.458,-0.458
380.0,300.000,25.00,50.00,6351.800,6051.800,8.052,180.5,1.657e-08,1.923e-14,107.022,68.932,1198.4,9.209e+06,0.000,3633.535,230.0,6.978e-09,1.111e-14,0.0,1.672e-14,2.211e-14,1.934e-14,0.6,14.02,1195.0,83.59,73.1,50.5,99.0,74.1,225.8,-28.6,-21.7,8.3,204.1,-20.2,25.0,12.5,262.54,-2.62,303.42,4.89,106.12,5.86,0.72,10087200.0,6.6478e+12,4.773e+03,1.667e+00,1.742,1.0000,7.2201e-03,0.00,0.00,44.00,5.8741e+03,0.00,0.00,28.00,5.3348e+03,0.00,0.00,28.00,1.6212e+12,56.00,24.39,4.00,5.0254e+12,43.83,75.60,1.01,4.7720e+07,0.01,0.00,14.00,1.1566e+09,0.16,0.02,16.00,300.323,-0.323
390.0,300.000,25.00,75.00,6351.800,6051.800,8.052,135.0,3.296e-08,3.548e-14,115.376,83.896,1244.3,9.209e+06,0.000,3837.824,230.0,6.978e-09,1.111e-14,0.0,3.085e-14,4.080e-14,3.419e-14,-3.7,14.02,1267.7,83.58,219.4,177.7,267.3,207.7,176.2,-66.5,-33.4,8.1,142.9,-58.4,25.0,12.5,262.54,-2.62,303.42,3.23,128.33,5.86,0.72,10087200.0,1.7691e+13,6.884e+03,1.667e+00,1.208,1.0000,4.4701e-08,0.00,0.00,44.00,4.0653e+00,0.00,0.00,28.00,4.8524e+00,0.00,0.00,28.00,1.1704e+12,21.91,6.62,4.00,1.6520e+13,78.09,93.38,1.01,1.2838e+06,0.00,0.00,14.00,2.1917e+07,0.00,0.00,16.00,301.167,-1.167
400.0,300.000,50.00,25.00,6351.800,6051.800,8.052,237.2,6.295e-09,1.030e-14,75.892,47.008,1008.5,9.209e+06,0.000,2650.098,230.0,6.978e-09,1.111e-14,0.0,8.957e-15,1.185e-14,1.113e-14,8.1,14.02,970.1,210.69,-7.3,-19.4,6.6,0.2,212.1,26.6,-20.1,3.0,192.0,29.6,25.0,12.5,262.54,-2.62,303.42,6.56,86.61,5.86,0.72,10087200.0,1.9218e+12,2.576e+03,1.664e+00,3.228,1.0000,6.9926e+02,0.00,0.00,44.00,5.5954e+06,0.00,0.00,28.00,4.2395e+06,0.00,0.00,28.00,1.1677e+12,75.29,60.76,4.00,7.0248e+11,11.44,36.55,1.01,1.5783e+09,0.36,0.08,14.00,5.0049e+10,12.91,2.60,16.00,298.664,1.336
410.0,300.000,50.00,50.00,6351.800,6051.800,8.052,191.3,1.317e-08,1.619e-14,100.982,66.109,1164.1,9.209e+06,0.000,3451.719,230.0,6.978e-09,1.111e-14,0.0,1.408e-14,1.862e-14,1.730e-14,6.9,14.02,1126.1,59.30,45.8,26.7,67.6,55.8,205.5,-51.8,-24.7,1.9,180.8,-49.9,25.0,12.5,262.54,-2.62,303.42,4.89,102.60,5.86,0.72,10087200.0,4.9844e+12,4.250e+03,1.667e+00,1.956,1.0000,8.0385e-02,0.00,0.00,44.00,2.4540e+04,0.00,0.00,28.00,2.1450e+04,0.00,0.00,28.00,1.5645e+12,64.17,31.39,4.00,3.4173e+12,35.39,68.56,1.01,9.8407e+07,0.01,0.00,14.00,2.5386e+09,0.42,0.05,16.00,299.401,0.599
420.0,300.000,50.00,75.00,6351.800,6051.800,8.052,145.7,3.798e-08,4.015e-14,117.478,81.262,1255.6,9.209e+06,0.000,3891.107,230.0,6.978e-09,1.111e-14,0.0,3.491e-14,4.617e-14,4.760e-14,18.6,14.02,1153.2,59.30,261.4,214.3,315.6,328.5,160.4,-120.5,-55.3,-6.3,105.1,-126.8,25.0,12.5,262.54,-2.62,303.42,3.23,117.46,5.86,0.72,10087200.0,1.8876e+13,6.491e+03,1.667e+00,1.281,1.0000,1.5449e-06,0.00,0.00,44.00,3.7947e+01,0.00,0.00,28.00,3.8994e+01,0.00,0.00,28.00,1.7099e+12,28.29,9.06,4.00,1.7166e+13,71.71,90.94,1.01,3.7271e+06,0.00,0.00,14.00,7.1644e+07,0.00,0.00,16.00,300.311,-0.311
430.0,300.000,75.00,25.00,6351.800,6051.800,8.052,228.9,7.070e-09,1.115e-14,78.741,52.045,1027.6,9.209e+06,0.000,2740.430,230.0,6.978e-09,1.111e-14,0.0,9.697e-15,1.282e-14,1.246e-14,11.8,14.02,972.0,139.90,0.4,-12.7,15.4,12.2,121.4,33.5,-67.2,-14.3,54.2,19.3,25.0,12.5,262.54,-2.62,303.43,6.56,90.36,5.86,0.72,10087200.0,2.2372e+12,2.770e+03,1.665e+00,3.002,1.0000,2.1662e+02,0.00,0.00,44.00,2.6053e+06,0.00,0.00,28.00,1.9929e+06,0.00,0.00,28.00,1.3214e+12,78.71,59.06,4.00,8.8195e+11,13.26,39.42,1.01,1.0458e+09,0.22,0.05,14.00,3.2777e+10,7.81,1.47,16.00,298.326,1.674
440.0,300.000,75.00,50.00,6351.800,6051.800,8.052,209.2,9.416e-09,1.292e-14,90.544,61.386,1102.2,9.209e+06,0.000,3125.266,230.0,6.978e-09,1.111e-14,0.0,1.123e-14,1.485e-14,1.601e-14,23.9,14.02,990.1,23.90,16.3,1.1,33.7,44.1,117.6,-65.3,-52.0,-10.8,65.6,-76.1,25.0,12.5,262.54,-2.62,303.43,4.90,96.77,5.86,0.72,10087200.0,3.2596e+12,3.485e+03,1.666e+00,2.386,1.0000,3.7596e+00,0.00,0.00,44.00,2.3865e+05,0.00,0.00,28.00,1.9575e+05,0.00,0.00,28.00,1.4544e+12,74.80,44.62,4.00,1.7960e+12,23.32,55.10,1.01,3.1143e+08,0.06,0.01,14.00,8.8480e+09,1.82,0.27,16.00,299.288,0.712
450.0,300.000,75.00,75.00,6351.800,6051.800,8.052,191.8,1.305e-08,1.609e-14,100.723,65.999,1162.6,9.209e+06,0.000,3443.774,230.0,6.978e-09,1.111e-14,0.0,1.399e-14,1.850e-14,1.916e-14,19.1,14.02,1065.2,23.91,44.8,25.9,66.5,72.5,91.8,-151.9,-38.0,-11.7,53.8,-163.6,25.0,12.5,262.54,-2.62,303.43,3.23,102.46,5.86,0.72,10087200.0,4.9275e+12,4.229e+03,1.667e+00,1.966,1.0000,8.8708e-02,0.00,0.00,44.00,2.6015e+04,0.00,0.00,28.00,2.2703e+04,0.00,0.00,28.00,1.5619e+12,64.49,31.70,4.00,3.3629e+12,35.06,68.25,1.01,1.0136e+08,0.01,0.00,14.00,2.6214e+09,0.43,0.05,16.00,300.694,-0.694
460.0,250.000,25.00,25.00,6301.800,6051.800,8.180,243.9,2.023e-08,6.769e-14,31.408,19.748,699.7,9.209e+06,0.000,1060.099,230.0,1.648e-08,5.060e-14,0.0,5.886e-14,7.784e-14,8.936e-14,32.0,14.02,609.0,640.57,33.8,16.3,53.8,76.6,233.0,14.7,-2.2,11.8,230.9,26.5,25.0,12.5,262.54,-2.62,303.43,6.56,83.49,5.86,0.72,10087200.0,4.7835e+12,1.225e+03,1.639e+00,6.787,1.0000,1.1015e+07,0.00,0.00,44.00,2.6953e+09,0.20,0.06,28.00,2.0316e+09,0.15,0.04,28.00,2.3288e+12,24.68,48.68,4.00,7.2296e+11,1.93,15.11,1.01,3.5560e+10,1.32,0.74,14.00,1.6914e+12,71.71,35.36,16.00,250.458,-0.458
470.0,250.000,25.00,50.00,6301.800,6051.800,8.180,180.5,3.646e-08,5.708e-14,55.029,36.703,1031.5,9.209e+06,0.000,1824.911,230.0,1.648e-08,5.060e-14,0.0,4.963e-14,6.564e-14,6.090e-14,6.7,14.02,998.6,118.48,12.8,-1.9,29.7,20.4,225.8,-28.6,-20.2,17.9,205.6,-10.7,25.0,12.5,262.54,-2.62,303.43,4.90,106.12,5.86,0.72,10087200.0,1.1471e+13,3.538e+03,1.666e+00,2.350,1.0000,1.0597e+03,0.00,0.00,44.00,1.1396e+07,0.00,0.00,28.00,1.0350e+07,0.00,0.00,28.00,4.7800e+12,70.25,41.67,4.00,6.6010e+12,24.50,57.55,1.01,2.1019e+09,0.11,0.02,14.00,8.7487e+10,5.14,0.76,16.00,250.323,-0.323
480.0,250.000,25.00,75.00,6301.800,6051.800,8.180,135.0,5.335e-08,7.280e-14,86.330,55.204,1105.1,9.209e+06,0.000,2830.075,230.0,1.648e-08,5.060e-14,0.0,6.331e-14,8.372e-14,6.593e-14,-9.4,14.02,1161.3,118.46,43.9,25.1,65.5,30.3,176.2,-66.5,31.0,16.7,207.3,-49.7,25.0,12.5,262.54,-2.62,303.43,3.23,128.32,5.86,0.72,10087200.0,2.8786e+13,5.430e+03,1.667e+00,1.531,1.0000,3.6403e-01,0.00,0.00,44.00,1.0160e+05,0.00,0.00,28.00,1.2127e+05,0.00,0.00,28.00,4.9729e+12,45.15,17.28,4.00,2.3805e+13,54.58,82.70,1.01,2.0295e+08,0.01,0.00,14.00,7.1418e+09,0.26,0.02,16.00,251.167,-1.167
490.0,250.000,50.00,25.00,6301.800,6051.800,8.180,237.2,1.833e-08,5.870e-14,34.064,20.366,716.6,9.209e+06,0.000,1153.090,230.0,1.648e-08,5.060e-14,0.0,5.104e-14,6.750e-14,5.056e-14,-13.9,14.02,772.1,298.62,16.0,0.9,33.4,-0.1,212.1,26.6,-6.0,38.4,206.1,65.0,25.0,12.5,262.54,-2.62,303.43,6.56,86.61,5.86,0.72,10087200.0,4.9003e+12,1.317e+03,1.644e+00,6.315,1.0000,5.9700e+06,0.00,0.00,44.00,1.7766e+09,0.15,0.04,28.00,1.3461e+09,0.11,0.03,28.00,2.6587e+12,31.72,54.26,4.00,8.6461e+11,2.61,17.64,1.01,2.8124e+10,1.17,0.57,14.00,1.3458e+12,64.23,27.46,16.00,248.664,1.336
500.0,250.000,50.00,50.00,6301.800,6051.800,8.180,191.3,3.066e-08,5.211e-14,49.941,33.081,989.7,9.209e+06,0.000,1664.833,230.0,1.648e-08,5.060e-14,0.0,4.532e-14,5.993e-14,3.989e-14,-23.4,14.02,1131.2,84.05,3.0,-10.4,18.4,-21.2,205.5,-51.8,13.6,49.8,219.1,-2.0,25.0,12.5,262.54,-2.62,303.43,4.90,102.60,5.86,0.72,10087200.0,8.9145e+12,3.075e+03,1.665e+00,2.704,1.0000,6.0290e+03,0.00,0.00,44.00,3.1058e+07,0.00,0.00,28.00,2.7146e+07,0.00,0.00,28.00,4.3400e+12,71.49,48.68,4.00,4.4205e+12,18.39,49.59,1.01,3.5008e+09,0.20,0.04,14.00,1.5043e+11,9.91,1.69,16.00,249.401,0.599
510.0,250.000,50.00,75.00,6301.800,6051.800,8.180,145.7,6.376e-08,8.695e-14,81.975,52.467,1105.5,9.209e+06,0.000,2672.720,230.0,1.648e-08,5.060e-14,0.0,7.561e-14,9.999e-14,7.843e-14,-9.8,14.02,1164.0,84.05,71.8,49.4,97.6,55.0,160.4,-120.5,34.3,23.8,194.8,-96.6,25.0,12.5,262.54,-2.62,303.43,3.23,117.46,5.86,0.72,10087200.0,3.0613e+13,5.032e+03,1.667e+00,1.652,1.0000,3.8813e+00,0.00,0.00,44.00,4.4869e+05,0.00,0.00,28.00,4.6106e+05,0.00,0.00,28.00,6.5275e+12,51.53,21.32,4.00,2.4070e+13,47.98,78.63,1.01,4.0528e+08,0.01,0.00,14.00,1.5222e+10,0.48,0.05,16.00,250.311,-0.311
520.0,250.000,75.00,25.00,6301.800,6051.800,8.180,228.9,1.677e-08,5.008e-14,37.776,21.519,743.4,9.209e+06,0.000,1282.072,230.0,1.648e-08,5.060e-14,0.0,4.355e-14,5.759e-14,4.378e-14,-12.6,14.02,795.1,198.28,-1.0,-13.9,13.8,-13.5,121.4,33.6,16.6,3.8,138.0,37.3,25.0,12.5,262.54,-2.62,303.43,6.56,90.36,5.86,0.72,10087200.0,5.2102e+12,1.463e+03,1.650e+00,5.682,1.0000,2.5717e+06,0.00,0.00,44.00,1.0203e+09,0.10,0.02,28.00,7.8045e+08,0.07,0.01,28.00,3.1003e+12,41.69,59.51,4.00,1.0938e+12,3.71,20.99,1.01,2.0696e+10,0.97,0.40,14.00,9.9360e+11,53.45,19.07,16.00,248.326,1.674
530.0,250.000,75.00,50.00,6301.800,6051.800,8.180,209.2,2.301e-08,4.765e-14,43.299,27.618,895.5,9.209e+06,0.000,1455.871,230.0,1.648e-08,5.060e-14,0.0,4.144e-14,5.480e-14,4.160e-14,-12.7,14.02,958.4,33.87,-5.8,-18.1,8.3,-17.8,117.6,-65.3,20.6,3.7,138.2,-61.6,25.0,12.5,262.54,-2.62,303.43,4.90,96.77,5.86,0.72,10087200.0,6.3486e+12,2.308e+03,1.661e+00,3.603,1.0000,1.0786e+05,0.00,0.00,44.00,1.6386e+08,0.02,0.00,28.00,1.3441e+08,0.02,0.00,28.00,3.6976e+12,63.96,58.24,4.00,2.2729e+12,9.93,35.80,1.01,8.1607e+09,0.49,0.13,14.00,3.6968e+11,25.58,5.82,16.00,249.288,0.712
540.0,250.000,75.00,75.00,6301.800,6051.800,8.180,191.8,3.045e-08,5.194e-14,49.752,32.939,987.8,9.209e+06,0.000,1658.878,230.0,1.648e-08,5.060e-14,0.0,4.517e-14,5.974e-14,5.473e-14,5.4,14.02,962.3,33.89,2.7,-10.7,18.1,8.2,91.8,-151.9,27.5,12.9,119.3,-139.0,25.0,12.5,262.54,-2.62,303.43,3.23,102.46,5.86,0.72,10087200.0,8.8285e+12,3.056e+03,1.665e+00,2.720,1.0000,6.4761e+03,0.00,0.00,44.00,3.2365e+07,0.00,0.00,28.00,2.8244e+07,0.00,0.00,28.00,4.3228e+12,71.46,48.96,4.00,4.3482e+12,18.15,49.25,1.01,3.5751e+09,0.21,0.04,14.00,1.5382e+11,10.17,1.74,16.00,250.694,-0.694
550.0,200.000,25.00,25.00,6251.800,6051.800,8.312,242.9,1.911e-07,1.359e-12,16.321,14.347,473.2,9.209e+06,0.000,514.222,229.1,1.368e-07,9.880e-13,0.0,1.182e-12,1.563e-12,9.780e-13,-28.1,14.02,557.9,1114.09,37.6,19.7,58.2,-1.0,233.0,14.7,41.4,-6.7,274.4,8.0,25.0,12.5,262.54,-2.62,303.43,6.56,83.49,5.86,0.72,10087200.0,5.3957e+13,5.786e+02,1.593e+00,14.371,1.0000,9.4248e+10,0.51,0.17,44.00,8.5964e+11,2.99,1.59,28.00,6.4591e+11,2.24,1.20,28.00,5.3112e+12,2.64,9.84,4.00,8.9246e+11,0.11,1.65,1.01,6.3590e+11,1.11,1.18,14.00,4.5517e+13,90.40,84.36,16.00,200.458,-0.458
560.0,200.000,25.00,50.00,6251.800,6051.800,8.312,180.1,1.386e-07,4.106e-13,25.263,15.149,742.5,9.209e+06,0.000,804.053,229.1,1.368e-07,9.880e-13,0.0,3.571e-13,4.722e-13,4.100e-13,-0.2,14.02,743.1,205.70,-58.4,-63.9,-52.2,-58.5,225.8,-28.6,20.4,-20.9,246.2,-49.5,25.0,12.5,262.54,-2.62,303.43,4.90,106.11,5.86,0.72,10087200.0,3.3710e+13,1.875e+03,1.633e+00,4.435,1.0000,3.9623e+08,0.01,0.00,44.00,4.0148e+10,0.50,0.12,28.00,3.6330e+10,0.46,0.11,28.00,1.5346e+13,27.50,45.52,4.00,8.8522e+12,4.01,26.26,1.01,1.2488e+11,0.78,0.37,14.00,9.3105e+12,66.74,27.62,16.00,200.323,-0.323
570.0,200.000,25.00,75.00,6251.800,6051.800,8.312,134.9,1.095e-07,2.727e-13,44.946,18.848,816.2,9.209e+06,0.000,1441.111,229.1,1.368e-07,9.880e-13,0.0,2.372e-13,3.137e-13,2.868e-13,5.1,14.02,796.0,205.66,-72.4,-76.0,-68.3,-71.0,176.3,-66.5,-4.2,-16.4,172.0,-82.8,25.0,12.5,262.54,-2.62,303.43,3.23,128.32,5.86,0.72,10087200.0,5.8904e+13,2.976e+03,1.660e+00,2.794,1.0000,4.1380e+06,0.00,0.00,44.00,3.1393e+09,0.05,0.01,28.00,3.7326e+09,0.06,0.01,28.00,2.1775e+13,52.87,36.97,4.00,3.4453e+13,21.12,58.49,1.01,3.5696e+10,0.30,0.06,14.00,2.6341e+12,25.58,4.47,16.00,201.167,-1.167
580.0,200.000,50.00,25.00,6251.800,6051.800,8.312,236.3,1.628e-07,1.166e-12,16.244,14.206,471.9,9.209e+06,0.000,514.401,229.1,1.368e-07,9.880e-13,0.0,1.014e-12,1.341e-12,1.010e-12,-13.4,14.02,507.0,518.44,18.0,2.6,35.7,2.2,212.1,26.6,21.4,-22.4,233.5,4.2,25.0,12.5,262.54,-2.62,303.43,6.56,86.61,5.86,0.72,10087200.0,4.8187e+13,5.909e+02,1.595e+00,14.070,1.0000,6.3461e+10,0.40,0.13,44.00,6.5078e+11,2.62,1.35,28.00,4.9130e+11,1.98,1.02,28.00,6.1859e+12,3.56,12.84,4.00,1.0727e+12,0.16,2.23,1.01,5.3877e+11,1.09,1.12,14.00,3.9184e+13,90.20,81.32,16.00,198.664,1.336
590.0,200.000,50.00,50.00,6251.800,6051.800,8.312,190.8,1.382e-07,4.535e-13,22.500,14.404,703.4,9.209e+06,0.000,716.170,229.1,1.368e-07,9.880e-13,0.0,3.944e-13,5.215e-13,4.138e-13,-8.8,14.02,736.4,145.93,-54.1,-60.1,-47.2,-58.1,205.5,-51.8,-15.4,-8.6,190.1,-60.4,25.0,12.5,262.54,-2.62,303.43,4.90,102.60,5.86,0.72,10087200.0,3.1475e+13,1.598e+03,1.623e+00,5.204,1.0000,1.0916e+09,0.02,0.00,44.00,6.9002e+10,0.74,0.22,28.00,6.0089e+10,0.65,0.19,28.00,1.3050e+13,20.02,41.46,4.00,5.8357e+12,2.26,18.54,1.01,1.6516e+11,0.89,0.52,14.00,1.2294e+13,75.43,39.06,16.00,199.401,0.599
600.0,200.000,50.00,75.00,6251.800,6051.800,8.312,145.6,1.399e-07,3.471e-13,41.855,18.885,817.4,9.209e+06,0.000,1331.727,229.1,1.368e-07,9.880e-13,0.0,3.018e-13,3.992e-13,2.952e-13,-15.0,14.02,886.4,145.92,-64.9,-69.5,-59.6,-70.1,160.4,-120.5,23.7,-26.6,184.2,-147.0,25.0,12.5,262.54,-2.62,303.43,3.23,117.46,5.86,0.72,10087200.0,6.3725e+13,2.769e+03,1.657e+00,3.003,1.0000,1.5047e+07,0.00,0.00,44.00,6.9903e+09,0.10,0.01,28.00,7.1603e+09,0.10,0.01,28.00,2.5890e+13,51.85,40.63,4.00,3.3974e+13,17.18,53.31,1.01,5.0655e+10,0.36,0.08,14.00,3.7964e+12,30.41,5.96,16.00,200.311,-0.311
610.0,200.000,75.00,25.00,6251.800,6051.800,8.311,228.0,1.368e-07,9.488e-13,16.292,13.941,480.0,9.209e+06,0.000,518.733,229.1,1.368e-07,9.880e-13,0.0,8.250e-13,1.091e-12,8.025e-13,-15.4,14.02,521.9,344.23,-4.0,-16.5,10.4,-18.8,121.4,33.6,6.8,2.6,128.2,36.2,25.0,12.5,262.54,-2.62,303.43,6.56,90.36,5.86,0.72,10087200.0,4.2437e+13,6.325e+02,1.597e+00,13.145,1.0000,3.7257e+10,0.28,0.09,44.00,4.5523e+11,2.20,1.07,28.00,3.4680e+11,1.68,0.82,28.00,7.4212e+12,5.12,17.49,4.00,1.3667e+12,0.24,3.22,1.01,4.3739e+11,1.06,1.03,14.00,3.2372e+13,89.42,76.28,16.00,198.326,1.674
620.0,200.000,75.00,50.00,6251.800,6051.800,8.311,208.5,1.376e-07,5.797e-13,19.044,13.598,617.9,9.209e+06,0.000,606.261,229.1,1.368e-07,9.880e-13,0.0,5.041e-13,6.667e-13,5.940e-13,2.5,14.02,610.4,58.80,-41.3,-49.0,-32.5,-39.9,117.6,-65.3,-1.1,9.1,116.5,-56.1,25.0,12.5,262.54,-2.62,303.43,4.90,96.77,5.86,0.72,10087200.0,3.2969e+13,1.138e+03,1.609e+00,7.306,1.0000,5.8639e+09,0.07,0.02,44.00,1.6946e+11,1.29,0.51,28.00,1.3847e+11,1.06,0.42,28.00,9.9742e+12,10.86,30.25,4.00,2.9232e+12,0.80,8.87,1.01,2.6263e+11,1.00,0.80,14.00,1.9495e+13,84.92,59.13,16.00,199.288,0.712
630.0,200.000,75.00,75.00,6251.800,6051.800,8.311,191.2,1.382e-07,4.556e-13,22.400,14.377,701.7,9.209e+06,0.000,712.994,229.1,1.368e-07,9.880e-13,0.0,3.962e-13,5.240e-13,4.567e-13,0.2,14.02,700.8,58.84,-53.9,-59.9,-47.0,-53.8,91.8,-151.9,11.9,4.1,103.7,-147.8,25.0,12.5,262.54,-2.62,303.43,3.23,102.46,5.86,0.72,10087200.0,3.1436e+13,1.586e+03,1.623e+00,5.241,1.0000,1.1376e+09,0.02,0.00,44.00,7.0542e+10,0.75,0.22,28.00,6.1334e+10,0.65,0.20,28.00,1.2964e+13,19.74,41.24,4.00,5.7374e+12,2.21,18.25,1.01,1.6706e+11,0.89,0.53,14.00,1.2434e+13,75.74,39.55,16.00,200.694,-0.694
640.0,150.000,25.00,25.00,6201.800,6051.800,8.446,204.1,1.267e-05,2.021e-10,5.828,4.998,300.4,9.209e+06,0.000,159.166,194.2,9.548e-06,1.612e-10,0.0,1.758e-10,2.325e-10,2.246e-10,11.1,14.02,285.0,4428.61,25.4,9.0,44.2,39.3,203.5,12.8,-3.9,0.4,199.6,13.3,24.0,12.0,262.54,-2.62,303.43,6.56,83.49,5.86,0.72,10087200.0,4.0361e+15,3.072e+02,1.439e+00,27.066,1.0000,1.3381e+15,52.77,33.15,44.00,4.7535e+14,11.93,11.78,28.00,3.3477e+14,8.40,8.29,28.00,1.1007e+13,0.04,0.27,4.00,1.2239e+12,0.00,0.03,1.01,1.6974e+13,0.21,0.42,14.00,1.8587e+15,26.65,46.05,16.00,150.458,-0.458
650.0,150.000,25.00,50.00,6201.800,6051.800,8.446,168.2,5.607e-06,8.777e-11,5.291,4.403,307.8,9.209e+06,0.000,148.809,194.2,9.548e-06,1.612e-10,0.0,7.632e-11,1.009e-10,1.064e-10,21.3,14.02,279.5,816.12,-45.6,-52.7,-37.4,-34.0,197.2,-24.9,-8.0,13.4,189.2,-11.6,24.0,12.0,262.54,-2.62,303.43,4.90,106.11,5.86,0.72,10087200.0,2.1040e+15,3.798e+02,1.483e+00,21.894,1.0000,3.1240e+14,29.44,14.85,44.00,2.2089e+14,13.25,10.50,28.00,1.7789e+14,10.67,8.46,28.00,2.5004e+13,0.21,1.19,4.00,1.2575e+13,0.03,0.60,1.01,1.0464e+13,0.31,0.50,14.00,1.3447e+15,46.09,63.91,16.00,150.323,-0.323
660.0,150.000,25.00,75.00,6201.800,6051.800,8.446,140.4,3.141e-06,5.174e-11,5.641,4.648,302.2,9.209e+06,0.000,161.942,194.2,9.548e-06,1.612e-10,0.0,4.499e-11,5.950e-11,4.912e-11,-5.1,14.02,310.2,816.01,-67.9,-72.1,-63.1,-69.5,154.0,-58.0,-8.0,-7.2,145.9,-65.3,24.0,12.0,262.54,-2.62,303.43,3.23,128.32,5.86,0.72,10087200.0,1.5422e+15,4.325e+02,1.505e+00,19.226,1.0000,1.0264e+14,15.45,6.66,44.00,1.2446e+14,11.92,8.07,28.00,1.1910e+14,11.41,7.72,28.00,3.8592e+13,0.53,2.50,4.00,5.0672e+13,0.18,3.29,1.01,7.5900e+12,0.36,0.49,14.00,1.0991e+15,60.16,71.27,16.00,151.167,-1.167
670.0,150.000,50.00,25.00,6201.800,6051.800,8.446,201.5,1.176e-05,1.882e-10,5.358,4.664,300.2,9.209e+06,0.000,146.741,194.2,9.548e-06,1.612e-10,0.0,1.636e-10,2.164e-10,1.469e-10,-21.9,14.02,339.7,2057.09,16.7,1.5,34.2,-8.9,185.3,23.3,-9.2,-12.8,176.0,10.5,24.0,12.0,262.54,-2.62,303.43,6.56,86.61,5.86,0.72,10087200.0,3.8073e+15,3.101e+02,1.442e+00,26.810,1.0000,1.2267e+15,51.83,32.22,44.00,4.4366e+14,11.93,11.65,28.00,3.1321e+14,8.42,8.23,28.00,1.1992e+13,0.05,0.31,4.00,1.4764e+12,0.00,0.04,1.01,1.6170e+13,0.22,0.42,14.00,1.7941e+15,27.56,47.12,16.00,148.664,1.336
680.0,150.000,50.00,50.00,6201.800,6051.800,8.446,172.1,5.969e-06,9.377e-11,5.665,4.675,306.9,9.209e+06,0.000,158.985,194.2,9.548e-06,1.612e-10,0.0,8.154e-11,1.078e-10,9.824e-11,4.8,14.02,299.8,578.97,-41.8,-49.4,-33.1,-39.1,179.5,-45.2,-68.7,3.9,110.8,-41.3,24.0,12.0,262.55,-2.62,303.43,4.90,102.60,5.86,0.72,10087200.0,2.1951e+15,3.700e+02,1.479e+00,22.472,1.0000,3.6723e+14,32.32,16.73,44.00,2.3313e+14,13.06,10.62,28.00,1.8413e+14,10.31,8.39,28.00,2.2428e+13,0.18,1.02,4.00,8.2403e+12,0.02,0.38,1.01,1.0831e+13,0.30,0.49,14.00,1.3691e+15,43.82,62.37,16.00,149.401,0.599
690.0,150.000,50.00,75.00,6201.800,6051.800,8.446,144.6,3.308e-06,5.325e-11,5.991,4.775,305.5,9.209e+06,0.000,171.661,194.2,9.548e-06,1.612e-10,0.0,4.630e-11,6.123e-11,4.959e-11,-6.9,14.02,316.5,578.94,-67.0,-71.3,-62.0,-69.2,140.1,-105.2,-23.8,-4.3,116.3,-109.5,24.0,12.0,262.55,-2.62,303.43,3.23,117.45,5.86,0.72,10087200.0,1.5615e+15,4.295e+02,1.502e+00,19.360,1.0000,1.1630e+14,17.04,7.45,44.00,1.3360e+14,12.46,8.56,28.00,1.1864e+14,11.06,7.60,28.00,4.0267e+13,0.54,2.58,4.00,4.9236e+13,0.17,3.15,1.01,7.6906e+12,0.36,0.49,14.00,1.0958e+15,58.38,70.17,16.00,150.311,-0.311
700.0,150.000,75.00,25.00,6201.800,6051.800,8.446,197.9,1.068e-05,1.715e-10,4.933,4.348,300.2,9.209e+06,0.000,135.563,194.2,9.548e-06,1.612e-10,0.0,1.491e-10,1.972e-10,1.830e-10,6.7,14.02,290.6,1365.87,6.3,-7.5,22.3,13.5,106.0,29.3,-12.0,-1.4,94.0,28.0,24.0,12.0,262.55,-2.62,303.44,6.56,90.36,5.86,0.72,10087200.0,3.5277e+15,3.147e+02,1.447e+00,26.419,1.0000,1.0857e+15,50.31,30.78,44.00,4.0612e+14,11.98,11.51,28.00,2.8828e+14,8.50,8.17,28.00,1.3348e+13,0.06,0.38,4.00,1.8893e+12,0.00,0.05,1.01,1.5214e+13,0.22,0.43,14.00,1.7171e+15,28.93,48.68,16.00,148.326,1.674
710.0,150.000,75.00,50.00,6201.800,6051.800,8.446,178.9,6.723e-06,1.067e-10,6.300,5.164,304.5,9.209e+06,0.000,176.050,194.2,9.548e-06,1.612e-10,0.0,9.282e-11,1.228e-10,1.015e-10,-4.9,14.02,312.2,233.27,-33.8,-42.4,-23.9,-37.1,102.7,-57.0,-30.8,-4.2,71.9,-61.2,24.0,12.0,262.55,-2.62,303.44,4.90,96.77,5.86,0.72,10087200.0,2.4022e+15,3.521e+02,1.472e+00,23.617,1.0000,4.9087e+14,37.66,20.43,44.00,2.5892e+14,12.64,10.78,28.00,1.9769e+14,9.65,8.23,28.00,1.8615e+13,0.13,0.77,4.00,4.0866e+12,0.01,0.17,1.01,1.1574e+13,0.28,0.48,14.00,1.4204e+15,39.63,59.13,16.00,149.288,0.712
720.0,150.000,75.00,75.00,6201.800,6051.800,8.446,162.2,4.476e-06,7.179e-11,8.304,6.160,304.5,9.209e+06,0.000,235.428,194.2,9.548e-06,1.612e-10,0.0,6.242e-11,8.256e-11,6.023e-11,-16.1,14.02,332.5,233.39,-55.5,-61.3,-48.8,-62.6,80.2,-132.7,-34.0,-6.9,46.2,-139.5,24.0,12.0,262.55,-2.62,303.44,3.23,102.46,5.86,0.72,10087200.0,1.8050e+15,3.845e+02,1.487e+00,21.625,1.0000,2.4406e+14,27.49,13.52,44.00,1.7434e+14,12.49,9.66,28.00,1.4194e+14,10.17,7.86,28.00,2.4967e+13,0.26,1.38,4.00,8.1009e+12,0.02,0.45,1.01,9.1018e+12,0.33,0.50,14.00,1.2025e+15,49.24,66.62,16.00,150.694,-0.694
730.0,100.000,25.00,25.00,6151.800,6051.800,8.584,174.1,2.671e+00,7.990e-05,3.919,3.830,213.5,9.209e+06,0.000,58.996,173.9,2.667e+00,7.987e-05,0.0,7.364e-05,8.670e-05,8.104e-05,1.4,8.17,212.0,4400.35,0.0,-7.8,8.5,1.5,22.9,5.3,9.8,1.4,32.7,6.7,19.0,9.5,262.55,-2.62,303.44,6.56,83.48,5.86,0.72,10087200.0,1.1090e+21,1.920e+02,1.364e+00,43.309,1.0000,1.0614e+21,97.23,95.71,44.00,7.7841e+17,0.05,0.07,28.00,4.6638e+19,2.72,4.21,28.00,8.6786e+15,0.00,0.00,4.00,0.0000e+00,0.00,0.00,1.01,5.7456e+10,0.00,0.00,14.00,1.6323e+17,0.01,0.01,16.00,100.458,-0.458
740.0,100.000,25.00,50.00,6151.800,6051.800,8.584,173.6,2.659e+00,7.979e-05,3.883,3.819,213.2,9.209e+06,0.000,58.469,173.9,2.667e+00,7.987e-05,0.0,7.354e-05,8.657e-05,8.795e-05,10.2,8.17,203.1,808.96,-0.1,-7.9,8.4,10.1,21.2,-5.1,-26.8,-9.8,-5.6,-14.9,19.0,9.5,262.55,-2.62,303.44,4.90,106.11,5.86,0.72,10087200.0,1.1072e+21,1.919e+02,1.364e+00,43.317,1.0000,1.0603e+21,97.27,95.76,44.00,8.3855e+17,0.05,0.08,28.00,4.5879e+19,2.68,4.14,28.00,9.1543e+15,0.00,0.00,4.00,0.0000e+00,0.00,0.00,1.01,2.0663e+11,0.00,0.00,14.00,1.7304e+17,0.01,0.02,16.00,100.323,-0.323
750.0,100.000,25.00,75.00,6151.800,6051.800,8.584,173.1,2.647e+00,7.969e-05,3.852,3.810,212.9,9.209e+06,0.000,58.015,173.9,2.667e+00,7.987e-05,0.0,7.344e-05,8.646e-05,8.291e-05,4.1,8.17,208.7,808.94,-0.2,-8.0,8.3,3.8,9.3,-14.2,-14.5,-29.0,-5.2,-43.2,19.0,9.5,262.55,-2.62,303.44,3.23,128.32,5.86,0.72,10087200.0,1.1057e+21,1.919e+02,1.364e+00,43.325,1.0000,1.0594e+21,97.30,95.81,44.00,8.9506e+17,0.05,0.08,28.00,4.5224e+19,2.64,4.09,28.00,9.5926e+15,0.00,0.00,4.00,0.0000e+00,0.00,0.00,1.01,6.3427e+11,0.00,0.00,14.00,1.8211e+17,0.01,0.02,16.00,101.167,-1.167
760.0,100.000,50.00,25.00,6151.800,6051.800,8.584,172.0,2.692e+00,8.154e-05,3.789,3.721,212.3,9.209e+06,0.000,57.001,173.9,2.667e+00,7.987e-05,0.0,7.515e-05,8.847e-05,7.903e-05,-3.1,8.17,215.6,2039.96,2.1,-5.9,10.8,-1.1,20.9,8.7,-3.1,15.9,17.8,24.7,19.0,9.5,262.55,-2.62,303.44,6.56,86.61,5.86,0.72,10087200.0,1.1317e+21,1.920e+02,1.365e+00,43.308,1.0000,1.0831e+21,97.23,95.71,44.00,7.9434e+17,0.05,0.07,28.00,4.7592e+19,2.72,4.21,28.00,8.6786e+15,0.00,0.00,4.00,0.0000e+00,0.00,0.00,1.01,5.7453e+10,0.00,0.00,14.00,1.6657e+17,0.01,0.01,16.00,98.664,1.336
770.0,100.000,50.00,50.00,6151.800,6051.800,8.584,171.4,2.679e+00,8.142e-05,3.755,3.711,212.0,9.209e+06,0.000,56.509,173.9,2.667e+00,7.987e-05,0.0,7.504e-05,8.834e-05,8.560e-05,5.1,8.17,206.7,573.76,1.9,-6.0,10.6,7.2,19.3,-10.1,-9.2,-4.7,10.1,-14.9,19.0,9.5,262.55,-2.62,303.44,4.90,102.60,5.86,0.72,10087200.0,1.1299e+21,1.920e+02,1.365e+00,43.315,1.0000,1.0820e+21,97.27,95.76,44.00,8.5571e+17,0.05,0.08,28.00,4.6818e+19,2.68,4.14,28.00,9.1543e+15,0.00,0.00,4.00,0.0000e+00,0.00,0.00,1.01,2.0662e+11,0.00,0.00,14.00,1.7658e+17,0.01,0.02,16.00,99.401,0.599
780.0,100.000,50.00,75.00,6151.800,6051.800,8.584,171.0,2.668e+00,8.132e-05,3.725,3.703,211.7,9.209e+06,0.000,56.085,173.9,2.667e+00,7.987e-05,0.0,7.495e-05,8.823e-05,8.195e-05,0.8,8.17,210.9,573.78,1.8,-6.2,10.5,2.6,8.4,-26.6,5.9,-7.4,14.4,-34.1,19.0,9.5,262.55,-2.62,303.44,3.23,117.45,5.86,0.72,10087200.0,1.1283e+21,1.919e+02,1.366e+00,43.321,1.0000,1.0811e+21,97.30,95.81,44.00,9.1338e+17,0.05,0.08,28.00,4.6149e+19,2.64,4.09,28.00,9.5926e+15,0.00,0.00,4.00,0.0000e+00,0.00,0.00,1.01,6.3424e+11,0.00,0.00,14.00,1.8584e+17,0.01,0.02,16.00,100.311,-0.311
790.0,100.000,75.00,25.00,6151.800,6051.800,8.584,169.5,2.814e+00,8.651e-05,3.423,3.356,210.9,9.209e+06,0.000,51.353,173.9,2.667e+00,7.987e-05,0.0,7.974e-05,9.387e-05,8.281e-05,-4.3,8.17,215.5,1354.55,8.3,-0.2,17.5,3.7,11.9,9.3,14.1,14.4,26.0,23.6,19.0,9.5,262.55,-2.62,303.44,6.56,90.36,5.86,0.72,10087200.0,1.2007e+21,1.919e+02,1.367e+00,43.317,1.0000,1.1492e+21,97.23,95.71,44.00,8.4416e+17,0.05,0.07,28.00,5.0480e+19,2.72,4.20,28.00,8.6884e+15,0.00,0.00,4.00,0.0000e+00,0.00,0.00,1.01,5.9033e+10,0.00,0.00,14.00,1.7696e+17,0.01,0.01,16.00,98.326,1.674
800.0,100.000,75.00,50.00,6151.800,6051.800,8.584,169.0,2.802e+00,8.640e-05,3.397,3.348,210.5,9.209e+06,0.000,50.979,173.9,2.667e+00,7.987e-05,0.0,7.963e-05,9.374e-05,7.902e-05,-8.5,8.17,220.2,231.06,8.2,-0.3,17.4,-1.1,11.0,-14.5,0.2,28.2,11.2,13.6,19.0,9.5,262.55,-2.62,303.44,4.90,96.77,5.86,0.72,10087200.0,1.1989e+21,1.919e+02,1.367e+00,43.321,1.0000,1.1481e+21,97.27,95.76,44.00,9.0516e+17,0.05,0.08,28.00,4.9709e+19,2.68,4.15,28.00,9.1342e+15,0.00,0.00,4.00,0.0000e+00,0.00,0.00,1.01,1.9598e+11,0.00,0.00,14.00,1.8691e+17,0.01,0.02,16.00,99.288,0.712
810.0,100.000,75.00,75.00,6151.800,6051.800,8.584,168.5,2.791e+00,8.629e-05,3.375,3.342,210.3,9.209e+06,0.000,50.655,173.9,2.667e+00,7.987e-05,0.0,7.953e-05,9.363e-05,8.044e-05,-6.8,8.17,217.8,231.12,8.0,-0.4,17.2,0.7,4.8,-35.3,-16.9,21.8,-12.1,-13.5,19.0,9.5,262.55,-2.62,303.44,3.23,102.45,5.86,0.72,10087200.0,1.1974e+21,1.919e+02,1.367e+00,43.325,1.0000,1.1472e+21,97.29,95.81,44.00,9.6223e+17,0.05,0.08,28.00,4.9044e+19,2.65,4.10,28.00,9.5435e+15,0.00,0.00,4.00,0.0000e+00,0.00,0.00,1.01,5.6086e+11,0.00,0.00,14.00,1.9608e+17,0.01,0.02,16.00,100.694,-0.694
820.0,50.000,25.00,25.00,6101.800,6051.800,8.725,350.5,1.066e+05,1.594e+00,7.748,9.396,291.9,9.209e+06,0.012,34.545,350.5,1.066e+05,1.594e+00,0.0,1.563e+00,1.626e+00,1.607e+00,0.8,1.98,290.7,2900.34,-0.0,-2.0,2.0,0.8,-62.5,1.8,8.2,-1.6,-54.3,0.3,10.3,5.2,262.55,-2.62,303.44,6.56,83.48,5.86,0.72,10087200.0,2.2098e+25,1.914e+02,1.274e+00,43.440,0.9970,2.1324e+25,97.74,96.50,44.00,0.0000e+00,0.00,0.00,28.00,7.7342e+23,2.26,3.50,28.00,0.0000e+00,0.00,0.00,4.00,0.0000e+00,0.00,0.00,1.01,0.0000e+00,0.00,0.00,14.00,0.0000e+00,0.00,0.00,16.00,50.458,-0.458
830.0,50.000,25.00,50.00,6101.800,6051.800,8.725,350.5,1.066e+05,1.594e+00,7.748,9.396,291.9,9.209e+06,0.012,34.545,350.5,1.066e+05,1.594e+00,0.0,1.563e+00,1.626e+00,1.615e+00,1.3,1.98,290.0,532.28,-0.0,-2.0,2.0,1.3,-62.5,1.8,-15.1,1.1,-77.6,3.0,10.3,5.2,262.55,-2.62,303.44,4.90,106.10,5.86,0.72,10087200.0,2.2098e+25,1.914e+02,1.274e+00,43.440,0.9970,2.1324e+25,97.74,96.50,44.00,0.0000e+00,0.00,0.00,28.00,7.7342e+23,2.26,3.50,28.00,0.0000e+00,0.00,0.00,4.00,0.0000e+00,0.00,0.00,1.01,0.0000e+00,0.00,0.00,14.00,0.0000e+00,0.00,0.00,16.00,50.323,-0.323
840.0,50.000,25.00,75.00,6101.800,6051.800,8.725,350.5,1.066e+05,1.594e+00,7.748,9.396,291.9,9.209e+06,0.012,34.545,350.5,1.066e+05,1.594e+00,0.0,1.563e+00,1.626e+00,1.584e+00,-0.7,1.98,292.9,532.28,-0.0,-2.0,2.0,-0.7,-62.5,1.8,-12.0,4.0,-74.5,5.9,10.3,5.2,262.55,-2.62,303.44,3.23,128.31,5.86,0.72,10087200.0,2.2098e+25,1.914e+02,1.274e+00,43.440,0.9970,2.1324e+25,97.74,96.50,44.00,0.0000e+00,0.00,0.00,28.00,7.7342e+23,2.26,3.50,28.00,0.0000e+00,0.00,0.00,4.00,0.0000e+00,0.00,0.00,1.01,0.0000e+00,0.00,0.00,14.00,0.0000e+00,0.00,0.00,16.00,51.167,-1.167
850.0,50.000,50.00,25.00,6101.800,6051.800,8.725,347.4,1.051e+05,1.585e+00,7.855,9.449,290.7,9.209e+06,0.011,35.138,350.5,1.066e+05,1.594e+00,0.0,1.554e+00,1.617e+00,1.613e+00,1.8,1.98,288.2,1342.11,-0.5,-2.5,1.4,1.2,-56.9,2.4,4.2,-0.1,-52.7,2.3,10.3,5.2,262.55,-2.62,303.44,6.56,86.60,5.86,0.72,10087200.0,2.1977e+25,1.914e+02,1.275e+00,43.440,0.9968,2.1207e+25,97.74,96.50,44.00,0.0000e+00,0.00,0.00,28.00,7.6918e+23,2.26,3.50,28.00,0.0000e+00,0.00,0.00,4.00,0.0000e+00,0.00,0.00,1.01,0.0000e+00,0.00,0.00,14.00,0.0000e+00,0.00,0.00,16.00,48.664,1.336
860.0,50.000,50.00,50.00,6101.800,6051.800,8.725,347.4,1.051e+05,1.585e+00,7.855,9.449,290.7,9.209e+06,0.011,35.138,350.5,1.066e+05,1.594e+00,0.0,1.554e+00,1.617e+00,1.557e+00,-1.8,1.98,293.4,377.54,-0.5,-2.5,1.4,-2.3,-56.9,2.4,13.3,-5.1,-43.6,-2.7,10.3,5.2,262.55,-2.62,303.44,4.90,102.59,5.86,0.72,10087200.0,2.1977e+25,1.914e+02,1.275e+00,43.440,0.9968,2.1207e+25,97.74,96.50,44.00,0.0000e+00,0.00,0.00,28.00,7.6918e+23,2.26,3.50,28.00,0.0000e+00,0.00,0.00,4.00,0.0000e+00,0.00,0.00,1.01,0.0000e+00,0.00,0.00,14.00,0.0000e+00,0.00,0.00,16.00,49.401,0.599
870.0,50.000,50.00,75.00,6101.800,6051.800,8.725,347.4,1.051e+05,1.585e+00,7.855,9.449,290.7,9.209e+06,0.011,35.138,350.5,1.066e+05,1.594e+00,0.0,1.554e+00,1.617e+00,1.597e+00,0.8,1.98,289.7,377.54,-0.5,-2.5,1.4,0.2,-56.9,2.4,-0.1,3.4,-57.0,5.7,10.3,5.2,262.55,-2.62,303.44,3.23,117.45,5.86,0.72,10087200.0,2.1977e+25,1.914e+02,1.275e+00,43.440,0.9968,2.1207e+25,97.74,96.50,44.00,0.0000e+00,0.00,0.00,28.00,7.6918e+23,2.26,3.50,28.00,0.0000e+00,0.00,0.00,4.00,0.0000e+00,0.00,0.00,1.01,0.0000e+00,0.00,0.00,14.00,0.0000e+00,0.00,0.00,16.00,50.311,-0.311
880.0,50.000,75.00,25.00,6101.800,6051.800,8.725,327.3,1.006e+05,1.612e+00,7.371,8.975,283.0,9.209e+06,0.011,33.293,350.5,1.066e+05,1.594e+00,0.0,1.580e+00,1.644e+00,1.603e+00,-0.6,1.98,283.8,891.16,1.1,-0.9,3.2,0.6,-32.6,1.2,2.6,-2.1,-30.0,-0.9,10.3,5.2,262.55,-2.62,303.44,6.56,90.35,5.86,0.72,10087200.0,2.2347e+25,1.914e+02,1.283e+00,43.440,0.9963,2.1565e+25,97.74,96.50,44.00,0.0000e+00,0.00,0.00,28.00,7.8215e+23,2.26,3.50,28.00,0.0000e+00,0.00,0.00,4.00,0.0000e+00,0.00,0.00,1.01,0.0000e+00,0.00,0.00,14.00,0.0000e+00,0.00,0.00,16.00,48.326,1.674
890.0,50.000,75.00,50.00,6101.800,6051.800,8.725,327.3,1.006e+05,1.612e+00,7.371,8.975,283.0,9.209e+06,0.011,33.293,350.5,1.066e+05,1.594e+00,0.0,1.580e+00,1.644e+00,1.632e+00,1.2,1.98,281.3,152.04,1.1,-0.9,3.2,2.4,-32.6,1.2,-15.9,-9.4,-48.5,-8.2,10.3,5.2,262.55,-2.62,303.44,4.90,96.77,5.86,0.72,10087200.0,2.2347e+25,1.914e+02,1.283e+00,43.440,0.9963,2.1565e+25,97.74,96.50,44.00,0.0000e+00,0.00,0.00,28.00,7.8215e+23,2.26,3.50,28.00,0.0000e+00,0.00,0.00,4.00,0.0000e+00,0.00,0.00,1.01,0.0000e+00,0.00,0.00,14.00,0.0000e+00,0.00,0.00,16.00,49.288,0.712
900.0,50.000,75.00,75.00,6101.800,6051.800,8.725,327.3,1.006e+05,1.612e+00,7.371,8.975,283.0,9.209e+06,0.011,33.293,350.5,1.066e+05,1.594e+00,0.0,1.580e+00,1.644e+00,1.621e+00,0.6,1.98,282.2,152.04,1.1,-0.9,3.2,1.7,-32.6,1.2,-19.9,3.6,-52.4,4.8,10.3,5.2,262.55,-2.62,303.44,3.23,102.45,5.86,0.72,10087200.0,2.2347e+25,1.914e+02,1.283e+00,43.440,0.9963,2.1565e+25,97.74,96.50,44.00,0.0000e+00,0.00,0.00,28.00,7.8215e+23,2.26,3.50,28.00,0.0000e+00,0.00,0.00,4.00,0.0000e+00,0.00,0.00,1.01,0.0000e+00,0.00,0.00,14.00,0.0000e+00,0.00,0.00,16.00,50.694,-0.694
