variant,point,func,address,from_image
stock,p1,spacecraft_dynamics!,0x7b83ec72b220,false
stock,p1,_spacecraft_dynamics_dispatch!,0x7b83ec6ff520,false
stock,p1,_evaluate_dynamic_effector,0x7b83ec6e6a40,false
stock,p1,calcForceTorque,0x7b83ec76e0a0,false
stock,p1,_harmonics_scalar_force_ii,0x7b83ec76c290,false
workload,p1,spacecraft_dynamics!,0x7777ce67e7a0,true
workload,p1,spacecraft_dynamics!,0x7777cd26db60,true
workload,p1,spacecraft_dynamics!,0x7777cdc5cc50,true
workload,p1,spacecraft_dynamics!,0x7777cfd57950,true
workload,p1,spacecraft_dynamics!,0x7777cef4c930,true
workload,p1,spacecraft_dynamics!,0x7777cd6897c0,true
workload,p1,_spacecraft_dynamics_dispatch!,0x7777d000ac00,true
workload,p1,_spacecraft_dynamics_dispatch!,0x7777cf17df10,true
workload,p1,_spacecraft_dynamics_dispatch!,0x7777cf1fbaa0,true
workload,p1,_spacecraft_dynamics_dispatch!,0x7777cf4d49f0,true
workload,p1,_spacecraft_dynamics_dispatch!,0x7777cf44d650,true
workload,p1,_spacecraft_dynamics_dispatch!,0x7777ce407120,true
workload,p1,_evaluate_dynamic_effector,0x7777d0415cc0,true
workload,p1,_evaluate_dynamic_effector,0x7777cf96d5d0,true
workload,p1,_evaluate_dynamic_effector,0x7777cf3e92f0,true
workload,p1,_evaluate_dynamic_effector,0x7777ce750be0,true
workload,p1,_evaluate_dynamic_effector,0x7777d0031030,true
workload,p1,calcForceTorque,0x7777cef35d10,true
workload,p1,calcForceTorque,0x7777cf512590,true
workload,p1,calcForceTorque,0x7777d04ade50,true
workload,p1,_harmonics_scalar_force_ii,0x7777cefa4210,true
