sample,member,wall_s,vm_rss_kb,vm_hwm_kb,gc_live_bytes,gc_total_bytes,gc_pauses,gc_full_sweeps,malloc_in_use_bytes,malloc_arena_bytes,atmospheres_created,atmospheres_finalized,heap_size_hint,definition,model,gc_every
1,1,51.5799,1850164,1850164,408854928,5919555376,28,5,246251824,505393152,0,0,0,new,run_epoch,0
2,2,0.0043,1850236,1850236,416950848,5927651296,28,5,248196064,505393152,0,0,0,new,run_epoch,0
3,3,0.0036,1850236,1850236,418045528,5928745976,28,5,248384640,505393152,0,0,0,new,run_epoch,0
4,4,0.0035,1850236,1850236,419140208,5929840656,28,5,248573408,505393152,0,0,0,new,run_epoch,0
5,5,0.0035,1850236,1850236,420234888,5930935336,28,5,248761984,505393152,0,0,0,new,run_epoch,0
6,6,0.0035,1850236,1850236,421329568,5932030016,28,5,248950560,505393152,0,0,0,new,run_epoch,0
7,7,0.0035,1850236,1850236,422424248,5933124696,28,5,249139328,505393152,0,0,0,new,run_epoch,0
8,8,0.0035,1850236,1850236,423518928,5934219376,28,5,249327904,505393152,0,0,0,new,run_epoch,0
9,9,0.0035,1850236,1850236,424613608,5935314056,28,5,249516480,505393152,0,0,0,new,run_epoch,0
10,10,0.0035,1850236,1850236,425708288,5936408736,28,5,249705248,505393152,0,0,0,new,run_epoch,0
11,11,0.0035,1850236,1850236,426802968,5937503416,28,5,249893824,505393152,0,0,0,new,run_epoch,0
12,12,0.0035,1850236,1850236,427897648,5938598096,28,5,250082400,505393152,0,0,0,new,run_epoch,0
13,13,0.0035,1850236,1850236,428992328,5939692776,28,5,250271168,505393152,0,0,0,new,run_epoch,0
14,14,0.0035,1850236,1850236,430087008,5940787456,28,5,250459744,505393152,0,0,0,new,run_epoch,0
15,15,0.0035,1850236,1850236,431181976,5941882424,28,5,250648320,505393152,0,0,0,new,run_epoch,0
16,16,0.0033,1850236,1850236,432230544,5942930992,28,5,250837088,505393152,0,0,0,new,run_epoch,0
17,17,0.0033,1850236,1850236,433279112,5943979560,28,5,251025664,505393152,0,0,0,new,run_epoch,0
18,18,0.0035,1850236,1850236,434327680,5945028128,28,5,251214240,505393152,0,0,0,new,run_epoch,0
19,19,0.0034,1850236,1850236,435376248,5946076696,28,5,251403008,505393152,0,0,0,new,run_epoch,0
20,20,0.0033,1850236,1850236,436424816,5947125264,28,5,251591584,505393152,0,0,0,new,run_epoch,0
21,21,0.0033,1850236,1850236,437473384,5948173832,28,5,251780160,505393152,0,0,0,new,run_epoch,0
22,22,0.0033,1850236,1850236,438521952,5949222400,28,5,251968928,505393152,0,0,0,new,run_epoch,0
23,23,0.0033,1850236,1850236,439570520,5950270968,28,5,252157504,505393152,0,0,0,new,run_epoch,0
24,24,0.0033,1850236,1850236,440619088,5951319536,28,5,252346080,505393152,0,0,0,new,run_epoch,0
25,25,0.0033,1850236,1850236,441667656,5952368104,28,5,252534848,505393152,0,0,0,new,run_epoch,0
26,26,0.0033,1850236,1850236,442721136,5953421584,28,5,252756208,505393152,0,0,0,new,run_epoch,0
27,27,0.0033,1850236,1850236,443769704,5954470152,28,5,252944784,505393152,0,0,0,new,run_epoch,0
28,28,0.0033,1850236,1850236,444818272,5955518720,28,5,253133552,505393152,0,0,0,new,run_epoch,0
29,29,0.0033,1850236,1850236,445866840,5956567288,28,5,253322128,505393152,0,0,0,new,run_epoch,0
30,30,0.0033,1850236,1850236,446915408,5957615856,28,5,253510704,505393152,0,0,0,new,run_epoch,0
31,31,0.0034,1850236,1850236,448003784,5958704232,28,5,253699472,505393152,0,0,0,new,run_epoch,0
32,32,0.0033,1850236,1850236,449052352,5959752800,28,5,253888048,505393152,0,0,0,new,run_epoch,0
33,33,0.0033,1850236,1850236,450100920,5960801368,28,5,254076624,505393152,0,0,0,new,run_epoch,0
34,34,0.0033,1850236,1850236,451149488,5961849936,28,5,254265392,505393152,0,0,0,new,run_epoch,0
35,35,0.0033,1850236,1850236,452198056,5962898504,28,5,254453968,505393152,0,0,0,new,run_epoch,0
36,36,0.0034,1850236,1850236,453286432,5963986880,28,5,254642544,505393152,0,0,0,new,run_epoch,0
37,37,0.0034,1850236,1850236,454374808,5965075256,28,5,254831312,505393152,0,0,0,new,run_epoch,0
38,38,0.0034,1850236,1850236,455463184,5966163632,28,5,255019888,505393152,0,0,0,new,run_epoch,0
39,39,0.0034,1850236,1850236,456551848,5967252296,28,5,255208464,505393152,0,0,0,new,run_epoch,0
40,40,0.0034,1850236,1850236,457640224,5968340672,28,5,255397232,505393152,0,0,0,new,run_epoch,0
41,41,0.0034,1850236,1850236,458728600,5969429048,28,5,255585808,505393152,0,0,0,new,run_epoch,0
42,42,0.0034,1850236,1850236,459816976,5970517424,28,5,255774384,505393152,0,0,0,new,run_epoch,0
43,43,0.0034,1850236,1850236,460905352,5971605800,28,5,255963152,505393152,0,0,0,new,run_epoch,0
44,44,0.0034,1850236,1850236,461993728,5972694176,28,5,256151728,505393152,0,0,0,new,run_epoch,0
45,45,0.0034,1850236,1850236,463082104,5973782552,28,5,256340304,505393152,0,0,0,new,run_epoch,0
46,46,0.0035,1850236,1850236,464170480,5974870928,28,5,256529072,505393152,0,0,0,new,run_epoch,0
47,47,0.0037,1850236,1850236,465258856,5975959304,28,5,256717648,505393152,0,0,0,new,run_epoch,0
48,48,0.0035,1850300,1850300,466347232,5977047680,28,5,256906224,505393152,0,0,0,new,run_epoch,0
49,49,0.0035,1850740,1850740,467435608,5978136056,28,5,257094992,505393152,0,0,0,new,run_epoch,0
50,50,0.0035,1851180,1851180,468523984,5979224432,28,5,257283568,505393152,0,0,0,new,run_epoch,0
51,51,0.0035,1851616,1851616,469616984,5980317432,28,5,257504928,505393152,0,0,0,new,run_epoch,0
52,52,0.0035,1852072,1852072,470705360,5981405808,28,5,257693696,505393152,0,0,0,new,run_epoch,0
53,53,0.0035,1852528,1852528,471793736,5982494184,28,5,257882272,505393152,0,0,0,new,run_epoch,0
54,54,0.0036,1852984,1852984,472882112,5983582560,28,5,258070848,505393152,0,0,0,new,run_epoch,0
55,55,0.0035,1853440,1853440,473970488,5984670936,28,5,258259616,505393152,0,0,0,new,run_epoch,0
56,56,0.0035,1853892,1853892,475058864,5985759312,28,5,258448192,505393152,0,0,0,new,run_epoch,0
57,57,0.0035,1854348,1854348,476147240,5986847688,28,5,258636768,505393152,0,0,0,new,run_epoch,0
58,58,0.0035,1854804,1854804,477235616,5987936064,28,5,258825536,505393152,0,0,0,new,run_epoch,0
59,59,0.0038,1855292,1855292,478408264,5989108712,28,5,259014112,505393152,0,0,0,new,run_epoch,0
60,60,0.0035,1855748,1855748,479496640,5990197088,28,5,259202688,505393152,0,0,0,new,run_epoch,0
61,61,0.0035,1856204,1856204,480585016,5991285464,28,5,259391456,505393152,0,0,0,new,run_epoch,0
62,62,0.0035,1856660,1856660,481673392,5992373840,28,5,259580032,505393152,0,0,0,new,run_epoch,0
63,63,0.0038,1857192,1857192,482846328,5993546776,28,5,259768608,505393152,0,0,0,new,run_epoch,0
64,64,0.0035,1857720,1857720,483934704,5994635152,28,5,259957376,505393152,0,0,0,new,run_epoch,0
65,65,0.0038,1858284,1858284,485107352,5995807800,28,5,260145952,505393152,0,0,0,new,run_epoch,0
66,66,0.0039,1858848,1858848,486280000,5996980448,28,5,260334528,505393152,0,0,0,new,run_epoch,0
67,67,0.0038,1859412,1859412,487452648,5998153096,28,5,260523296,505393152,0,0,0,new,run_epoch,0
68,68,0.0039,1860000,1860000,488663456,5999363904,28,5,260711872,505393152,0,0,0,new,run_epoch,0
69,69,0.0038,1860564,1860564,489836104,6000536552,28,5,260900448,505393152,0,0,0,new,run_epoch,0
70,70,0.0039,1861152,1861152,491046912,6001747360,28,5,261089216,505393152,0,0,0,new,run_epoch,0
71,71,0.0039,1861720,1861720,492219560,6002920008,28,5,261277792,505393152,0,0,0,new,run_epoch,0
72,72,0.0039,1862284,1862284,493392208,6004092656,28,5,261466368,505393152,0,0,0,new,run_epoch,0
73,73,0.0038,1862848,1862848,494564856,6005265304,28,5,261655136,505393152,0,0,0,new,run_epoch,0
74,74,0.0039,1863432,1863432,495775664,6006476112,28,5,261843712,505393152,0,0,0,new,run_epoch,0
75,75,0.0040,1864044,1864044,497010408,6007710856,28,5,262032288,505393152,0,0,0,new,run_epoch,0
76,76,0.3873,1820384,1863024,103472744,6008888320,29,5,206955520,505393152,0,0,0,new,run_epoch,0
77,77,0.0043,1820384,1863024,104683552,6010099128,29,5,207144096,505393152,0,0,0,new,run_epoch,0
78,78,0.0040,1820384,1863024,105856200,6011271776,29,5,207332672,505393152,0,0,0,new,run_epoch,0
79,79,0.0041,1820384,1863024,107090944,6012506520,29,5,207521440,505393152,0,0,0,new,run_epoch,0
80,80,0.0040,1820384,1863024,108325688,6013741264,29,5,207710016,505393152,0,0,0,new,run_epoch,0
81,81,0.0040,1820384,1863024,109560432,6014976008,29,5,207898592,505393152,0,0,0,new,run_epoch,0
82,82,0.0040,1820384,1863024,110795176,6016210752,29,5,208087360,505393152,0,0,0,new,run_epoch,0
83,83,0.0039,1820384,1863024,112029920,6017445496,29,5,208275936,505393152,0,0,0,new,run_epoch,0
84,84,0.0040,1820384,1863024,113272696,6018688272,29,5,208464512,505393152,0,0,0,new,run_epoch,0
85,85,0.0040,1820384,1863024,114523424,6019939000,29,5,208653280,505393152,0,0,0,new,run_epoch,0
86,86,0.0040,1820384,1863024,115774152,6021189728,29,5,208841856,505393152,0,0,0,new,run_epoch,0
87,87,0.0040,1820384,1863024,117025168,6022440744,29,5,209030432,505393152,0,0,0,new,run_epoch,0
88,88,0.0040,1820384,1863024,118259912,6023675488,29,5,209219200,505393152,0,0,0,new,run_epoch,0
89,89,0.0040,1820384,1863024,119510640,6024926216,29,5,209407776,505393152,0,0,0,new,run_epoch,0
90,90,0.0040,1820384,1863024,120761368,6026176944,29,5,209596352,505393152,0,0,0,new,run_epoch,0
91,91,0.0040,1820384,1863024,122012096,6027427672,29,5,209785120,505393152,0,0,0,new,run_epoch,0
92,92,0.0040,1820384,1863024,123262824,6028678400,29,5,209973696,505393152,0,0,0,new,run_epoch,0
93,93,0.0040,1820384,1863024,124513552,6029929128,29,5,210162272,505393152,0,0,0,new,run_epoch,0
94,94,0.0041,1820384,1863024,125764280,6031179856,29,5,210351040,505393152,0,0,0,new,run_epoch,0
95,95,0.0041,1820384,1863024,127015008,6032430584,29,5,210539616,505393152,0,0,0,new,run_epoch,0
96,96,0.0040,1820384,1863024,128265736,6033681312,29,5,210728192,505393152,0,0,0,new,run_epoch,0
97,97,0.0041,1820384,1863024,129516464,6034932040,29,5,210916960,505393152,0,0,0,new,run_epoch,0
98,98,0.0042,1820384,1863024,130767192,6036182768,29,5,211105536,505393152,0,0,0,new,run_epoch,0
99,99,0.0043,1820384,1863024,132017920,6037433496,29,5,211294112,505393152,0,0,0,new,run_epoch,0
100,100,0.0041,1820384,1863024,133268648,6038684224,29,5,211482880,505393152,0,0,0,new,run_epoch,0
101,101,0.0040,1820384,1863024,134493920,6039909496,29,5,211704240,505393152,0,0,0,new,run_epoch,0
102,102,0.0040,1820384,1863024,135714568,6041130144,29,5,211892816,505393152,0,0,0,new,run_epoch,0
103,103,0.0039,1820384,1863024,136935216,6042350792,29,5,212081584,505393152,0,0,0,new,run_epoch,0
104,104,0.0039,1820384,1863024,138155864,6043571440,29,5,212270160,505393152,0,0,0,new,run_epoch,0
105,105,0.0039,1820384,1863024,139376512,6044792088,29,5,212458736,505393152,0,0,0,new,run_epoch,0
106,106,0.0039,1820384,1863024,140597160,6046012736,29,5,212647504,505393152,0,0,0,new,run_epoch,0
107,107,0.0039,1820384,1863024,141817808,6047233384,29,5,212836080,505393152,0,0,0,new,run_epoch,0
108,108,0.0039,1820384,1863024,143038456,6048454032,29,5,213024656,505393152,0,0,0,new,run_epoch,0
109,109,0.0039,1820384,1863024,144259104,6049674680,29,5,213213424,505393152,0,0,0,new,run_epoch,0
110,110,0.0039,1820384,1863024,145479752,6050895328,29,5,213402000,505393152,0,0,0,new,run_epoch,0
111,111,0.0039,1820384,1863024,146700688,6052116264,29,5,213590576,505393152,0,0,0,new,run_epoch,0
112,112,0.0039,1820384,1863024,147921336,6053336912,29,5,213779344,505393152,0,0,0,new,run_epoch,0
113,113,0.0039,1820384,1863024,149141984,6054557560,29,5,213967920,505393152,0,0,0,new,run_epoch,0
114,114,0.0039,1820384,1863024,150362632,6055778208,29,5,214156496,505393152,0,0,0,new,run_epoch,0
115,115,0.0039,1820384,1863024,151583280,6056998856,29,5,214345264,505393152,0,0,0,new,run_epoch,0
116,116,0.0039,1820384,1863024,152796008,6058211584,29,5,214533840,505393152,0,0,0,new,run_epoch,0
117,117,0.0040,1820384,1863024,154008640,6059424216,29,5,214722416,505393152,0,0,0,new,run_epoch,0
118,118,0.0039,1820384,1863024,155221272,6060636848,29,5,214911184,505393152,0,0,0,new,run_epoch,0
119,119,0.0039,1820384,1863024,156433904,6061849480,29,5,215099760,505393152,0,0,0,new,run_epoch,0
120,120,0.0038,1820384,1863024,157646536,6063062112,29,5,215288336,505393152,0,0,0,new,run_epoch,0
121,121,0.0039,1820384,1863024,158859168,6064274744,29,5,215477104,505393152,0,0,0,new,run_epoch,0
122,122,0.0041,1820384,1863024,160095736,6065511312,29,5,215665680,505393152,0,0,0,new,run_epoch,0
123,123,0.0039,1820384,1863024,161308368,6066723944,29,5,215854256,505393152,0,0,0,new,run_epoch,0
124,124,0.0039,1820384,1863024,162521000,6067936576,29,5,216043024,505393152,0,0,0,new,run_epoch,0
125,125,0.0039,1820384,1863024,163733632,6069149208,29,5,216231600,505393152,0,0,0,new,run_epoch,0
126,126,0.0039,1820396,1863024,164950888,6070366464,29,5,216452960,505393152,0,0,0,new,run_epoch,0
127,127,0.0039,1820396,1863024,166163520,6071579096,29,5,216641728,505393152,0,0,0,new,run_epoch,0
128,128,0.0039,1820396,1863024,167376152,6072791728,29,5,216830304,505393152,0,0,0,new,run_epoch,0
129,129,0.0038,1820396,1863024,168588784,6074004360,29,5,217018880,505393152,0,0,0,new,run_epoch,0
130,130,0.0039,1820408,1863024,169801416,6075216992,29,5,217207648,505393152,0,0,0,new,run_epoch,0
131,131,0.0039,1820408,1863024,171014048,6076429624,29,5,217396224,505393152,0,0,0,new,run_epoch,0
132,132,0.0039,1820408,1863024,172226680,6077642256,29,5,217584800,505393152,0,0,0,new,run_epoch,0
133,133,0.0039,1820408,1863024,173439312,6078854888,29,5,217773568,505393152,0,0,0,new,run_epoch,0
134,134,0.0040,1820408,1863024,174659960,6080075536,29,5,217962144,505393152,0,0,0,new,run_epoch,0
135,135,0.0039,1820408,1863024,175880896,6081296472,29,5,218150720,505393152,0,0,0,new,run_epoch,0
136,136,0.0040,1820408,1863024,177101544,6082517120,29,5,218339488,505393152,0,0,0,new,run_epoch,0
137,137,0.0039,1820408,1863024,178322192,6083737768,29,5,218528064,505393152,0,0,0,new,run_epoch,0
138,138,0.0039,1820408,1863024,179542840,6084958416,29,5,218716640,505393152,0,0,0,new,run_epoch,0
139,139,0.0039,1820408,1863024,180763488,6086179064,29,5,218905408,505393152,0,0,0,new,run_epoch,0
140,140,0.0039,1820408,1863024,181984136,6087399712,29,5,219093984,505393152,0,0,0,new,run_epoch,0
141,141,0.0041,1820408,1863024,183204784,6088620360,29,5,219282560,505393152,0,0,0,new,run_epoch,0
142,142,0.0039,1820408,1863024,184425432,6089841008,29,5,219471328,505393152,0,0,0,new,run_epoch,0
143,143,0.0039,1820408,1863024,185646080,6091061656,29,5,219659904,505393152,0,0,0,new,run_epoch,0
144,144,0.0039,1820408,1863024,186866728,6092282304,29,5,219848480,505393152,0,0,0,new,run_epoch,0
145,145,0.0040,1820408,1863024,188109552,6093525128,29,5,220037248,505393152,0,0,0,new,run_epoch,0
146,146,0.0043,1820408,1863024,189376312,6094791888,29,5,220225824,505393152,0,0,0,new,run_epoch,0
147,147,0.0043,1820408,1863024,190643072,6096058648,29,5,220414400,505393152,0,0,0,new,run_epoch,0
148,148,0.0041,1820408,1863024,191885896,6097301472,29,5,220603168,505393152,0,0,0,new,run_epoch,0
149,149,0.0041,1820408,1863024,193152656,6098568232,29,5,220791744,505393152,0,0,0,new,run_epoch,0
150,150,0.0041,1820408,1863024,194419416,6099834992,29,5,220980320,505393152,0,0,0,new,run_epoch,0
151,151,0.0041,1820408,1863024,195690800,6101106376,29,5,221201872,505393152,0,0,0,new,run_epoch,0
152,152,0.0041,1820408,1863024,196957560,6102373136,29,5,221390448,505393152,0,0,0,new,run_epoch,0
153,153,0.0040,1820408,1863024,198224320,6103639896,29,5,221579024,505393152,0,0,0,new,run_epoch,0
154,154,0.0041,1820408,1863024,199491080,6104906656,29,5,221767792,505393152,0,0,0,new,run_epoch,0
155,155,0.0041,1820408,1863024,200757840,6106173416,29,5,221956368,505393152,0,0,0,new,run_epoch,0
156,156,0.0042,1820408,1863024,202048536,6107464112,29,5,222144944,505393152,0,0,0,new,run_epoch,0
157,157,0.0041,1820408,1863024,203315296,6108730872,29,5,222333712,505393152,0,0,0,new,run_epoch,0
158,158,0.0041,1820408,1863024,204582056,6109997632,29,5,222522288,505393152,0,0,0,new,run_epoch,0
159,159,0.0041,1820408,1863024,205849104,6111264680,29,5,222710864,505393152,0,0,0,new,run_epoch,0
160,160,0.0041,1820408,1863024,207123816,6112539392,29,5,222899632,505393152,0,0,0,new,run_epoch,0
161,161,0.0041,1820408,1863024,208398528,6113814104,29,5,223088208,505393152,0,0,0,new,run_epoch,0
162,162,0.0040,1820408,1863024,209649304,6115064880,29,5,223276784,505393152,0,0,0,new,run_epoch,0
163,163,0.0040,1820408,1863024,210900080,6116315656,29,5,223465552,505393152,0,0,0,new,run_epoch,0
164,164,0.0040,1820408,1863024,212150856,6117566432,29,5,223654128,505393152,0,0,0,new,run_epoch,0
165,165,0.0040,1820408,1863024,213401632,6118817208,29,5,223842704,505393152,0,0,0,new,run_epoch,0
166,166,0.0040,1820408,1863024,214652408,6120067984,29,5,224031472,505393152,0,0,0,new,run_epoch,0
167,167,0.0040,1820408,1863024,215903184,6121318760,29,5,224220048,505393152,0,0,0,new,run_epoch,0
168,168,0.0041,1820408,1863024,217153960,6122569536,29,5,224408624,505393152,0,0,0,new,run_epoch,0
169,169,0.0042,1820408,1863024,218404736,6123820312,29,5,224597392,505393152,0,0,0,new,run_epoch,0
170,170,0.0042,1820408,1863024,219701624,6125117200,29,5,224785968,505393152,0,0,0,new,run_epoch,0
171,171,0.0041,1820408,1863024,220952400,6126367976,29,5,224974544,505393152,0,0,0,new,run_epoch,0
172,172,0.0042,1820408,1863024,222249288,6127664864,29,5,225163312,505393152,0,0,0,new,run_epoch,0
173,173,0.0043,1820408,1863024,223546176,6128961752,29,5,225351888,505393152,0,0,0,new,run_epoch,0
174,174,0.0042,1820408,1863024,224843064,6130258640,29,5,225540464,505393152,0,0,0,new,run_epoch,0
175,175,0.0042,1820408,1863024,226139952,6131555528,29,5,225729232,505393152,0,0,0,new,run_epoch,0
176,176,0.0042,1820408,1863024,227441464,6132857040,29,5,225950592,505393152,0,0,0,new,run_epoch,0
177,177,0.0042,1820408,1863024,228738352,6134153928,29,5,226139168,505393152,0,0,0,new,run_epoch,0
178,178,0.0042,1820408,1863024,230035240,6135450816,29,5,226327936,505393152,0,0,0,new,run_epoch,0
179,179,0.0040,1820408,1863024,231270032,6136685608,29,5,226516512,505393152,0,0,0,new,run_epoch,0
180,180,0.0039,1820408,1863024,232480888,6137896464,29,5,226705088,505393152,0,0,0,new,run_epoch,0
181,181,0.0041,1820408,1863024,233737856,6139153432,29,5,226893856,505393152,0,0,0,new,run_epoch,0
182,182,0.0040,1820408,1863024,234994824,6140410400,29,5,227082432,505393152,0,0,0,new,run_epoch,0
183,183,0.0041,1820408,1863024,236252080,6141667656,29,5,227271008,505393152,0,0,0,new,run_epoch,0
184,184,0.0040,1820408,1863024,237486872,6142902448,29,5,227459776,505393152,0,0,0,new,run_epoch,0
185,185,0.0039,1820408,1863024,238721664,6144137240,29,5,227648352,505393152,0,0,0,new,run_epoch,0
186,186,0.0049,1820464,1863024,239956456,6145372032,29,5,227836928,505393152,0,0,0,new,run_epoch,0
187,187,0.0042,1820952,1863024,241191248,6146606824,29,5,228025696,505393152,0,0,0,new,run_epoch,0
188,188,0.0039,1821436,1863024,242363944,6147779520,29,5,228214272,505393152,0,0,0,new,run_epoch,0
189,189,0.0040,1821940,1863024,243598736,6149014312,29,5,228402848,505393152,0,0,0,new,run_epoch,0
190,190,0.0040,1822432,1863024,244809592,6150225168,29,5,228591616,505393152,0,0,0,new,run_epoch,0
191,191,0.0043,1822952,1863024,246066560,6151482136,29,5,228780192,505393152,0,0,0,new,run_epoch,0
192,192,0.0040,1823444,1863024,247277416,6152692992,29,5,228968768,505393152,0,0,0,new,run_epoch,0
193,193,0.0040,1823940,1863024,248488272,6153903848,29,5,229157536,505393152,0,0,0,new,run_epoch,0
194,194,0.0039,1824428,1863024,249699128,6155114704,29,5,229346112,505393152,0,0,0,new,run_epoch,0
195,195,0.0038,1824916,1863024,250871824,6156287400,29,5,229534688,505393152,0,0,0,new,run_epoch,0
196,196,0.0039,1825432,1863024,252082680,6157498256,29,5,229723456,505393152,0,0,0,new,run_epoch,0
197,197,0.0038,1825920,1863024,253255376,6158670952,29,5,229912032,505393152,0,0,0,new,run_epoch,0
198,198,0.0035,1826376,1863024,254343800,6159759376,29,5,230100608,505393152,0,0,0,new,run_epoch,0
199,199,0.0040,1826888,1863024,255554656,6160970232,29,5,230289376,505393152,0,0,0,new,run_epoch,0
200,200,0.0038,1827380,1863024,256727352,6162142928,29,5,230477952,505393152,0,0,0,new,run_epoch,0
201,201,0.0035,1827844,1863024,257820400,6163235976,29,5,230699312,505393152,0,0,0,new,run_epoch,0
202,202,0.0038,1828336,1863024,258993096,6164408672,29,5,230888080,505393152,0,0,0,new,run_epoch,0
203,203,0.0035,1828784,1863024,260081520,6165497096,29,5,231076656,505393152,0,0,0,new,run_epoch,0
204,204,0.0038,1829284,1863024,261254216,6166669792,29,5,231265232,505393152,0,0,0,new,run_epoch,0
205,205,0.0035,1829740,1863024,262342640,6167758216,29,5,231454000,505393152,0,0,0,new,run_epoch,0
206,206,0.0035,1830192,1863024,263431064,6168846640,29,5,231642576,505393152,0,0,0,new,run_epoch,0
207,207,0.0038,1830688,1863024,264604048,6170019624,29,5,231831152,505393152,0,0,0,new,run_epoch,0
208,208,0.0038,1831176,1863024,265776744,6171192320,29,5,232019920,505393152,0,0,0,new,run_epoch,0
209,209,0.0035,1831636,1863024,266865168,6172280744,29,5,232208496,505393152,0,0,0,new,run_epoch,0
210,210,0.0035,1832096,1863024,267953592,6173369168,29,5,232397072,505393152,0,0,0,new,run_epoch,0
211,211,0.0035,1832548,1863024,269042016,6174457592,29,5,232585840,505393152,0,0,0,new,run_epoch,0
212,212,0.0035,1833000,1863024,270130440,6175546016,29,5,232774416,505393152,0,0,0,new,run_epoch,0
213,213,0.0038,1833492,1863024,271303136,6176718712,29,5,232962992,505393152,0,0,0,new,run_epoch,0
214,214,0.0035,1833948,1863024,272391560,6177807136,29,5,233151760,505393152,0,0,0,new,run_epoch,0
215,215,0.0035,1834404,1863024,273479984,6178895560,29,5,233340336,505393152,0,0,0,new,run_epoch,0
216,216,0.0035,1834856,1863024,274568408,6179983984,29,5,233528912,505393152,0,0,0,new,run_epoch,0
217,217,0.0035,1835312,1863024,275656832,6181072408,29,5,233717680,505393152,0,0,0,new,run_epoch,0
218,218,0.0035,1835772,1863024,276745256,6182160832,29,5,233906256,505393152,0,0,0,new,run_epoch,0
219,219,0.0035,1836224,1863024,277833680,6183249256,29,5,234094832,505393152,0,0,0,new,run_epoch,0
220,220,0.0035,1836684,1863024,278922104,6184337680,29,5,234283600,505393152,0,0,0,new,run_epoch,0
221,221,0.0035,1837148,1863024,280010528,6185426104,29,5,234472176,505393152,0,0,0,new,run_epoch,0
222,222,0.0035,1837608,1863024,281098952,6186514528,29,5,234660752,505393152,0,0,0,new,run_epoch,0
223,223,0.0035,1838072,1863024,282187376,6187602952,29,5,234849520,505393152,0,0,0,new,run_epoch,0
224,224,0.0035,1838552,1863024,283275800,6188691376,29,5,235038096,505393152,0,0,0,new,run_epoch,0
225,225,0.0035,1839020,1863024,284364224,6189779800,29,5,235226672,505393152,0,0,0,new,run_epoch,0
226,226,0.0035,1839504,1863024,285457272,6190872848,29,5,235448224,505393152,0,0,0,new,run_epoch,0
227,227,0.0035,1839992,1863024,286545696,6191961272,29,5,235636800,505393152,0,0,0,new,run_epoch,0
228,228,0.0035,1840540,1863024,287634120,6193049696,29,5,235825376,505393152,0,0,0,new,run_epoch,0
229,229,0.0035,1841080,1863024,288722544,6194138120,29,5,236014144,505393152,0,0,0,new,run_epoch,0
230,230,0.0035,1841616,1863024,289810968,6195226544,29,5,236202720,505393152,0,0,0,new,run_epoch,0
231,231,0.0191,1819896,1863024,102997240,6196315256,30,5,206893200,505393152,0,0,0,new,run_epoch,0
232,232,0.0038,1819896,1863024,104085664,6197403680,30,5,207081776,505393152,0,0,0,new,run_epoch,0
233,233,0.0036,1819896,1863024,105174088,6198492104,30,5,207270352,505393152,0,0,0,new,run_epoch,0
234,234,0.0034,1819896,1863024,106222704,6199540720,30,5,207459120,505393152,0,0,0,new,run_epoch,0
235,235,0.0036,1819896,1863024,107319080,6200637096,30,5,207647696,505393152,0,0,0,new,run_epoch,0
236,236,0.0035,1819896,1863024,108407504,6201725520,30,5,207836272,505393152,0,0,0,new,run_epoch,0
237,237,0.0035,1819896,1863024,109503880,6202821896,30,5,208025040,505393152,0,0,0,new,run_epoch,0
238,238,0.0035,1819896,1863024,110552496,6203870512,30,5,208213616,505393152,0,0,0,new,run_epoch,0
239,239,0.0035,1819896,1863024,111648872,6204966888,30,5,208402192,505393152,0,0,0,new,run_epoch,0
240,240,0.0035,1819896,1863024,112745248,6206063264,30,5,208590960,505393152,0,0,0,new,run_epoch,0
241,241,0.0033,1819896,1863024,113793864,6207111880,30,5,208779536,505393152,0,0,0,new,run_epoch,0
242,242,0.0035,1819896,1863024,114890240,6208208256,30,5,208968112,505393152,0,0,0,new,run_epoch,0
243,243,0.0033,1819896,1863024,115938856,6209256872,30,5,209156880,505393152,0,0,0,new,run_epoch,0
244,244,0.0035,1819896,1863024,117035232,6210353248,30,5,209345456,505393152,0,0,0,new,run_epoch,0
245,245,0.0035,1819896,1863024,118131608,6211449624,30,5,209534032,505393152,0,0,0,new,run_epoch,0
246,246,0.0033,1819896,1863024,119180224,6212498240,30,5,209722800,505393152,0,0,0,new,run_epoch,0
247,247,0.0035,1819896,1863024,120276600,6213594616,30,5,209911376,505393152,0,0,0,new,run_epoch,0
248,248,0.0035,1819896,1863024,121372976,6214690992,30,5,210099952,505393152,0,0,0,new,run_epoch,0
249,249,0.0035,1819896,1863024,122467704,6215785720,30,5,210288720,505393152,0,0,0,new,run_epoch,0
250,250,0.0035,1819896,1863024,123562432,6216880448,30,5,210477296,505393152,0,0,0,new,run_epoch,0
251,251,0.0035,1819896,1863024,124663432,6217981448,30,5,210698656,505393152,0,0,0,new,run_epoch,0
252,252,0.0035,1819896,1863024,125758160,6219076176,30,5,210887424,505393152,0,0,0,new,run_epoch,0
253,253,0.0035,1819896,1863024,126852888,6220170904,30,5,211076000,505393152,0,0,0,new,run_epoch,0
254,254,0.0034,1819896,1863024,127947616,6221265632,30,5,211264576,505393152,0,0,0,new,run_epoch,0
255,255,0.0035,1819896,1863024,129042632,6222360648,30,5,211453344,505393152,0,0,0,new,run_epoch,0
256,256,0.0035,1819896,1863024,130137360,6223455376,30,5,211641920,505393152,0,0,0,new,run_epoch,0
257,257,0.0034,1819896,1863024,131232088,6224550104,30,5,211830496,505393152,0,0,0,new,run_epoch,0
258,258,0.0035,1819896,1863024,132326816,6225644832,30,5,212019264,505393152,0,0,0,new,run_epoch,0
259,259,0.0034,1819896,1863024,133421544,6226739560,30,5,212207840,505393152,0,0,0,new,run_epoch,0
260,260,0.0035,1819896,1863024,134516272,6227834288,30,5,212396416,505393152,0,0,0,new,run_epoch,0
261,261,0.0035,1819896,1863024,135611000,6228929016,30,5,212585184,505393152,0,0,0,new,run_epoch,0
262,262,0.0035,1819896,1863024,136705728,6230023744,30,5,212773760,505393152,0,0,0,new,run_epoch,0
263,263,0.0035,1819896,1863024,137800456,6231118472,30,5,212962336,505393152,0,0,0,new,run_epoch,0
264,264,0.0036,1819896,1863024,138895184,6232213200,30,5,213151104,505393152,0,0,0,new,run_epoch,0
265,265,0.0035,1819896,1863024,139989912,6233307928,30,5,213339680,505393152,0,0,0,new,run_epoch,0
266,266,0.0035,1819896,1863024,141084640,6234402656,30,5,213528256,505393152,0,0,0,new,run_epoch,0
267,267,0.0035,1819896,1863024,142179368,6235497384,30,5,213717024,505393152,0,0,0,new,run_epoch,0
268,268,0.0035,1819896,1863024,143274096,6236592112,30,5,213905600,505393152,0,0,0,new,run_epoch,0
269,269,0.0035,1819896,1863024,144368824,6237686840,30,5,214094176,505393152,0,0,0,new,run_epoch,0
270,270,0.0035,1819896,1863024,145463552,6238781568,30,5,214282944,505393152,0,0,0,new,run_epoch,0
271,271,0.0035,1819896,1863024,146558280,6239876296,30,5,214471520,505393152,0,0,0,new,run_epoch,0
272,272,0.0035,1819896,1863024,147653008,6240971024,30,5,214660096,505393152,0,0,0,new,run_epoch,0
273,273,0.0035,1819896,1863024,148747736,6242065752,30,5,214848864,505393152,0,0,0,new,run_epoch,0
274,274,0.0036,1819896,1863024,149842464,6243160480,30,5,215037440,505393152,0,0,0,new,run_epoch,0
275,275,0.0035,1819896,1863024,150937192,6244255208,30,5,215226016,505393152,0,0,0,new,run_epoch,0
276,276,0.0035,1819896,1863024,152036544,6245354560,30,5,215447568,505393152,0,0,0,new,run_epoch,0
277,277,0.0035,1819896,1863024,153131272,6246449288,30,5,215636144,505393152,0,0,0,new,run_epoch,0
278,278,0.0035,1819896,1863024,154226000,6247544016,30,5,215824720,505393152,0,0,0,new,run_epoch,0
279,279,0.0035,1819896,1863024,155321016,6248639032,30,5,216013488,505393152,0,0,0,new,run_epoch,0
280,280,0.0035,1819896,1863024,156415744,6249733760,30,5,216202064,505393152,0,0,0,new,run_epoch,0
281,281,0.0035,1819896,1863024,157510472,6250828488,30,5,216390640,505393152,0,0,0,new,run_epoch,0
282,282,0.0035,1819896,1863024,158605200,6251923216,30,5,216579408,505393152,0,0,0,new,run_epoch,0
283,283,0.0035,1819896,1863024,159699928,6253017944,30,5,216767984,505393152,0,0,0,new,run_epoch,0
284,284,0.0035,1819896,1863024,160794656,6254112672,30,5,216956560,505393152,0,0,0,new,run_epoch,0
285,285,0.0035,1819896,1863024,161889384,6255207400,30,5,217145328,505393152,0,0,0,new,run_epoch,0
286,286,0.0035,1819896,1863024,162984112,6256302128,30,5,217333904,505393152,0,0,0,new,run_epoch,0
287,287,0.0035,1819896,1863024,164078840,6257396856,30,5,217522480,505393152,0,0,0,new,run_epoch,0
288,288,0.0035,1819896,1863024,165173568,6258491584,30,5,217711248,505393152,0,0,0,new,run_epoch,0
289,289,0.0035,1819896,1863024,166268296,6259586312,30,5,217899824,505393152,0,0,0,new,run_epoch,0
290,290,0.0035,1819896,1863024,167363024,6260681040,30,5,218088400,505393152,0,0,0,new,run_epoch,0
291,291,0.0035,1819896,1863024,168457752,6261775768,30,5,218277168,505393152,0,0,0,new,run_epoch,0
292,292,0.0037,1819896,1863024,169552480,6262870496,30,5,218465744,505393152,0,0,0,new,run_epoch,0
293,293,0.0036,1819896,1863024,170647208,6263965224,30,5,218654320,505393152,0,0,0,new,run_epoch,0
294,294,0.0036,1819896,1863024,171741936,6265059952,30,5,218843088,505393152,0,0,0,new,run_epoch,0
295,295,0.0035,1819896,1863024,172836664,6266154680,30,5,219031664,505393152,0,0,0,new,run_epoch,0
296,296,0.0035,1819896,1863024,173931392,6267249408,30,5,219220240,505393152,0,0,0,new,run_epoch,0
297,297,0.0035,1819896,1863024,175026120,6268344136,30,5,219409008,505393152,0,0,0,new,run_epoch,0
298,298,0.0035,1819896,1863024,176120848,6269438864,30,5,219597584,505393152,0,0,0,new,run_epoch,0
299,299,0.0035,1819896,1863024,177215576,6270533592,30,5,219786160,505393152,0,0,0,new,run_epoch,0
300,300,0.0036,1819896,1863024,178310304,6271628320,30,5,219974928,505393152,0,0,0,new,run_epoch,0
301,301,0.0035,1819896,1863024,179409656,6272727672,30,5,220196288,505393152,0,0,0,new,run_epoch,0
302,302,0.0035,1819896,1863024,180504384,6273822400,30,5,220384864,505393152,0,0,0,new,run_epoch,0
303,303,0.0035,1819896,1863024,181599400,6274917416,30,5,220573632,505393152,0,0,0,new,run_epoch,0
304,304,0.0035,1819896,1863024,182694128,6276012144,30,5,220762208,505393152,0,0,0,new,run_epoch,0
305,305,0.0035,1819896,1863024,183788856,6277106872,30,5,220950784,505393152,0,0,0,new,run_epoch,0
306,306,0.0035,1819896,1863024,184883584,6278201600,30,5,221139552,505393152,0,0,0,new,run_epoch,0
307,307,0.0035,1819896,1863024,185978312,6279296328,30,5,221328128,505393152,0,0,0,new,run_epoch,0
308,308,0.0035,1819896,1863024,187073040,6280391056,30,5,221516704,505393152,0,0,0,new,run_epoch,0
309,309,0.0035,1819896,1863024,188167768,6281485784,30,5,221705472,505393152,0,0,0,new,run_epoch,0
310,310,0.0035,1819896,1863024,189262496,6282580512,30,5,221894048,505393152,0,0,0,new,run_epoch,0
311,311,0.0035,1819896,1863024,190357224,6283675240,30,5,222082624,505393152,0,0,0,new,run_epoch,0
312,312,0.0035,1819896,1863024,191451952,6284769968,30,5,222271392,505393152,0,0,0,new,run_epoch,0
313,313,0.0035,1819896,1863024,192546680,6285864696,30,5,222459968,505393152,0,0,0,new,run_epoch,0
314,314,0.0035,1819896,1863024,193641408,6286959424,30,5,222648544,505393152,0,0,0,new,run_epoch,0
315,315,0.0035,1819896,1863024,194736136,6288054152,30,5,222837312,505393152,0,0,0,new,run_epoch,0
316,316,0.0036,1819896,1863024,195830864,6289148880,30,5,223025888,505393152,0,0,0,new,run_epoch,0
317,317,0.0038,1819896,1863024,196925592,6290243608,30,5,223214464,505393152,0,0,0,new,run_epoch,0
318,318,0.0037,1819896,1863024,198020320,6291338336,30,5,223403232,505393152,0,0,0,new,run_epoch,0
319,319,0.0036,1819896,1863024,199115048,6292433064,30,5,223591808,505393152,0,0,0,new,run_epoch,0
320,320,0.0036,1819896,1863024,200209776,6293527792,30,5,223780384,505393152,0,0,0,new,run_epoch,0
321,321,0.0036,1819896,1863024,201304504,6294622520,30,5,223969152,505393152,0,0,0,new,run_epoch,0
322,322,0.0036,1819896,1863024,202399232,6295717248,30,5,224157728,505393152,0,0,0,new,run_epoch,0
323,323,0.0035,1819896,1863024,203493960,6296811976,30,5,224346304,505393152,0,0,0,new,run_epoch,0
324,324,0.0035,1819896,1863024,204588688,6297906704,30,5,224535072,505393152,0,0,0,new,run_epoch,0
325,325,0.0035,1819896,1863024,205683416,6299001432,30,5,224723648,505393152,0,0,0,new,run_epoch,0
326,326,0.0035,1819896,1863024,206783056,6300101072,30,5,224945008,505393152,0,0,0,new,run_epoch,0
327,327,0.0035,1819896,1863024,207878072,6301196088,30,5,225133776,505393152,0,0,0,new,run_epoch,0
328,328,0.0035,1819896,1863024,208972800,6302290816,30,5,225322352,505393152,0,0,0,new,run_epoch,0
329,329,0.0035,1819896,1863024,210067528,6303385544,30,5,225510928,505393152,0,0,0,new,run_epoch,0
330,330,0.0035,1819896,1863024,211162256,6304480272,30,5,225699696,505393152,0,0,0,new,run_epoch,0
331,331,0.0035,1819896,1863024,212256984,6305575000,30,5,225888272,505393152,0,0,0,new,run_epoch,0
332,332,0.0035,1819896,1863024,213351712,6306669728,30,5,226076848,505393152,0,0,0,new,run_epoch,0
333,333,0.0035,1819896,1863024,214446440,6307764456,30,5,226265616,505393152,0,0,0,new,run_epoch,0
334,334,0.0035,1819896,1863024,215541168,6308859184,30,5,226454192,505393152,0,0,0,new,run_epoch,0
335,335,0.0035,1819896,1863024,216635896,6309953912,30,5,226642768,505393152,0,0,0,new,run_epoch,0
336,336,0.0035,1819896,1863024,217730624,6311048640,30,5,226831536,505393152,0,0,0,new,run_epoch,0
337,337,0.0035,1819896,1863024,218825352,6312143368,30,5,227020112,505393152,0,0,0,new,run_epoch,0
338,338,0.0035,1819896,1863024,219920080,6313238096,30,5,227208688,505393152,0,0,0,new,run_epoch,0
339,339,0.0035,1819896,1863024,221014808,6314332824,30,5,227397456,505393152,0,0,0,new,run_epoch,0
340,340,0.0037,1819896,1863024,222157296,6315475312,30,5,227586032,505393152,0,0,0,new,run_epoch,0
341,341,0.0037,1819896,1863024,223299784,6316617800,30,5,227774608,505393152,0,0,0,new,run_epoch,0
342,342,0.0037,1819896,1863024,224442272,6317760288,30,5,227963376,505393152,0,0,0,new,run_epoch,0
343,343,0.0039,1819896,1863024,225584760,6318902776,30,5,228151952,505393152,0,0,0,new,run_epoch,0
344,344,0.0037,1819896,1863024,226679488,6319997504,30,5,228340528,505393152,0,0,0,new,run_epoch,0
345,345,0.0036,1819896,1863024,227774216,6321092232,30,5,228529296,505393152,0,0,0,new,run_epoch,0
346,346,0.0043,1819896,1863024,228868944,6322186960,30,5,228717872,505393152,0,0,0,new,run_epoch,0
347,347,0.0036,1819896,1863024,229963672,6323281688,30,5,228906448,505393152,0,0,0,new,run_epoch,0
348,348,0.0035,1819896,1863024,231058400,6324376416,30,5,229095216,505393152,0,0,0,new,run_epoch,0
349,349,0.0034,1819896,1863024,232153128,6325471144,30,5,229283792,505393152,0,0,0,new,run_epoch,0
350,350,0.0034,1819896,1863024,233247856,6326565872,30,5,229472368,505393152,0,0,0,new,run_epoch,0
351,351,0.0035,1819896,1863024,234347496,6327665512,30,5,229693920,505393152,0,0,0,new,run_epoch,0
352,352,0.0034,1819896,1863024,235442224,6328760240,30,5,229882496,505393152,0,0,0,new,run_epoch,0
353,353,0.0035,1819896,1863024,236536952,6329854968,30,5,230071072,505393152,0,0,0,new,run_epoch,0
354,354,0.0035,1819896,1863024,237631680,6330949696,30,5,230259840,505393152,0,0,0,new,run_epoch,0
355,355,0.0034,1819896,1863024,238726408,6332044424,30,5,230448416,505393152,0,0,0,new,run_epoch,0
356,356,0.0035,1819896,1863024,239821136,6333139152,30,5,230636992,505393152,0,0,0,new,run_epoch,0
357,357,0.0035,1819896,1863024,240915864,6334233880,30,5,230825760,505393152,0,0,0,new,run_epoch,0
358,358,0.0035,1819896,1863024,242010592,6335328608,30,5,231014336,505393152,0,0,0,new,run_epoch,0
359,359,0.0035,1819896,1863024,243105320,6336423336,30,5,231202912,505393152,0,0,0,new,run_epoch,0
360,360,0.0035,1820304,1863024,244200048,6337518064,30,5,231391680,505393152,0,0,0,new,run_epoch,0
361,361,0.0035,1820756,1863024,245294776,6338612792,30,5,231580256,505393152,0,0,0,new,run_epoch,0
362,362,0.0035,1821220,1863024,246389504,6339707520,30,5,231768832,505393152,0,0,0,new,run_epoch,0
363,363,0.0035,1821668,1863024,247484232,6340802248,30,5,231957600,505393152,0,0,0,new,run_epoch,0
364,364,0.0035,1822132,1863024,248578960,6341896976,30,5,232146176,505393152,0,0,0,new,run_epoch,0
365,365,0.0035,1822592,1863024,249673688,6342991704,30,5,232334752,505393152,0,0,0,new,run_epoch,0
366,366,0.0035,1823044,1863024,250768416,6344086432,30,5,232523520,505393152,0,0,0,new,run_epoch,0
367,367,0.0035,1823504,1863024,251863144,6345181160,30,5,232712096,505393152,0,0,0,new,run_epoch,0
368,368,0.0150,1819048,1863024,103097752,6346275888,31,5,206893200,505393152,0,0,0,new,run_epoch,0
369,369,0.0038,1819048,1863024,104192480,6347370616,31,5,207081776,505393152,0,0,0,new,run_epoch,0
370,370,0.0035,1819048,1863024,105287208,6348465344,31,5,207270352,505393152,0,0,0,new,run_epoch,0
371,371,0.0035,1819048,1863024,106381936,6349560072,31,5,207459120,505393152,0,0,0,new,run_epoch,0
372,372,0.0035,1819048,1863024,107476664,6350654800,31,5,207647696,505393152,0,0,0,new,run_epoch,0
373,373,0.0035,1819048,1863024,108571392,6351749528,31,5,207836272,505393152,0,0,0,new,run_epoch,0
374,374,0.0035,1819048,1863024,109666120,6352844256,31,5,208025040,505393152,0,0,0,new,run_epoch,0
375,375,0.0035,1819048,1863024,110761136,6353939272,31,5,208213616,505393152,0,0,0,new,run_epoch,0
376,376,0.0035,1819048,1863024,111860488,6355038624,31,5,208434976,505393152,0,0,0,new,run_epoch,0
377,377,0.0034,1819048,1863024,112955216,6356133352,31,5,208623744,505393152,0,0,0,new,run_epoch,0
378,378,0.0035,1819048,1863024,114049944,6357228080,31,5,208812320,505393152,0,0,0,new,run_epoch,0
379,379,0.0034,1819048,1863024,115144672,6358322808,31,5,209000896,505393152,0,0,0,new,run_epoch,0
380,380,0.0034,1819048,1863024,116239400,6359417536,31,5,209189664,505393152,0,0,0,new,run_epoch,0
381,381,0.0035,1819048,1863024,117334128,6360512264,31,5,209378240,505393152,0,0,0,new,run_epoch,0
382,382,0.0034,1819048,1863024,118428856,6361606992,31,5,209566816,505393152,0,0,0,new,run_epoch,0
383,383,0.0035,1819048,1863024,119523584,6362701720,31,5,209755584,505393152,0,0,0,new,run_epoch,0
384,384,0.0035,1819048,1863024,120618312,6363796448,31,5,209944160,505393152,0,0,0,new,run_epoch,0
385,385,0.0034,1819048,1863024,121713040,6364891176,31,5,210132736,505393152,0,0,0,new,run_epoch,0
386,386,0.0035,1819048,1863024,122807768,6365985904,31,5,210321504,505393152,0,0,0,new,run_epoch,0
387,387,0.0035,1819048,1863024,123902496,6367080632,31,5,210510080,505393152,0,0,0,new,run_epoch,0
388,388,0.0035,1819048,1863024,124997224,6368175360,31,5,210698656,505393152,0,0,0,new,run_epoch,0
389,389,0.0035,1819048,1863024,126091952,6369270088,31,5,210887424,505393152,0,0,0,new,run_epoch,0
390,390,0.0035,1819048,1863024,127186680,6370364816,31,5,211076000,505393152,0,0,0,new,run_epoch,0
391,391,0.0035,1819048,1863024,128281408,6371459544,31,5,211264576,505393152,0,0,0,new,run_epoch,0
392,392,0.0035,1819048,1863024,129376136,6372554272,31,5,211453344,505393152,0,0,0,new,run_epoch,0
393,393,0.0047,1819048,1863024,130470864,6373649000,31,5,211641920,505393152,0,0,0,new,run_epoch,0
394,394,0.0039,1819048,1863024,131565592,6374743728,31,5,211830496,505393152,0,0,0,new,run_epoch,0
395,395,0.0037,1819048,1863024,132660320,6375838456,31,5,212019264,505393152,0,0,0,new,run_epoch,0
396,396,0.0035,1819048,1863024,133755048,6376933184,31,5,212207840,505393152,0,0,0,new,run_epoch,0
397,397,0.0036,1819048,1863024,134849776,6378027912,31,5,212396416,505393152,0,0,0,new,run_epoch,0
398,398,0.0035,1819048,1863024,135944504,6379122640,31,5,212585184,505393152,0,0,0,new,run_epoch,0
399,399,0.0035,1819048,1863024,137039520,6380217656,31,5,212773760,505393152,0,0,0,new,run_epoch,0
400,400,0.0040,1819048,1863024,138134248,6381312384,31,5,212962336,505393152,0,0,0,new,run_epoch,0
