ElapsedTime_s,Height_km,Latitude_deg,LongitudeE_deg,TotalRadius_km,LatitudeRadius_km,Gravity_ms2,Temperature_K,Pressure_Pa,Density_kgm3,PressureScaleHeight_km,DensityScaleHeight_km,SpeedOfSound_ms,PressureAtSurface_Pa,SigmaLevel,PressureAltitude_km,ReferenceTemperature_K,ReferencePressure_Pa,ReferenceDensity_kgm3,ProfileWeight,LowDensity_kgm3,HighDensity_kgm3,PerturbedDensity_kgm3,DensityPerturbation_pct,DensityStandardDeviation_pct,PerturbedSpeedOfSound_ms,RelativeStepSize,DensityDeviation_pct,LowDensityDeviation_pct,HighDensityDeviation_pct,PerturbedDensityDeviation_pct,EWWind_ms,NSWind_ms,VerticalWind_ms,EWWindPerturbation_ms,NSWindPerturbation_ms,VerticalWindPerturbation_ms,PerturbedEWWind_ms,PerturbedNSWind_ms,PerturbedVerticalWind_ms,EWStandardDeviation_ms,NSStandardDeviation_ms,VerticalStandardDeviation_ms,LongitudeOfTheSun,SubsolarLatitude_deg,SubsolarLongitudeE_deg,LocalSolarTime_hr,SolarZenithAngle_deg,OneWayLightTime_min,OrbitalRadius_AU,SecondsPerSol,TotalNumberDensity_m3,SpecificGasConstant_JkgK,SpecificHeatRatio,AverageMolecularWeight,CompressibilityFactor,Arnd_m3,Armass_pct,Armole_pct,Aramw,CO2nd_m3,CO2mass_pct,CO2mole_pct,CO2amw,COnd_m3,COmass_pct,COmole_pct,COamw,H2nd_m3,H2mass_pct,H2mole_pct,H2amw,N2nd_m3,N2mass_pct,N2mole_pct,N2amw,O2nd_m3,O2mass_pct,O2mole_pct,O2amw,Hend_m3,Hemass_pct,Hemole_pct,Heamw,Hnd_m3,Hmass_pct,Hmole_pct,Hamw,Ond_m3,Omass_pct,Omole_pct,Oamw,H2Ond_m3,H2Omass_pct,H2Omole_pct,H2Oamw,TemperatureDaily_K,PressureDaily_Pa,DensityDaily_kgm3,EWWindDaily_ms,NSWindDaily_ms,TemperatureMin_K,TemperatureMax_K,DensityMin_kgm3,DensityMax_kgm3,PlanetoGraphicHeight_km,PlanetoGraphicLatitude_deg,ReferenceHeight_km,ReferenceRadius_km,GroundTemperature_K,ThermosphereBaseHeight_km,ThermosphereBaseTemperature_K,ExosphericTemperature_K,F1PeakHeight_km,Albedo,HeightOffset_km,LocalHeightOffset_km,DustOpticalDepth,DustColumnArealDensity_kgm2,DustMixingRatio,DustMassDensity_ugm3,DustNumberDensity_m3,IceIsPresent,WavePerturbation_pct
10.0,500.000,25.00,25.00,3892.838,3392.838,2.813,127.6,1.744e-10,2.309e-16,268.160,183.047,1118.6,6.063e+02,0.000,7743.600,0.0,0.000e+00,0.000e+00,0.0,1.592e-16,3.348e-16,2.739e-16,18.6,45.00,1027.1,0.29,-99.9,-99.9,-99.9,-99.9,24.8,-85.1,0.000,-21.8,-4.3,4.632,3.0,-89.3,4.632,25.0,25.0,5.000,172.16,3.29,194.07,0.73,149.51,12.58,1.48,88774.9,9.8867e+10,0.000e+00,1.656e+00,1.406,1.0016,1.5078e-05,0.00,0.00,39.96,0.0000e+00,0.00,0.00,44.01,8.3232e+00,0.00,0.00,28.01,5.8981e+09,8.56,5.97,2.02,1.7136e+01,0.00,0.00,28.02,1.4495e-02,0.00,0.00,32.00,1.1119e+10,32.01,11.25,4.00,8.1846e+10,59.38,82.78,1.01,4.5097e+06,0.05,0.00,16.00,0.0000e+00,0.00,0.00,18.02,0.0,0.000e+00,0.000e+00,0.0,0.0,0.0,0.0,0.000e+00,0.000e+00,500.232,25.23,500.236,3392.602,180.7,119.628,114.8,127.6,999.900,0.284,-0.001,-0.001,0.300,0.002,0.000,0.000,0.000,99,0.0
20.0,500.000,25.00,50.00,3893.104,3393.104,2.813,132.4,2.604e-10,3.032e-16,267.723,180.194,1192.2,5.321e+02,0.000,7588.831,0.0,0.000e+00,0.000e+00,0.0,2.091e-16,4.396e-16,2.276e-16,-24.9,45.00,1376.0,512.07,-99.9,-99.9,-99.9,-99.9,4.3,-51.9,0.000,-15.1,8.2,0.606,-10.7,-43.7,0.606,25.0,25.0,5.000,172.16,3.29,194.03,2.40,134.90,12.58,1.48,88774.9,1.2491e+11,0.000e+00,1.655e+00,1.462,1.1405,7.1211e-05,0.00,0.00,39.96,0.0000e+00,0.00,0.00,44.01,2.6286e+01,0.00,0.00,28.01,7.7638e+09,8.58,6.22,2.02,5.4134e+01,0.00,0.00,28.02,5.2358e-02,0.00,0.00,32.00,1.6235e+10,35.59,13.00,4.00,1.0091e+11,55.75,80.78,1.01,8.8687e+06,0.08,0.01,16.00,0.0000e+00,0.00,0.00,18.02,0.0,0.000e+00,0.000e+00,0.0,0.0,0.0,0.0,0.000e+00,0.000e+00,500.497,25.23,500.502,3392.602,165.4,117.699,115.7,132.4,999.900,0.266,-0.001,-0.001,0.300,0.002,0.000,0.000,0.000,99,0.0
30.0,500.000,25.00,75.00,3893.220,3393.220,2.812,140.3,3.995e-10,4.213e-16,263.404,174.185,1251.8,5.392e+02,0.000,7357.131,0.0,0.000e+00,0.000e+00,0.0,2.905e-16,6.109e-16,5.297e-16,25.7,45.00,1116.4,512.00,-99.9,-99.9,-99.9,-99.9,-23.8,-13.5,0.000,11.6,16.4,9.027,-12.3,2.8,9.027,25.0,25.0,5.000,172.16,3.29,193.99,4.07,114.38,12.58,1.48,88774.9,1.6109e+11,0.000e+00,1.653e+00,1.575,1.2799,9.8105e-04,0.00,0.00,39.96,0.0000e+00,0.00,0.00,44.01,1.7531e+02,0.00,0.00,28.01,1.0689e+10,8.50,6.64,2.02,3.6121e+02,0.00,0.00,28.02,4.4484e-01,0.00,0.00,32.00,2.6729e+10,42.17,16.59,4.00,1.2364e+11,49.16,76.75,1.01,2.7051e+07,0.17,0.02,16.00,0.0000e+00,0.00,0.00,18.02,0.0,0.000e+00,0.000e+00,0.0,0.0,0.0,0.0,0.000e+00,0.000e+00,500.614,25.23,500.618,3392.602,159.8,117.331,122.4,140.3,999.900,0.246,-0.001,-0.001,0.300,0.002,0.000,0.000,0.000,99,0.0
40.0,500.000,50.00,25.00,3885.533,3385.533,2.824,131.8,5.162e-10,5.129e-16,265.154,178.384,1290.6,7.532e+02,0.000,7426.667,0.0,0.000e+00,0.000e+00,0.0,3.537e-16,7.437e-16,5.144e-16,0.3,45.00,1288.8,1288.90,-99.9,-99.9,-99.9,-99.9,29.0,-144.6,0.000,2.1,2.5,-0.052,31.1,-142.1,-0.052,25.0,25.0,5.000,172.16,3.29,193.95,0.74,125.50,12.58,1.48,88774.9,2.1111e+11,0.000e+00,1.655e+00,1.463,1.3442,1.4159e-04,0.00,0.00,39.96,0.0000e+00,0.00,0.00,44.01,4.9653e+01,0.00,0.00,28.01,1.3117e+10,8.57,6.21,2.02,1.0226e+02,0.00,0.00,28.02,1.0061e-01,0.00,0.00,32.00,2.7536e+10,35.68,13.04,4.00,1.7044e+11,55.66,80.73,1.01,1.7206e+07,0.09,0.01,16.00,0.0000e+00,0.00,0.00,18.02,0.0,0.000e+00,0.000e+00,0.0,0.0,0.0,0.0,0.000e+00,0.000e+00,501.105,50.29,501.112,3384.421,182.6,120.899,123.1,131.8,999.900,0.269,-0.001,-0.001,0.300,0.002,0.000,0.000,0.000,99,0.0
50.0,500.000,50.00,50.00,3885.767,3385.767,2.824,126.0,3.574e-10,3.968e-16,268.479,184.799,1221.5,7.442e+02,0.000,7615.219,0.0,0.000e+00,0.000e+00,0.0,2.737e-16,5.754e-16,3.189e-16,-19.6,45.00,1362.7,362.82,-99.9,-99.9,-99.9,-99.9,-20.0,-132.7,0.000,-15.6,-7.7,-3.059,-35.6,-140.4,-3.059,25.0,25.0,5.000,172.16,3.29,193.91,2.41,118.05,12.58,1.48,88774.9,1.7286e+11,0.000e+00,1.657e+00,1.383,1.1881,1.2491e-05,0.00,0.00,39.96,0.0000e+00,0.00,0.00,44.01,8.6724e+00,0.00,0.00,28.01,1.0120e+10,8.54,5.85,2.02,1.7852e+01,0.00,0.00,28.02,1.3991e-02,0.00,0.00,32.00,1.8143e+10,30.39,10.50,4.00,1.4459e+11,61.03,83.65,1.01,5.6896e+06,0.04,0.00,16.00,0.0000e+00,0.00,0.00,18.02,0.0,0.000e+00,0.000e+00,0.0,0.0,0.0,0.0,0.000e+00,0.000e+00,501.339,50.29,501.347,3384.421,172.2,118.815,114.3,126.0,999.900,0.261,-0.001,-0.001,0.300,0.002,0.000,0.000,0.000,99,0.0
60.0,500.000,50.00,75.00,3885.946,3385.946,2.823,129.0,4.202e-10,4.312e-16,268.642,183.107,1270.3,7.604e+02,0.000,7582.214,0.0,0.000e+00,0.000e+00,0.0,2.974e-16,6.252e-16,6.777e-16,57.2,45.00,1013.2,362.73,-99.9,-99.9,-99.9,-99.9,-78.3,-69.0,0.000,-19.4,36.8,-2.918,-97.8,-32.2,-2.918,25.0,25.0,5.000,172.16,3.29,193.87,4.08,105.25,12.58,1.48,88774.9,1.8363e+11,0.000e+00,1.656e+00,1.414,1.2848,3.0058e-05,0.00,0.00,39.96,0.0000e+00,0.00,0.00,44.01,1.6264e+01,0.00,0.00,28.01,1.1035e+10,8.57,6.01,2.02,3.3484e+01,0.00,0.00,28.02,2.8513e-02,0.00,0.00,32.00,2.1101e+10,32.53,11.49,4.00,1.5149e+11,58.85,82.50,1.01,8.0095e+06,0.05,0.00,16.00,0.0000e+00,0.00,0.00,18.02,0.0,0.000e+00,0.000e+00,0.0,0.0,0.0,0.0,0.000e+00,0.000e+00,501.518,50.29,501.525,3384.421,166.4,117.693,111.9,129.0,999.900,0.243,-0.001,-0.001,0.300,0.002,0.000,0.000,0.000,99,0.0
70.0,500.000,75.00,25.00,3879.449,3379.449,2.833,151.6,1.058e-09,9.662e-16,253.131,165.440,1344.1,8.309e+02,0.000,6933.028,0.0,0.000e+00,0.000e+00,0.0,6.663e-16,1.401e-15,5.674e-16,-41.3,45.00,1753.9,854.70,-99.9,-99.9,-99.9,-99.9,-72.2,-139.8,0.000,6.1,-34.8,4.002,-66.1,-174.6,4.002,25.0,25.0,5.000,172.16,3.29,193.83,0.74,101.22,12.58,1.48,88774.9,3.3109e+11,0.000e+00,1.649e+00,1.757,1.5275,3.5461e-02,0.00,0.00,39.96,0.0000e+00,0.00,0.00,44.01,2.6281e+03,0.00,0.00,28.01,2.3627e+10,8.19,7.14,2.02,5.4179e+03,0.00,0.00,28.02,8.9449e+00,0.00,0.00,32.00,7.3858e+10,50.81,22.31,4.00,2.3341e+11,40.47,70.50,1.01,1.9354e+08,0.53,0.06,16.00,0.0000e+00,0.00,0.00,18.02,0.0,0.000e+00,0.000e+00,0.0,0.0,0.0,0.0,0.000e+00,0.000e+00,501.918,75.15,501.920,3377.529,159.8,118.540,129.6,151.6,999.900,0.218,-0.001,-0.001,0.300,0.002,0.000,0.000,0.000,99,0.0
80.0,500.000,75.00,50.00,3879.558,3379.558,2.833,147.5,1.082e-09,9.946e-16,257.319,168.774,1340.2,8.236e+02,0.000,7039.677,0.0,0.000e+00,0.000e+00,0.0,6.860e-16,1.442e-15,1.082e-15,8.8,45.00,1285.1,146.20,-99.9,-99.9,-99.9,-99.9,-127.4,-93.1,0.000,-39.2,-4.2,-0.720,-166.6,-97.3,-0.720,25.0,25.0,5.000,172.16,3.29,193.79,2.41,98.63,12.58,1.48,88774.9,3.5612e+11,0.000e+00,1.650e+00,1.682,1.4930,1.2172e-02,0.00,0.00,39.96,0.0000e+00,0.00,0.00,44.01,1.2824e+03,0.00,0.00,28.01,2.4776e+10,8.34,6.96,2.02,2.6431e+03,0.00,0.00,28.02,3.8814e+00,0.00,0.00,32.00,7.1077e+10,47.50,19.96,4.00,2.6013e+11,43.81,73.05,1.01,1.3198e+08,0.35,0.04,16.00,0.0000e+00,0.00,0.00,18.02,0.0,0.000e+00,0.000e+00,0.0,0.0,0.0,0.0,0.000e+00,0.000e+00,502.028,75.15,502.030,3377.529,158.2,117.611,125.2,147.5,999.900,0.272,-0.001,-0.001,0.300,0.002,0.000,0.000,0.000,99,0.0
90.0,500.000,75.00,75.00,3879.552,3379.552,2.833,147.6,1.032e-09,9.693e-16,257.715,169.110,1325.5,8.124e+02,0.000,7059.284,0.0,0.000e+00,0.000e+00,0.0,6.685e-16,1.406e-15,1.330e-15,37.2,45.00,1131.5,146.21,-99.9,-99.9,-99.9,-99.9,-159.3,-19.1,0.000,-25.3,6.3,-1.869,-184.7,-12.8,-1.869,25.0,25.0,5.000,172.16,3.29,193.74,4.08,93.83,12.58,1.48,88774.9,3.4728e+11,0.000e+00,1.650e+00,1.681,1.4583,1.1302e-02,0.00,0.00,39.96,0.0000e+00,0.00,0.00,44.01,1.2093e+03,0.00,0.00,28.01,2.4164e+10,8.35,6.96,2.02,2.4925e+03,0.00,0.00,28.02,3.6413e+00,0.00,0.00,32.00,6.9204e+10,47.45,19.93,4.00,2.5379e+11,43.86,73.08,1.01,1.2468e+08,0.34,0.04,16.00,0.0000e+00,0.00,0.00,18.02,0.0,0.000e+00,0.000e+00,0.0,0.0,0.0,0.0,0.000e+00,0.000e+00,502.021,75.15,502.023,3377.529,156.9,117.070,123.1,147.6,999.900,0.287,-0.001,-0.001,0.300,0.002,0.000,0.000,0.000,99,0.0
100.0,450.000,25.00,25.00,3842.838,3392.838,2.887,127.6,2.124e-10,3.104e-16,236.837,155.590,1064.4,6.063e+02,0.000,6792.414,0.0,0.000e+00,0.000e+00,0.0,2.141e-16,4.501e-16,2.917e-16,-6.0,45.00,1097.9,3372.77,-99.9,-99.9,-99.9,-99.9,24.6,-84.7,0.000,16.3,13.8,-0.410,41.0,-70.8,-0.410,25.0,25.0,5.000,172.16,3.29,193.70,0.75,149.38,12.58,1.48,88774.9,1.2048e+11,0.000e+00,1.655e+00,1.551,1.0008,3.2605e-03,0.00,0.00,39.96,0.0000e+00,0.00,0.00,44.01,3.6043e+02,0.00,0.00,28.01,7.7321e+09,8.35,6.42,2.02,7.4286e+02,0.00,0.00,28.02,1.0735e+00,0.00,0.00,32.00,1.9042e+10,40.78,15.81,4.00,9.3666e+10,50.55,77.74,1.01,3.8755e+07,0.33,0.03,16.00,0.0000e+00,0.00,0.00,18.02,0.0,0.000e+00,0.000e+00,0.0,0.0,0.0,0.0,0.000e+00,0.000e+00,450.232,25.23,450.236,3392.602,180.6,119.593,114.7,127.6,999.900,0.284,-0.001,-0.001,0.300,0.002,0.000,0.000,0.000,99,0.0
110.0,450.000,25.00,50.00,3843.104,3393.104,2.887,132.5,3.205e-10,4.124e-16,235.536,153.410,1133.9,5.322e+02,0.000,6627.512,0.0,0.000e+00,0.000e+00,0.0,2.844e-16,5.979e-16,4.300e-16,4.3,45.00,1110.4,505.49,-99.9,-99.9,-99.9,-99.9,3.9,-51.3,0.000,55.5,5.7,5.949,59.4,-45.6,5.949,25.0,25.0,5.000,172.16,3.29,193.66,2.42,134.63,12.58,1.48,88774.9,1.5330e+11,0.000e+00,1.654e+00,1.620,1.1431,1.3105e-02,0.00,0.00,39.96,0.0000e+00,0.00,0.00,44.01,1.0183e+03,0.00,0.00,28.01,1.0149e+10,8.25,6.62,2.02,2.0993e+03,0.00,0.00,28.02,3.4116e+00,0.00,0.00,32.00,2.7514e+10,44.35,17.95,4.00,1.1557e+11,46.94,75.39,1.01,7.1697e+07,0.46,0.05,16.00,0.0000e+00,0.00,0.00,18.02,0.0,0.000e+00,0.000e+00,0.0,0.0,0.0,0.0,0.000e+00,0.000e+00,450.498,25.23,450.502,3392.602,165.3,117.680,115.8,132.5,999.900,0.266,-0.001,-0.001,0.300,0.002,0.000,0.000,0.000,99,0.0
120.0,450.000,25.00,75.00,3843.220,3393.220,2.887,140.4,4.912e-10,5.766e-16,230.231,148.044,1186.3,5.392e+02,0.000,6382.988,0.0,0.000e+00,0.000e+00,0.0,3.977e-16,8.361e-16,4.690e-16,-18.7,45.00,1315.3,505.43,-99.9,-99.9,-99.9,-99.9,-24.2,-13.0,0.000,34.0,1.4,1.334,9.8,-11.6,1.334,25.0,25.0,5.000,172.16,3.29,193.62,4.09,114.06,12.58,1.48,88774.9,1.9765e+11,0.000e+00,1.652e+00,1.757,1.2818,1.3418e-01,0.00,0.00,39.96,0.0000e+00,0.00,0.00,44.01,5.5092e+03,0.00,0.00,28.01,1.3709e+10,7.96,6.94,2.02,1.1362e+04,0.00,0.00,28.02,2.2836e+01,0.00,0.00,32.00,4.3801e+10,50.49,22.16,4.00,1.3995e+11,40.65,70.81,1.01,1.9376e+08,0.89,0.10,16.00,0.0000e+00,0.00,0.00,18.02,0.0,0.000e+00,0.000e+00,0.0,0.0,0.0,0.0,0.000e+00,0.000e+00,450.614,25.23,450.618,3392.602,159.9,117.340,122.5,140.4,999.900,0.246,-0.001,-0.001,0.300,0.002,0.000,0.000,0.000,99,0.0
130.0,450.000,50.00,25.00,3835.533,3385.533,2.898,131.6,6.288e-10,6.934e-16,233.130,151.494,1224.8,7.532e+02,0.000,6483.695,0.0,0.000e+00,0.000e+00,0.0,4.782e-16,1.005e-15,6.268e-16,-9.6,45.00,1288.3,1272.32,-99.9,-99.9,-99.9,-99.9,28.4,-144.8,0.000,-27.8,2.2,4.309,0.7,-142.6,4.309,25.0,25.0,5.000,172.16,3.29,193.58,0.76,125.45,12.58,1.48,88774.9,2.5781e+11,0.000e+00,1.654e+00,1.620,1.3423,2.4945e-02,0.00,0.00,39.96,0.0000e+00,0.00,0.00,44.01,1.8631e+03,0.00,0.00,28.01,1.7035e+10,8.23,6.61,2.02,3.8409e+03,0.00,0.00,28.02,6.3249e+00,0.00,0.00,32.00,4.6182e+10,44.27,17.91,4.00,1.9445e+11,46.98,75.43,1.01,1.3634e+08,0.52,0.05,16.00,0.0000e+00,0.00,0.00,18.02,0.0,0.000e+00,0.000e+00,0.0,0.0,0.0,0.0,0.000e+00,0.000e+00,451.106,50.29,451.112,3384.421,182.5,120.867,123.0,131.6,999.900,0.269,-0.001,-0.001,0.300,0.002,0.000,0.000,0.000,99,0.0
140.0,450.000,50.00,50.00,3835.767,3385.767,2.898,126.0,4.338e-10,5.305e-16,237.730,157.266,1163.6,7.442e+02,0.000,6697.038,0.0,0.000e+00,0.000e+00,0.0,3.659e-16,7.693e-16,4.155e-16,-21.7,45.00,1314.7,358.15,-99.9,-99.9,-99.9,-99.9,-20.8,-132.2,0.000,-31.0,-3.0,-0.651,-51.8,-135.2,-0.651,25.0,25.0,5.000,172.16,3.29,193.54,2.43,117.90,12.58,1.48,88774.9,2.1004e+11,0.000e+00,1.656e+00,1.521,1.1869,2.8883e-03,0.00,0.00,39.96,0.0000e+00,0.00,0.00,44.01,3.9339e+02,0.00,0.00,28.01,1.3287e+10,8.39,6.33,2.02,8.1068e+02,0.00,0.00,28.02,1.0929e+00,0.00,0.00,32.00,3.1219e+10,39.11,14.86,4.00,1.6548e+11,52.25,78.79,1.01,5.0188e+07,0.25,0.02,16.00,0.0000e+00,0.00,0.00,18.02,0.0,0.000e+00,0.000e+00,0.0,0.0,0.0,0.0,0.000e+00,0.000e+00,451.340,50.29,451.347,3384.421,172.1,118.789,114.2,126.0,999.900,0.261,-0.001,-0.001,0.300,0.002,0.000,0.000,0.000,99,0.0
150.0,450.000,50.00,75.00,3835.946,3385.946,2.898,129.1,5.154e-10,5.823e-16,237.253,155.969,1210.4,7.604e+02,0.000,6647.789,0.0,0.000e+00,0.000e+00,0.0,4.016e-16,8.443e-16,4.591e-16,-21.2,45.00,1363.1,358.07,-99.9,-99.9,-99.9,-99.9,-79.1,-67.8,0.000,16.9,-15.7,-3.728,-62.2,-83.5,-3.728,25.0,25.0,5.000,172.16,3.29,193.50,4.10,105.03,12.58,1.48,88774.9,2.2462e+11,0.000e+00,1.655e+00,1.561,1.2876,6.3962e-03,0.00,0.00,39.96,0.0000e+00,0.00,0.00,44.01,6.9718e+02,0.00,0.00,28.01,1.4505e+10,8.34,6.46,2.02,1.4369e+03,0.00,0.00,28.02,2.0863e+00,0.00,0.00,32.00,3.6220e+10,41.34,16.13,4.00,1.7382e+11,50.00,77.39,1.01,6.8586e+07,0.31,0.03,16.00,0.0000e+00,0.00,0.00,18.02,0.0,0.000e+00,0.000e+00,0.0,0.0,0.0,0.0,0.000e+00,0.000e+00,451.519,50.29,451.525,3384.421,166.4,117.687,111.9,129.1,999.900,0.243,-0.001,-0.001,0.300,0.002,0.000,0.000,0.000,99,0.0
160.0,450.000,75.00,25.00,3829.449,3379.449,2.907,151.5,1.309e-09,1.345e-15,219.257,137.476,1266.9,8.309e+02,0.000,5958.640,0.0,0.000e+00,0.000e+00,0.0,9.273e-16,1.950e-15,2.075e-15,54.3,45.00,1019.9,843.69,-99.9,-99.9,-99.9,-99.9,-73.1,-139.4,0.000,38.6,-3.1,-2.325,-34.5,-142.5,-2.325,25.0,25.0,5.000,172.16,3.29,193.46,0.77,101.20,12.58,1.48,88774.9,4.0982e+11,0.000e+00,1.649e+00,1.976,1.5273,3.2821e+00,0.00,0.00,39.96,0.0000e+00,0.00,0.00,44.01,6.2844e+04,0.00,0.00,28.01,2.9762e+10,7.41,7.26,2.02,1.2967e+05,0.00,0.00,28.02,3.3600e+02,0.00,0.00,32.00,1.1642e+11,57.54,28.41,4.00,2.6245e+11,32.69,64.04,1.01,1.1872e+09,2.35,0.29,16.00,0.0000e+00,0.00,0.00,18.02,0.0,0.000e+00,0.000e+00,0.0,0.0,0.0,0.0,0.000e+00,0.000e+00,451.918,75.15,451.920,3377.529,159.8,118.525,129.5,151.5,999.900,0.218,-0.001,-0.001,0.300,0.002,0.000,0.000,0.000,99,0.0
170.0,450.000,75.00,50.00,3829.558,3379.558,2.907,147.4,1.332e-09,1.373e-15,223.753,141.830,1265.5,8.237e+02,0.000,6074.930,0.0,0.000e+00,0.000e+00,0.0,9.466e-16,1.990e-15,1.141e-15,-16.8,45.00,1387.7,144.32,-99.9,-99.9,-99.9,-99.9,-128.1,-92.2,0.000,24.0,-13.6,-7.568,-104.1,-105.8,-7.568,25.0,25.0,5.000,172.16,3.29,193.42,2.44,98.58,12.58,1.48,88774.9,4.3858e+11,0.000e+00,1.650e+00,1.885,1.4923,1.2922e+00,0.00,0.00,39.96,0.0000e+00,0.00,0.00,44.01,3.3742e+04,0.00,0.00,28.01,3.1376e+10,7.66,7.15,2.02,6.9608e+04,0.00,0.00,28.02,1.6266e+02,0.00,0.00,32.00,1.1346e+11,54.94,25.87,4.00,2.9290e+11,35.75,66.78,1.01,8.5447e+08,1.65,0.19,16.00,0.0000e+00,0.00,0.00,18.02,0.0,0.000e+00,0.000e+00,0.0,0.0,0.0,0.0,0.000e+00,0.000e+00,452.028,75.15,452.030,3377.529,158.2,117.599,125.1,147.4,999.900,0.272,-0.001,-0.001,0.300,0.002,0.000,0.000,0.000,99,0.0
180.0,450.000,75.00,75.00,3829.552,3379.552,2.907,147.6,1.269e-09,1.336e-15,224.151,142.298,1251.9,8.124e+02,0.000,6093.583,0.0,0.000e+00,0.000e+00,0.0,9.211e-16,1.937e-15,2.007e-16,-85.0,45.00,3229.3,144.33,-99.9,-99.9,-99.9,-99.9,-159.6,-17.9,0.000,20.1,0.5,-2.208,-139.4,-17.4,-2.208,25.0,25.0,5.000,172.16,3.29,193.38,4.11,93.75,12.58,1.48,88774.9,4.2697e+11,0.000e+00,1.650e+00,1.884,1.4581,1.2112e+00,0.00,0.00,39.96,0.0000e+00,0.00,0.00,44.01,3.2012e+04,0.00,0.00,28.01,3.0561e+10,7.67,7.16,2.02,6.6038e+04,0.00,0.00,28.02,1.5370e+02,0.00,0.00,32.00,1.1043e+11,54.96,25.86,4.00,2.8517e+11,35.77,66.79,1.01,8.0941e+08,1.61,0.19,16.00,0.0000e+00,0.00,0.00,18.02,0.0,0.000e+00,0.000e+00,0.0,0.0,0.0,0.0,0.000e+00,0.000e+00,452.021,75.15,452.023,3377.529,156.9,117.066,123.1,147.6,999.900,0.287,-0.001,-0.001,0.300,0.002,0.000,0.000,0.000,99,0.0
190.0,400.000,25.00,25.00,3792.838,3392.838,2.965,127.6,2.665e-10,4.436e-16,202.599,124.240,996.9,6.062e+02,0.000,5764.529,0.0,0.000e+00,0.000e+00,0.0,3.060e-16,6.433e-16,7.306e-16,64.7,45.00,776.9,3345.12,-99.9,-99.9,-99.9,-99.9,24.4,-84.3,0.000,21.8,-4.0,-4.013,46.2,-88.3,-4.013,25.0,25.0,5.000,172.16,3.29,193.34,0.78,149.26,12.58,1.48,88774.9,1.5123e+11,0.000e+00,1.654e+00,1.767,1.0001,8.1164e-01,0.00,0.00,39.96,0.0000e+00,0.00,0.00,44.01,1.7229e+04,0.00,0.00,28.01,1.0210e+10,7.71,6.75,2.02,3.5546e+04,0.00,0.00,28.02,8.8999e+01,0.00,0.00,32.00,3.3079e+10,49.56,21.87,4.00,1.0759e+11,40.62,71.14,1.01,3.5239e+08,2.11,0.23,16.00,0.0000e+00,0.00,0.00,18.02,0.0,0.000e+00,0.000e+00,0.0,0.0,0.0,0.0,0.000e+00,0.000e+00,400.233,25.23,400.236,3392.602,180.5,119.558,114.7,127.6,999.900,0.284,-0.001,-0.001,0.300,0.002,0.000,0.000,0.000,99,0.0
200.0,400.000,25.00,50.00,3793.104,3393.104,2.964,132.6,4.068e-10,5.973e-16,200.552,121.600,1061.1,5.322e+02,0.000,5595.319,0.0,0.000e+00,0.000e+00,0.0,4.119e-16,8.660e-16,1.117e-15,87.0,45.00,776.1,498.91,-99.9,-99.9,-99.9,-99.9,3.6,-50.8,0.000,-34.6,-3.9,2.871,-31.1,-54.7,2.871,25.0,25.0,5.000,172.16,3.29,193.30,2.45,134.36,12.58,1.48,88774.9,1.9397e+11,0.000e+00,1.653e+00,1.854,1.1457,2.7411e+00,0.00,0.00,39.96,0.0000e+00,0.00,0.00,44.01,4.3156e+04,0.00,0.00,28.01,1.3353e+10,7.49,6.88,2.02,8.9057e+04,0.00,0.00,28.02,2.4631e+02,0.00,0.00,32.00,4.7230e+10,52.56,24.35,4.00,1.3278e+11,37.24,68.45,1.01,6.1011e+08,2.71,0.31,16.00,0.0000e+00,0.00,0.00,18.02,0.0,0.000e+00,0.000e+00,0.0,0.0,0.0,0.0,0.000e+00,0.000e+00,400.498,25.23,400.502,3392.602,165.2,117.662,115.8,132.6,999.900,0.266,-0.001,-0.001,0.300,0.002,0.000,0.000,0.000,99,0.0
210.0,400.000,25.00,75.00,3793.220,3393.220,2.964,140.6,6.244e-10,8.470e-16,193.759,113.861,1103.2,5.392e+02,0.000,5325.336,0.0,0.000e+00,0.000e+00,0.0,5.841e-16,1.228e-15,1.059e-15,25.1,45.00,986.4,498.85,-99.9,-99.9,-99.9,-99.9,-24.6,-12.4,0.000,-25.3,-10.3,-0.726,-49.9,-22.8,-0.726,25.0,25.0,5.000,172.16,3.29,193.26,4.12,113.75,12.58,1.48,88774.9,2.5067e+11,0.000e+00,1.651e+00,2.035,1.2836,2.0708e+01,0.00,0.00,39.96,0.0000e+00,0.00,0.00,44.01,1.8841e+05,0.00,0.00,28.01,1.7688e+10,7.00,7.06,2.02,3.8894e+05,0.00,0.00,28.02,1.2912e+03,0.00,0.00,32.00,7.2647e+10,57.01,28.98,4.00,1.5888e+11,31.42,63.38,1.01,1.4565e+09,4.57,0.58,16.00,0.0000e+00,0.00,0.00,18.02,0.0,0.000e+00,0.000e+00,0.0,0.0,0.0,0.0,0.000e+00,0.000e+00,400.615,25.23,400.618,3392.602,160.0,117.349,122.6,140.6,999.900,0.246,-0.001,-0.001,0.300,0.002,0.000,0.000,0.000,99,0.0
220.0,400.000,50.00,25.00,3785.533,3385.533,2.975,131.5,7.900e-10,1.001e-15,197.952,118.674,1142.5,7.532e+02,0.000,5460.159,0.0,0.000e+00,0.000e+00,0.0,6.902e-16,1.451e-15,9.633e-16,-3.7,45.00,1164.5,1255.74,-99.9,-99.9,-99.9,-99.9,27.9,-145.0,0.000,15.0,-0.7,-3.331,42.9,-145.7,-3.331,25.0,25.0,5.000,172.16,3.29,193.22,0.79,125.39,12.58,1.48,88774.9,3.2474e+11,0.000e+00,1.653e+00,1.856,1.3404,5.1079e+00,0.00,0.00,39.96,0.0000e+00,0.00,0.00,44.01,7.7679e+04,0.00,0.00,28.01,2.2290e+10,7.46,6.86,2.02,1.6030e+05,0.00,0.00,28.02,4.4850e+02,0.00,0.00,32.00,7.8626e+10,52.22,24.21,4.00,2.2267e+11,37.27,68.57,1.01,1.1474e+09,3.05,0.35,16.00,0.0000e+00,0.00,0.00,18.02,0.0,0.000e+00,0.000e+00,0.0,0.0,0.0,0.0,0.000e+00,0.000e+00,401.106,50.30,401.112,3384.421,182.4,120.834,122.8,131.5,999.900,0.269,-0.001,-0.001,0.300,0.002,0.000,0.000,0.000,99,0.0
230.0,400.000,50.00,50.00,3785.767,3385.767,2.975,126.0,5.419e-10,7.521e-16,204.240,127.026,1091.9,7.442e+02,0.000,5708.160,0.0,0.000e+00,0.000e+00,0.0,5.187e-16,1.091e-15,8.786e-16,16.8,45.00,1010.3,353.49,-99.9,-99.9,-99.9,-99.9,-21.7,-131.6,0.000,28.6,8.4,5.395,6.9,-123.2,5.395,25.0,25.0,5.000,172.16,3.29,193.18,2.45,117.74,12.58,1.48,88774.9,2.6266e+11,0.000e+00,1.655e+00,1.724,1.1857,7.7286e-01,0.00,0.00,39.96,0.0000e+00,0.00,0.00,44.01,1.9769e+04,0.00,0.00,28.01,1.7576e+10,7.83,6.69,2.02,4.0783e+04,0.00,0.00,28.02,9.5960e+01,0.00,0.00,32.00,5.4515e+10,48.18,20.76,4.00,1.9010e+11,42.34,72.37,1.01,4.6938e+08,1.66,0.18,16.00,0.0000e+00,0.00,0.00,18.02,0.0,0.000e+00,0.000e+00,0.0,0.0,0.0,0.0,0.000e+00,0.000e+00,401.341,50.30,401.347,3384.421,172.0,118.764,114.1,126.0,999.900,0.261,-0.001,-0.001,0.300,0.002,0.000,0.000,0.000,99,0.0
240.0,400.000,50.00,75.00,3785.946,3385.946,2.975,129.2,6.512e-10,8.347e-16,203.221,125.474,1136.0,7.604e+02,0.000,5646.704,0.0,0.000e+00,0.000e+00,0.0,5.757e-16,1.210e-15,1.010e-15,21.0,45.00,1032.8,353.41,-99.9,-99.9,-99.9,-99.9,-79.9,-66.5,0.000,-13.5,-21.5,7.358,-93.4,-88.0,7.358,25.0,25.0,5.000,172.16,3.29,193.14,4.12,104.82,12.58,1.48,88774.9,2.8294e+11,0.000e+00,1.654e+00,1.777,1.2904,1.5550e+00,0.00,0.00,39.96,0.0000e+00,0.00,0.00,44.01,3.2811e+04,0.00,0.00,28.01,1.9194e+10,7.70,6.78,2.02,6.7697e+04,0.00,0.00,28.02,1.6983e+02,0.00,0.00,32.00,6.3005e+10,50.17,22.27,4.00,2.0012e+11,40.16,70.73,1.01,6.1947e+08,1.97,0.22,16.00,0.0000e+00,0.00,0.00,18.02,0.0,0.000e+00,0.000e+00,0.0,0.0,0.0,0.0,0.000e+00,0.000e+00,401.519,50.30,401.525,3384.421,166.4,117.681,112.0,129.2,999.900,0.243,-0.001,-0.001,0.300,0.002,0.000,0.000,0.000,99,0.0
250.0,400.000,75.00,25.00,3779.449,3379.449,2.984,151.4,1.683e-09,2.061e-15,179.172,97.472,1159.7,8.309e+02,0.000,4824.257,0.0,0.000e+00,0.000e+00,0.0,1.421e-15,2.989e-15,1.963e-15,-4.8,45.00,1188.4,832.68,-99.9,-99.9,-99.9,-99.9,-74.0,-138.9,0.000,3.3,19.1,-1.727,-70.7,-119.9,-1.727,25.0,25.0,5.000,172.16,3.29,193.10,0.79,101.18,12.58,1.48,88774.9,5.2727e+11,0.000e+00,1.647e+00,2.354,1.5271,3.4449e+02,0.00,0.00,39.96,0.0000e+00,0.00,0.00,44.01,1.6413e+06,0.00,0.00,28.01,3.7727e+10,6.13,7.16,2.02,3.3896e+06,0.01,0.00,28.02,1.3959e+04,0.00,0.00,32.00,1.8583e+11,59.93,35.24,4.00,2.9604e+11,24.06,56.15,1.01,7.6590e+09,9.87,1.45,16.00,0.0000e+00,0.00,0.00,18.02,0.0,0.000e+00,0.000e+00,0.0,0.0,0.0,0.0,0.000e+00,0.000e+00,401.918,75.15,401.920,3377.529,159.8,118.510,129.4,151.4,999.900,0.218,-0.001,-0.001,0.300,0.002,0.000,0.000,0.000,99,0.0
260.0,400.000,75.00,50.00,3779.558,3379.558,2.984,147.4,1.700e-09,2.062e-15,185.247,103.895,1165.9,8.237e+02,0.000,4984.331,0.0,0.000e+00,0.000e+00,0.0,1.422e-15,2.990e-15,1.770e-15,-14.2,45.00,1258.4,142.45,-99.9,-99.9,-99.9,-99.9,-128.7,-91.3,0.000,-17.9,26.5,-0.714,-146.7,-64.8,-0.714,25.0,25.0,5.000,172.16,3.29,193.06,2.46,98.52,12.58,1.48,88774.9,5.6003e+11,0.000e+00,1.649e+00,2.217,1.4917,1.5556e+02,0.00,0.00,39.96,0.0000e+00,0.00,0.00,44.01,9.6961e+05,0.00,0.00,28.01,3.9985e+10,6.50,7.14,2.02,2.0021e+06,0.00,0.00,28.02,7.5391e+03,0.00,0.00,32.00,1.8340e+11,59.12,32.75,4.00,3.3083e+11,26.88,59.07,1.01,5.8176e+09,7.50,1.04,16.00,0.0000e+00,0.00,0.00,18.02,0.0,0.000e+00,0.000e+00,0.0,0.0,0.0,0.0,0.000e+00,0.000e+00,402.028,75.15,402.030,3377.529,158.2,117.588,125.1,147.4,999.900,0.272,-0.001,-0.001,0.300,0.002,0.000,0.000,0.000,99,0.0
270.0,400.000,75.00,75.00,3779.552,3379.552,2.984,147.7,1.617e-09,2.001e-15,185.799,104.640,1154.3,8.124e+02,0.000,5005.907,0.0,0.000e+00,0.000e+00,0.0,1.380e-15,2.901e-15,1.835e-15,-8.3,45.00,1205.5,142.45,-99.9,-99.9,-99.9,-99.9,-159.8,-16.7,0.000,-21.5,41.9,4.528,-181.3,25.2,4.528,25.0,25.0,5.000,172.16,3.29,193.01,4.13,93.67,12.58,1.48,88774.9,5.4418e+11,0.000e+00,1.649e+00,2.214,1.4579,1.4657e+02,0.00,0.00,39.96,0.0000e+00,0.00,0.00,44.01,9.2275e+05,0.00,0.00,28.01,3.8888e+10,6.51,7.15,2.02,1.9053e+06,0.00,0.00,28.02,7.1509e+03,0.00,0.00,32.00,1.7837e+11,59.25,32.78,4.00,3.2140e+11,26.91,59.06,1.01,5.5167e+09,7.32,1.01,16.00,0.0000e+00,0.00,0.00,18.02,0.0,0.000e+00,0.000e+00,0.0,0.0,0.0,0.0,0.000e+00,0.000e+00,402.021,75.15,402.023,3377.529,156.9,117.062,123.1,147.7,999.900,0.287,-0.001,-0.001,0.300,0.002,0.000,0.000,0.000,99,0.0
280.0,350.000,25.00,25.00,3742.838,3392.838,3.045,127.6,3.511e-10,7.313e-16,157.761,77.692,890.7,6.062e+02,0.000,4445.253,350.0,2.790e-08,1.610e-13,0.0,5.043e-16,1.060e-15,8.766e-16,19.9,45.00,813.5,3317.46,-99.5,-99.7,-99.3,-99.5,24.2,-83.9,0.000,-8.3,-25.1,-7.474,16.0,-109.0,-7.474,25.0,25.0,5.000,172.16,3.29,192.97,0.80,149.12,12.58,1.48,88774.9,1.9924e+11,0.000e+00,1.652e+00,2.210,1.0000,2.3373e+02,0.00,0.00,39.96,7.9529e+06,0.08,0.00,44.01,9.1194e+05,0.01,0.00,28.01,1.3576e+10,6.22,6.81,2.02,1.8836e+06,0.01,0.00,28.02,8.2905e+03,0.00,0.00,32.00,5.8287e+10,52.98,29.25,4.00,1.2398e+11,28.40,62.23,1.01,3.3879e+09,12.31,1.70,16.00,0.0000e+00,0.00,0.00,18.02,0.0,0.000e+00,0.000e+00,0.0,0.0,0.0,0.0,0.000e+00,0.000e+00,350.233,25.24,350.236,3392.602,180.5,119.524,114.7,127.6,999.900,0.284,-0.001,-0.001,0.300,0.002,0.000,0.000,0.000,99,0.0
290.0,350.000,25.00,50.00,3743.104,3393.104,3.045,132.7,5.436e-10,1.007e-15,154.323,74.969,943.7,5.322e+02,0.000,4260.821,350.0,2.790e-08,1.610e-13,0.0,6.948e-16,1.461e-15,1.535e-15,52.4,45.00,764.4,492.34,-99.4,-99.6,-99.1,-99.0,3.2,-50.2,0.000,-10.8,-27.4,0.728,-7.6,-77.6,0.728,25.0,25.0,5.000,172.16,3.29,192.93,2.47,134.08,12.58,1.48,88774.9,2.5840e+11,0.000e+00,1.651e+00,2.348,1.1482,6.5504e+02,0.00,0.00,39.96,0.0000e+00,0.00,0.00,44.01,2.0078e+06,0.01,0.00,28.01,1.7685e+10,5.88,6.84,2.02,4.1478e+06,0.02,0.00,28.02,1.9784e+04,0.00,0.00,32.00,8.2162e+10,54.20,31.80,4.00,1.5307e+11,25.45,59.24,1.01,5.4760e+09,14.44,2.12,16.00,0.0000e+00,0.00,0.00,18.02,0.0,0.000e+00,0.000e+00,0.0,0.0,0.0,0.0,0.000e+00,0.000e+00,350.499,25.24,350.502,3392.602,165.2,117.645,115.9,132.7,999.900,0.266,-0.001,-0.001,0.300,0.002,0.000,0.000,0.000,99,0.0
300.0,350.000,25.00,75.00,3743.220,3393.220,3.045,140.7,8.424e-10,1.498e-15,143.706,67.104,962.5,5.392e+02,0.000,3906.644,350.0,2.790e-08,1.610e-13,0.0,1.033e-15,2.172e-15,2.020e-15,34.8,45.00,828.9,492.28,-99.1,-99.4,-98.7,-98.7,-25.0,-11.9,0.000,-9.9,-2.0,0.489,-34.9,-13.9,0.489,25.0,25.0,5.000,172.16,3.29,192.89,4.14,113.43,12.58,1.48,88774.9,3.3745e+11,0.000e+00,1.647e+00,2.673,1.2854,3.6234e+03,0.00,0.00,39.96,0.0000e+00,0.00,0.00,44.01,7.0363e+06,0.02,0.00,28.01,2.2966e+10,5.14,6.81,2.02,1.4540e+07,0.05,0.00,28.02,8.0737e+04,0.00,0.00,32.00,1.2201e+11,54.14,36.16,4.00,1.8093e+11,20.23,53.62,1.01,1.1513e+10,20.42,3.41,16.00,0.0000e+00,0.00,0.00,18.02,0.0,0.000e+00,0.000e+00,0.0,0.0,0.0,0.0,0.000e+00,0.000e+00,350.615,25.24,350.618,3392.602,160.0,117.358,122.8,140.7,999.900,0.246,-0.001,-0.001,0.300,0.002,0.000,0.000,0.000,99,0.0
310.0,350.000,50.00,25.00,3735.533,3385.533,3.056,131.3,1.047e-09,1.704e-15,150.243,71.054,1007.1,7.532e+02,0.000,4101.840,350.0,2.790e-08,1.610e-13,0.0,1.176e-15,2.472e-15,1.395e-15,-18.2,45.00,1113.2,1239.16,-98.9,-99.3,-98.5,-99.1,27.4,-145.1,0.000,-0.8,33.5,-11.031,26.6,-111.6,-11.031,25.0,25.0,5.000,172.16,3.29,192.85,0.81,125.33,12.58,1.48,88774.9,4.3162e+11,0.000e+00,1.650e+00,2.378,1.3384,1.2228e+03,0.00,0.00,39.96,0.0000e+00,0.00,0.00,44.01,3.6134e+06,0.01,0.00,28.01,2.9394e+10,5.78,6.81,2.02,7.4648e+06,0.02,0.00,28.02,3.6041e+04,0.00,0.00,32.00,1.3596e+11,53.02,31.50,4.00,2.5597e+11,25.15,59.31,1.01,1.0279e+10,16.02,2.38,16.00,0.0000e+00,0.00,0.00,18.02,0.0,0.000e+00,0.000e+00,0.0,0.0,0.0,0.0,0.000e+00,0.000e+00,351.107,50.30,351.112,3384.421,182.4,120.801,122.7,131.3,999.900,0.269,-0.001,-0.001,0.300,0.002,0.000,0.000,0.000,99,0.0
320.0,350.000,50.00,50.00,3735.767,3385.767,3.055,126.0,7.089e-10,1.212e-15,161.573,82.207,983.2,7.442e+02,0.000,4472.272,350.0,2.790e-08,1.610e-13,0.0,8.360e-16,1.758e-15,8.292e-16,-31.6,45.00,1188.8,348.82,-99.2,-99.5,-98.9,-99.5,-22.5,-131.0,0.000,4.7,-39.3,-6.965,-17.9,-170.3,-6.965,25.0,25.0,5.000,172.16,3.29,192.81,2.48,117.58,12.58,1.48,88774.9,3.4398e+11,0.000e+00,1.653e+00,2.122,1.1846,2.4067e+02,0.00,0.00,39.96,0.0000e+00,0.00,0.00,44.01,1.1049e+06,0.00,0.00,28.01,2.3430e+10,6.48,6.81,2.02,2.2819e+06,0.01,0.00,28.02,9.5139e+03,0.00,0.00,32.00,9.6658e+10,53.00,28.10,4.00,2.1922e+11,30.29,63.73,1.01,4.6649e+09,10.22,1.36,16.00,0.0000e+00,0.00,0.00,18.02,0.0,0.000e+00,0.000e+00,0.0,0.0,0.0,0.0,0.000e+00,0.000e+00,351.341,50.30,351.347,3384.421,172.0,118.739,114.1,126.0,999.900,0.261,-0.001,-0.001,0.300,0.002,0.000,0.000,0.000,99,0.0
330.0,350.000,50.00,75.00,3735.946,3385.946,3.055,129.3,8.629e-10,1.369e-15,159.539,80.228,1020.4,7.604e+02,0.000,4388.045,350.0,2.790e-08,1.610e-13,0.0,9.441e-16,1.985e-15,2.443e-15,78.5,45.00,763.9,348.74,-99.1,-99.4,-98.8,-98.5,-80.6,-65.3,0.000,17.0,1.3,-2.707,-63.6,-64.0,-2.707,25.0,25.0,5.000,172.16,3.29,192.77,4.15,104.61,12.58,1.48,88774.9,3.7383e+11,0.000e+00,1.652e+00,2.205,1.2932,4.3413e+02,0.00,0.00,39.96,0.0000e+00,0.00,0.00,44.01,1.7014e+06,0.01,0.00,28.01,2.5577e+10,6.26,6.84,2.02,3.5143e+06,0.01,0.00,28.02,1.5445e+04,0.00,0.00,32.00,1.1113e+11,53.96,29.73,4.00,2.3121e+11,28.29,61.85,1.01,5.9138e+09,11.48,1.58,16.00,0.0000e+00,0.00,0.00,18.02,0.0,0.000e+00,0.000e+00,0.0,0.0,0.0,0.0,0.000e+00,0.000e+00,351.520,50.30,351.525,3384.421,166.4,117.676,112.0,129.3,999.900,0.243,-0.001,-0.001,0.300,0.002,0.000,0.000,0.000,99,0.0
340.0,350.000,75.00,25.00,3729.449,3379.449,3.064,151.3,2.347e-09,4.110e-15,122.057,54.449,967.9,8.309e+02,0.000,3245.799,350.0,2.790e-08,1.610e-13,0.0,2.834e-15,5.959e-15,5.473e-15,33.2,45.00,838.8,821.67,-97.4,-98.2,-96.3,-96.6,-74.9,-138.5,0.000,-8.9,52.1,-0.171,-83.8,-86.3,-0.171,25.0,25.0,5.000,172.16,3.29,192.73,0.82,101.16,12.58,1.48,88774.9,7.3592e+11,0.000e+00,1.640e+00,3.363,1.5268,4.1212e+04,0.00,0.00,39.96,0.0000e+00,0.00,0.00,44.01,4.6980e+07,0.05,0.01,28.01,4.8141e+10,3.92,6.54,2.02,9.7114e+07,0.11,0.01,28.02,6.4393e+05,0.00,0.00,32.00,3.0054e+11,48.60,40.84,4.00,3.3502e+11,13.65,45.52,1.01,5.2066e+10,33.66,7.07,16.00,0.0000e+00,0.00,0.00,18.02,0.0,0.000e+00,0.000e+00,0.0,0.0,0.0,0.0,0.000e+00,0.000e+00,351.919,75.15,351.920,3377.529,159.8,118.495,129.4,151.3,999.900,0.218,-0.001,-0.001,0.300,0.002,0.000,0.000,0.000,99,0.0
350.0,350.000,75.00,50.00,3729.558,3379.558,3.064,147.4,2.331e-09,3.909e-15,130.509,58.680,989.8,8.237e+02,0.000,3470.328,350.0,2.790e-08,1.610e-13,0.0,2.696e-15,5.668e-15,6.055e-15,54.9,45.00,795.3,140.57,-97.6,-98.3,-96.5,-96.2,-129.4,-90.4,0.000,-23.5,5.9,4.664,-152.9,-84.4,4.664,25.0,25.0,5.000,172.16,3.29,192.69,2.49,98.46,12.58,1.48,88774.9,7.6836e+11,0.000e+00,1.643e+00,3.064,1.4910,2.1341e+04,0.00,0.00,39.96,0.0000e+00,0.00,0.00,44.01,3.0536e+07,0.04,0.00,28.01,5.1293e+10,4.40,6.68,2.02,6.3112e+07,0.08,0.01,28.02,3.8797e+05,0.00,0.00,32.00,3.0035e+11,51.07,39.09,4.00,3.7489e+11,16.06,48.79,1.01,4.1736e+10,28.36,5.43,16.00,0.0000e+00,0.00,0.00,18.02,0.0,0.000e+00,0.000e+00,0.0,0.0,0.0,0.0,0.000e+00,0.000e+00,352.028,75.15,352.030,3377.529,158.2,117.576,125.0,147.4,999.900,0.272,-0.001,-0.001,0.300,0.002,0.000,0.000,0.000,99,0.0
360.0,350.000,75.00,75.00,3729.552,3379.552,3.064,147.7,2.213e-09,3.770e-15,131.435,59.342,982.2,8.125e+02,0.000,3499.965,350.0,2.790e-08,1.610e-13,0.0,2.600e-15,5.466e-15,3.291e-15,-12.7,45.00,1051.1,140.58,-97.7,-98.4,-96.6,-98.0,-160.0,-15.5,0.000,32.4,17.2,-1.712,-127.6,1.7,-1.712,25.0,25.0,5.000,172.16,3.29,192.65,4.16,93.58,12.58,1.48,88774.9,7.4461e+11,0.000e+00,1.643e+00,3.049,1.4577,2.0127e+04,0.00,0.00,39.96,0.0000e+00,0.00,0.00,44.01,2.9062e+07,0.04,0.00,28.01,4.9799e+10,4.43,6.69,2.02,6.0066e+07,0.07,0.01,28.02,3.6812e+05,0.00,0.00,32.00,2.9179e+11,51.44,39.19,4.00,3.6338e+11,16.15,48.80,1.01,3.9552e+10,27.87,5.31,16.00,0.0000e+00,0.00,0.00,18.02,0.0,0.000e+00,0.000e+00,0.0,0.0,0.0,0.0,0.000e+00,0.000e+00,352.022,75.15,352.023,3377.529,156.9,117.059,123.1,147.7,999.900,0.287,-0.001,-0.001,0.300,0.002,0.000,0.000,0.000,99,0.0
370.0,300.000,25.00,25.00,3692.838,3392.838,3.129,127.7,5.304e-10,1.928e-15,87.999,36.309,671.4,6.062e+02,0.000,2443.250,350.0,7.770e-08,5.870e-13,0.0,1.330e-15,2.796e-15,1.609e-15,-16.5,45.00,734.9,3289.80,-99.7,-99.8,-99.5,-99.7,24.0,-83.5,0.000,71.0,-36.4,4.649,95.0,-119.9,4.649,25.0,25.0,5.000,172.16,3.29,192.61,0.83,148.99,12.58,1.48,88774.9,3.0088e+11,0.000e+00,1.639e+00,3.859,1.0000,7.8351e+04,0.00,0.00,39.96,4.0106e+07,0.15,0.01,44.01,5.3697e+07,0.13,0.02,28.01,1.8194e+10,3.16,6.05,2.02,1.1104e+08,0.27,0.04,28.02,8.7220e+05,0.00,0.00,32.00,1.0430e+11,35.95,34.66,4.00,1.4344e+11,12.46,47.67,1.01,3.4741e+10,47.87,11.55,16.00,0.0000e+00,0.00,0.00,18.02,0.0,0.000e+00,0.000e+00,0.0,0.0,0.0,0.0,0.000e+00,0.000e+00,300.233,25.24,300.236,3392.602,180.4,119.489,114.7,127.7,999.900,0.284,-0.001,-0.001,0.300,0.002,0.000,0.000,0.000,99,0.0
380.0,300.000,25.00,50.00,3693.104,3393.104,3.129,132.8,8.394e-10,2.734e-15,85.290,36.245,708.7,5.322e+02,0.000,2317.767,350.0,7.770e-08,5.870e-13,0.0,1.885e-15,3.964e-15,5.877e-15,115.0,45.00,483.4,485.76,-99.5,-99.7,-99.3,-99.0,2.8,-49.7,0.000,20.4,30.4,-4.262,23.1,-19.3,-4.262,25.0,25.0,5.000,172.16,3.29,192.57,2.50,133.80,12.58,1.48,88774.9,3.9785e+11,0.000e+00,1.636e+00,4.138,1.1507,1.7979e+05,0.00,0.00,39.96,0.0000e+00,0.00,0.00,44.01,1.0294e+08,0.18,0.03,28.01,2.3588e+10,2.89,5.93,2.02,2.1288e+08,0.36,0.05,28.02,1.7754e+06,0.00,0.00,32.00,1.4493e+11,35.23,36.43,4.00,1.7707e+11,10.85,44.51,1.01,5.1953e+10,50.49,13.06,16.00,0.0000e+00,0.00,0.00,18.02,0.0,0.000e+00,0.000e+00,0.0,0.0,0.0,0.0,0.000e+00,0.000e+00,300.499,25.24,300.502,3392.602,165.1,117.627,116.0,132.8,999.900,0.266,-0.001,-0.001,0.300,0.002,0.000,0.000,0.000,99,0.0
390.0,300.000,25.00,75.00,3693.220,3393.220,3.128,140.8,1.354e-09,4.416e-15,76.130,34.607,706.6,5.392e+02,0.000,2033.458,350.0,7.770e-08,5.870e-13,0.0,3.046e-15,6.403e-15,3.714e-15,-15.9,45.00,770.5,485.70,-99.2,-99.5,-98.9,-99.4,-25.4,-11.4,0.000,6.0,-8.2,-1.856,-19.4,-19.6,-1.856,25.0,25.0,5.000,172.16,3.29,192.53,4.16,113.11,12.58,1.48,88774.9,5.4116e+11,0.000e+00,1.629e+00,4.914,1.2872,7.2265e+05,0.00,0.00,39.96,0.0000e+00,0.00,0.00,44.01,2.8802e+08,0.30,0.05,28.01,3.0017e+10,2.28,5.55,2.02,5.9578e+08,0.63,0.11,28.02,5.6058e+06,0.01,0.00,32.00,2.0761e+11,31.25,38.36,4.00,2.0673e+11,7.84,38.20,1.01,9.5904e+10,57.70,17.72,16.00,0.0000e+00,0.00,0.00,18.02,0.0,0.000e+00,0.000e+00,0.0,0.0,0.0,0.0,0.000e+00,0.000e+00,300.615,25.24,300.618,3392.602,160.1,117.367,122.9,140.8,999.900,0.246,-0.001,-0.001,0.300,0.002,0.000,0.000,0.000,99,0.0
400.0,300.000,50.00,25.00,3685.533,3385.533,3.139,131.2,1.627e-09,4.852e-15,79.940,34.198,740.3,7.533e+02,0.000,2147.248,350.0,7.770e-08,5.870e-13,0.0,3.346e-15,7.035e-15,5.921e-15,22.0,45.00,670.2,1222.58,-99.2,-99.4,-98.8,-99.0,26.8,-145.3,0.000,2.1,54.9,3.773,28.9,-90.4,3.773,25.0,25.0,5.000,172.16,3.29,192.49,0.83,125.27,12.58,1.48,88774.9,6.7231e+11,0.000e+00,1.634e+00,4.346,1.3364,3.4433e+05,0.00,0.00,39.96,0.0000e+00,0.00,0.00,44.01,1.8835e+08,0.18,0.03,28.01,3.9079e+10,2.70,5.81,2.02,3.8953e+08,0.37,0.06,28.02,3.2984e+06,0.00,0.00,32.00,2.3895e+11,32.74,35.54,4.00,2.9543e+11,10.20,43.94,1.01,9.8261e+10,53.81,14.62,16.00,0.0000e+00,0.00,0.00,18.02,0.0,0.000e+00,0.000e+00,0.0,0.0,0.0,0.0,0.000e+00,0.000e+00,301.108,50.31,301.112,3384.421,182.3,120.768,122.5,131.2,999.900,0.269,-0.001,-0.001,0.300,0.002,0.000,0.000,0.000,99,0.0
410.0,300.000,50.00,50.00,3685.767,3385.767,3.139,126.0,1.048e-09,3.010e-15,93.728,38.181,756.1,7.442e+02,0.000,2557.698,350.0,7.770e-08,5.870e-13,0.0,2.076e-15,4.364e-15,5.059e-15,68.1,45.00,583.2,344.16,-99.5,-99.6,-99.3,-99.1,-23.4,-130.4,0.000,-52.6,50.4,-1.973,-76.0,-80.0,-1.973,25.0,25.0,5.000,172.16,3.29,192.45,2.50,117.42,12.58,1.48,88774.9,5.0905e+11,0.000e+00,1.642e+00,3.561,1.1836,8.7733e+04,0.00,0.00,39.96,0.0000e+00,0.00,0.00,44.01,6.8964e+07,0.11,0.01,28.01,3.1486e+10,3.50,6.19,2.02,1.4259e+08,0.22,0.03,28.02,1.0701e+06,0.00,0.00,32.00,1.7412e+11,38.45,34.21,4.00,2.5384e+11,14.13,49.87,1.01,4.9384e+10,43.59,9.70,16.00,0.0000e+00,0.00,0.00,18.02,0.0,0.000e+00,0.000e+00,0.0,0.0,0.0,0.0,0.000e+00,0.000e+00,301.342,50.31,301.347,3384.421,171.9,118.715,114.0,126.0,999.900,0.261,-0.001,-0.001,0.300,0.002,0.000,0.000,0.000,99,0.0
420.0,300.000,50.00,75.00,3685.946,3385.946,3.139,129.4,1.300e-09,3.489e-15,91.574,37.923,781.6,7.604e+02,0.000,2481.214,350.0,7.770e-08,5.870e-13,0.0,2.406e-15,5.058e-15,5.161e-15,47.9,45.00,642.6,344.08,-99.4,-99.6,-99.1,-99.1,-81.4,-64.0,0.000,-3.4,-30.0,1.476,-84.8,-94.0,1.476,25.0,25.0,5.000,172.16,3.29,192.41,4.17,104.40,12.58,1.48,88774.9,5.6138e+11,0.000e+00,1.640e+00,3.742,1.2960,1.3996e+05,0.00,0.00,39.96,0.0000e+00,0.00,0.00,44.01,9.7589e+07,0.13,0.02,28.01,3.4331e+10,3.30,6.12,2.02,2.0179e+08,0.27,0.04,28.02,1.5760e+06,0.00,0.00,32.00,1.9885e+11,37.89,35.42,4.00,2.6809e+11,12.87,47.76,1.01,5.9805e+10,45.54,10.65,16.00,0.0000e+00,0.00,0.00,18.02,0.0,0.000e+00,0.000e+00,0.0,0.0,0.0,0.0,0.000e+00,0.000e+00,301.521,50.31,301.525,3384.421,166.5,117.671,112.0,129.4,999.900,0.243,-0.001,-0.001,0.300,0.002,0.000,0.000,0.000,99,0.0
430.0,300.000,75.00,25.00,3679.449,3379.449,3.148,151.2,4.186e-09,1.427e-14,61.060,31.917,688.2,8.309e+02,0.000,1588.411,350.0,7.770e-08,5.870e-13,0.0,9.838e-15,2.068e-14,1.217e-14,-14.7,45.00,745.1,810.66,-97.6,-98.3,-96.5,-97.9,-75.8,-138.0,0.000,-19.1,-26.8,4.379,-94.9,-164.9,4.379,25.0,25.0,5.000,172.16,3.29,192.37,0.84,101.14,12.58,1.48,88774.9,1.3136e+12,0.000e+00,1.614e+00,6.540,1.5263,5.6496e+06,0.00,0.00,39.96,0.0000e+00,0.00,0.00,44.01,1.4795e+09,0.48,0.11,28.01,6.1860e+10,1.45,4.71,2.02,3.0614e+09,1.00,0.23,28.02,3.3129e+07,0.01,0.00,32.00,4.9280e+11,22.96,37.52,4.00,3.8049e+11,4.47,28.97,1.01,3.7385e+11,69.62,28.46,16.00,0.0000e+00,0.00,0.00,18.02,0.0,0.000e+00,0.000e+00,0.0,0.0,0.0,0.0,0.000e+00,0.000e+00,301.919,75.15,301.920,3377.529,159.8,118.480,129.3,151.2,999.900,0.218,-0.001,-0.001,0.300,0.002,0.000,0.000,0.000,99,0.0
440.0,300.000,75.00,50.00,3679.558,3379.558,3.148,147.3,3.974e-09,1.280e-14,66.151,32.683,708.9,8.237e+02,0.000,1723.734,350.0,7.770e-08,5.870e-13,0.0,8.830e-15,1.857e-14,6.021e-15,-53.0,45.00,1033.9,138.69,-97.8,-98.5,-96.8,-99.0,-130.1,-89.4,0.000,-13.9,-38.8,3.046,-144.0,-128.2,3.046,25.0,25.0,5.000,172.16,3.29,192.32,2.51,98.41,12.58,1.48,88774.9,1.3107e+12,0.000e+00,1.620e+00,5.883,1.4902,3.3545e+06,0.00,0.00,39.96,0.0000e+00,0.00,0.00,44.01,1.0579e+09,0.38,0.08,28.01,6.6256e+10,1.73,5.05,2.02,2.1886e+09,0.80,0.17,28.02,2.2263e+07,0.01,0.00,32.00,4.9866e+11,25.89,38.05,4.00,4.2631e+11,5.58,32.52,1.01,3.1622e+11,65.61,24.13,16.00,0.0000e+00,0.00,0.00,18.02,0.0,0.000e+00,0.000e+00,0.0,0.0,0.0,0.0,0.000e+00,0.000e+00,302.029,75.15,302.030,3377.529,158.1,117.565,125.0,147.3,999.900,0.272,-0.001,-0.001,0.300,0.002,0.000,0.000,0.000,99,0.0
450.0,300.000,75.00,75.00,3679.552,3379.552,3.148,147.7,3.752e-09,1.221e-14,66.989,32.965,705.6,8.125e+02,0.000,1748.482,350.0,7.770e-08,5.870e-13,0.0,8.418e-15,1.770e-14,5.894e-15,-51.7,45.00,1015.5,138.70,-97.9,-98.6,-97.0,-99.0,-160.2,-14.3,0.000,23.8,-63.7,-2.785,-136.4,-77.9,-2.785,25.0,25.0,5.000,172.16,3.29,192.28,4.18,93.50,12.58,1.48,88774.9,1.2621e+12,0.000e+00,1.620e+00,5.824,1.4574,3.1522e+06,0.00,0.00,39.96,0.0000e+00,0.00,0.00,44.01,1.0037e+09,0.38,0.08,28.01,6.4201e+10,1.76,5.09,2.02,2.0766e+09,0.79,0.16,28.02,2.1056e+07,0.01,0.00,32.00,4.8367e+11,26.34,38.32,4.00,4.1225e+11,5.66,32.66,1.01,2.9893e+11,65.06,23.68,16.00,0.0000e+00,0.00,0.00,18.02,0.0,0.000e+00,0.000e+00,0.0,0.0,0.0,0.0,0.000e+00,0.000e+00,302.022,75.15,302.023,3377.529,156.9,117.055,123.1,147.7,999.900,0.287,-0.001,-0.001,0.300,0.002,0.000,0.000,0.000,99,0.0
460.0,250.000,25.00,25.00,3642.838,3392.838,3.216,127.7,1.361e-09,1.226e-14,34.559,22.181,419.9,6.062e+02,0.000,926.964,349.7,3.190e-07,3.330e-12,0.0,8.453e-15,1.777e-14,1.284e-14,4.8,45.00,410.2,3262.14,-99.6,-99.7,-99.5,-99.6,23.8,-83.1,0.000,14.9,39.1,-1.852,38.7,-44.0,-1.852,25.0,25.0,5.000,172.16,3.29,192.24,0.85,148.85,12.58,1.48,88774.9,7.7175e+11,0.000e+00,1.588e+00,9.565,1.0000,3.0759e+07,0.02,0.00,39.96,6.7188e+08,0.40,0.09,44.01,3.5322e+09,1.34,0.46,28.01,2.4583e+10,0.67,3.19,2.02,7.3125e+09,2.78,0.95,28.02,1.0414e+08,0.05,0.01,32.00,1.8965e+11,10.28,24.57,4.00,1.6667e+11,2.28,21.60,1.01,3.7920e+11,82.19,49.13,16.00,0.0000e+00,0.00,0.00,18.02,0.0,0.000e+00,0.000e+00,0.0,0.0,0.0,0.0,0.000e+00,0.000e+00,250.234,25.24,250.236,3392.602,180.3,119.455,114.6,127.7,999.900,0.284,-0.001,-0.001,0.300,0.002,0.000,0.000,0.000,99,0.0
470.0,250.000,25.00,50.00,3643.104,3393.104,3.216,132.9,2.196e-09,1.694e-14,34.952,22.814,453.3,5.322e+02,0.000,916.225,349.7,3.190e-07,3.330e-12,0.0,1.168e-14,2.456e-14,2.356e-14,39.1,45.00,384.4,479.19,-99.5,-99.6,-99.3,-99.3,2.4,-49.1,0.000,-2.6,22.5,-1.781,-0.2,-26.6,-1.781,25.0,25.0,5.000,172.16,3.29,192.20,2.52,133.52,12.58,1.48,88774.9,1.0394e+12,0.000e+00,1.586e+00,9.815,1.1512,5.7097e+07,0.02,0.01,39.96,0.0000e+00,0.00,0.00,44.01,5.8486e+09,1.61,0.56,28.01,3.1745e+10,0.63,3.05,2.02,1.2109e+10,3.33,1.17,28.02,1.7913e+08,0.06,0.02,32.00,2.5980e+11,10.19,25.00,4.00,2.0593e+11,2.04,19.81,1.01,5.2370e+11,82.13,50.39,16.00,0.0000e+00,0.00,0.00,18.02,0.0,0.000e+00,0.000e+00,0.0,0.0,0.0,0.0,0.000e+00,0.000e+00,250.499,25.24,250.502,3392.602,165.0,117.611,116.0,132.9,999.900,0.266,-0.001,-0.001,0.300,0.002,0.000,0.000,0.000,99,0.0
480.0,250.000,25.00,75.00,3643.220,3393.220,3.216,140.9,3.812e-09,2.735e-14,33.625,23.265,468.8,5.392e+02,0.000,863.317,349.7,3.190e-07,3.330e-12,0.0,1.886e-14,3.966e-14,3.739e-14,36.7,45.00,401.0,479.13,-99.2,-99.4,-98.8,-98.9,-25.8,-10.8,0.000,-4.3,2.9,6.841,-30.1,-7.9,6.841,25.0,25.0,5.000,172.16,3.29,192.16,4.19,112.79,12.58,1.48,88774.9,1.5258e+12,0.000e+00,1.577e+00,10.796,1.2846,1.6572e+08,0.04,0.01,39.96,0.0000e+00,0.00,0.00,44.01,1.3014e+10,2.21,0.85,28.01,3.9635e+10,0.49,2.60,2.02,2.6950e+10,4.58,1.77,28.02,4.3557e+08,0.08,0.03,32.00,3.5932e+11,8.73,23.55,4.00,2.3781e+11,1.46,15.59,1.01,8.4848e+11,82.41,55.61,16.00,0.0000e+00,0.00,0.00,18.02,0.0,0.000e+00,0.000e+00,0.0,0.0,0.0,0.0,0.000e+00,0.000e+00,250.616,25.24,250.618,3392.602,160.2,117.377,123.0,140.9,999.900,0.246,-0.001,-0.001,0.300,0.002,0.000,0.000,0.000,99,0.0
490.0,250.000,50.00,25.00,3635.533,3385.533,3.227,131.0,4.496e-09,3.199e-14,32.648,22.098,471.5,7.533e+02,0.000,843.764,349.7,3.190e-07,3.330e-12,0.0,2.206e-14,4.638e-14,2.872e-14,-10.2,45.00,497.6,1206.00,-99.0,-99.3,-98.6,-99.1,26.3,-145.4,0.000,27.8,-10.3,-1.628,54.1,-155.7,-1.628,25.0,25.0,5.000,172.16,3.29,192.12,0.86,125.21,12.58,1.48,88774.9,1.8661e+12,0.000e+00,1.581e+00,10.323,1.3319,1.1502e+08,0.02,0.01,39.96,0.0000e+00,0.00,0.00,44.01,1.1072e+10,1.61,0.59,28.01,5.2494e+10,0.55,2.81,2.02,2.2923e+10,3.33,1.23,28.02,3.4621e+08,0.06,0.02,32.00,4.2790e+11,8.89,22.93,4.00,3.4305e+11,1.80,18.38,1.01,1.0082e+12,83.74,54.03,16.00,0.0000e+00,0.00,0.00,18.02,0.0,0.000e+00,0.000e+00,0.0,0.0,0.0,0.0,0.000e+00,0.000e+00,251.108,50.31,251.112,3384.421,182.3,120.735,122.3,131.0,999.900,0.269,-0.001,-0.001,0.300,0.002,0.000,0.000,0.000,99,0.0
500.0,250.000,50.00,50.00,3635.767,3385.767,3.226,126.0,2.531e-09,1.832e-14,36.221,22.262,469.3,7.443e+02,0.000,956.475,349.7,3.190e-07,3.330e-12,0.0,1.263e-14,2.656e-14,1.451e-14,-20.8,45.00,527.2,339.50,-99.4,-99.6,-99.2,-99.6,-24.2,-129.8,0.000,-36.2,-11.3,-5.532,-60.5,-141.1,-5.532,25.0,25.0,5.000,172.16,3.29,192.08,2.53,117.26,12.58,1.48,88774.9,1.2315e+12,0.000e+00,1.593e+00,8.956,1.1815,3.7710e+07,0.01,0.00,39.96,0.0000e+00,0.00,0.00,44.01,4.8330e+09,1.23,0.39,28.01,4.2709e+10,0.78,3.47,2.02,1.0005e+10,2.54,0.81,28.02,1.3736e+08,0.04,0.01,32.00,3.1920e+11,11.58,25.92,4.00,2.9545e+11,2.70,23.99,1.01,5.5917e+11,81.11,45.40,16.00,0.0000e+00,0.00,0.00,18.02,0.0,0.000e+00,0.000e+00,0.0,0.0,0.0,0.0,0.000e+00,0.000e+00,251.343,50.31,251.347,3384.421,171.8,118.690,113.9,126.0,999.900,0.261,-0.001,-0.001,0.300,0.002,0.000,0.000,0.000,99,0.0
510.0,250.000,50.00,75.00,3635.946,3385.946,3.226,129.5,3.208e-09,2.108e-14,36.320,22.679,492.1,7.604e+02,0.000,951.282,349.7,3.190e-07,3.330e-12,0.0,1.454e-14,3.057e-14,2.375e-14,12.7,45.00,463.6,339.42,-99.4,-99.6,-99.1,-99.3,-82.2,-62.7,0.000,-76.5,7.4,-3.687,-158.7,-55.3,-3.687,25.0,25.0,5.000,172.16,3.29,192.04,4.20,104.19,12.58,1.48,88774.9,1.3833e+12,0.000e+00,1.591e+00,9.177,1.2973,5.2466e+07,0.02,0.00,39.96,0.0000e+00,0.00,0.00,44.01,6.2239e+09,1.37,0.45,28.01,4.6487e+10,0.74,3.36,2.02,1.2885e+10,2.84,0.93,28.02,1.8151e+08,0.05,0.01,32.00,3.6165e+11,11.40,26.14,4.00,3.1240e+11,2.48,22.58,1.01,6.4345e+11,81.10,46.51,16.00,0.0000e+00,0.00,0.00,18.02,0.0,0.000e+00,0.000e+00,0.0,0.0,0.0,0.0,0.000e+00,0.000e+00,251.521,50.31,251.525,3384.421,166.5,117.667,112.0,129.5,999.900,0.243,-0.001,-0.001,0.300,0.002,0.000,0.000,0.000,99,0.0
520.0,250.000,75.00,25.00,3629.449,3379.449,3.235,151.1,1.384e-08,9.028e-14,31.045,23.679,489.5,8.309e+02,0.000,770.489,349.7,3.190e-07,3.330e-12,0.0,6.226e-14,1.309e-13,6.703e-14,-25.8,45.00,568.1,799.65,-97.3,-98.1,-96.1,-98.0,-76.7,-137.5,0.000,-10.8,11.4,-2.560,-87.4,-126.2,-2.560,25.0,25.0,5.000,172.16,3.29,192.00,0.87,101.12,12.58,1.48,88774.9,4.3730e+12,0.000e+00,1.563e+00,12.433,1.5166,8.9774e+08,0.07,0.02,39.96,0.0000e+00,0.00,0.00,44.01,5.1770e+10,2.67,1.18,28.01,8.0544e+10,0.30,1.84,2.02,1.0722e+11,5.53,2.45,28.02,1.9207e+09,0.11,0.04,32.00,8.2453e+11,6.07,18.86,4.00,4.3629e+11,0.81,9.98,1.01,2.8698e+12,84.45,65.63,16.00,0.0000e+00,0.00,0.00,18.02,0.0,0.000e+00,0.000e+00,0.0,0.0,0.0,0.0,0.000e+00,0.000e+00,251.919,75.16,251.920,3377.529,159.7,118.465,129.2,151.1,999.900,0.218,-0.001,-0.001,0.300,0.002,0.000,0.000,0.000,99,0.0
530.0,250.000,75.00,50.00,3629.558,3379.558,3.235,147.3,1.237e-08,8.050e-14,31.877,23.579,490.8,8.238e+02,0.000,794.445,349.7,3.190e-07,3.330e-12,0.0,5.551e-14,1.167e-13,6.763e-14,-16.0,45.00,535.4,136.81,-97.6,-98.3,-96.5,-98.0,-130.7,-88.5,0.000,-17.2,-19.9,-2.714,-147.9,-108.4,-2.714,25.0,25.0,5.000,172.16,3.29,191.96,2.54,98.35,12.58,1.48,88774.9,4.0997e+12,0.000e+00,1.568e+00,11.824,1.4829,6.1007e+08,0.05,0.01,39.96,0.0000e+00,0.00,0.00,44.01,4.0647e+10,2.35,0.99,28.01,8.6576e+10,0.36,2.11,2.02,8.4180e+10,4.87,2.05,28.02,1.4371e+09,0.09,0.04,32.00,8.4344e+11,6.96,20.57,4.00,4.8865e+11,1.02,11.92,1.01,2.5542e+12,84.30,62.30,16.00,0.0000e+00,0.00,0.00,18.02,0.0,0.000e+00,0.000e+00,0.0,0.0,0.0,0.0,0.000e+00,0.000e+00,252.029,75.16,252.030,3377.529,158.1,117.554,125.0,147.3,999.900,0.272,-0.001,-0.001,0.300,0.002,0.000,0.000,0.000,99,0.0
540.0,250.000,75.00,75.00,3629.552,3379.552,3.235,147.8,1.153e-08,7.594e-14,32.198,23.695,487.9,8.125e+02,0.000,804.253,349.7,3.190e-07,3.330e-12,0.0,5.237e-14,1.101e-13,4.591e-14,-39.6,45.00,627.6,136.82,-97.7,-98.4,-96.7,-98.6,-160.4,-13.0,0.000,-31.8,-20.6,-0.642,-192.1,-33.6,-0.642,25.0,25.0,5.000,172.16,3.29,191.92,4.21,93.42,12.58,1.48,88774.9,3.8948e+12,0.000e+00,1.569e+00,11.742,1.4507,5.6852e+08,0.05,0.01,39.96,0.0000e+00,0.00,0.00,44.01,3.8320e+10,2.35,0.98,28.01,8.3703e+10,0.37,2.15,2.02,7.9360e+10,4.86,2.04,28.02,1.3496e+09,0.09,0.03,32.00,8.1633e+11,7.14,20.96,4.00,4.7133e+11,1.04,12.10,1.01,2.4039e+12,84.09,61.72,16.00,0.0000e+00,0.00,0.00,18.02,0.0,0.000e+00,0.000e+00,0.0,0.0,0.0,0.0,0.000e+00,0.000e+00,252.022,75.16,252.023,3377.529,156.9,117.052,123.1,147.8,999.900,0.287,-0.001,-0.001,0.300,0.002,0.000,0.000,0.000,99,0.0
550.0,200.000,25.00,25.00,3592.838,3392.838,3.307,127.7,1.079e-08,1.806e-13,18.095,14.796,300.9,6.062e+02,0.000,447.875,345.6,2.190e-06,2.920e-11,0.0,1.246e-13,2.619e-13,2.225e-13,23.2,45.00,271.1,3234.48,-99.4,-99.6,-99.1,-99.2,23.6,-82.7,0.000,3.2,26.4,-6.252,26.8,-56.3,-6.252,22.0,22.0,4.400,172.16,3.29,191.88,0.87,148.71,12.58,1.48,88774.9,6.1213e+12,0.000e+00,1.515e+00,17.771,1.0000,1.4234e+10,0.52,0.23,39.96,2.9430e+11,11.91,4.81,44.01,2.6077e+11,6.71,4.26,28.01,3.3505e+10,0.06,0.55,2.02,5.4050e+11,13.92,8.83,28.02,1.4184e+10,0.42,0.23,32.00,3.5069e+11,1.29,5.73,4.00,1.9452e+11,0.18,3.18,1.01,4.4186e+12,64.99,72.18,16.00,0.0000e+00,0.00,0.00,18.02,0.0,0.000e+00,0.000e+00,0.0,0.0,0.0,0.0,0.000e+00,0.000e+00,200.234,25.25,200.236,3392.602,180.2,119.420,114.6,127.7,999.900,0.284,-0.001,-0.001,0.300,0.002,0.000,0.000,0.000,99,0.0
560.0,200.000,25.00,50.00,3593.104,3393.104,3.307,133.0,1.683e-08,2.384e-13,18.477,14.983,327.9,5.322e+02,0.000,446.722,345.6,2.190e-06,2.920e-11,0.0,1.644e-13,3.457e-13,1.657e-13,-30.5,45.00,393.3,472.61,-99.2,-99.4,-98.8,-99.4,2.0,-48.6,0.000,10.3,-13.7,-13.882,12.3,-62.2,-13.882,22.0,22.0,4.400,172.16,3.29,191.84,2.54,133.25,12.58,1.48,88774.9,8.6615e+12,0.000e+00,1.523e+00,16.575,1.0582,2.2934e+10,0.64,0.26,39.96,0.0000e+00,0.00,0.00,44.01,4.0182e+11,7.84,4.64,28.01,4.6850e+10,0.07,0.54,2.02,8.3287e+11,16.25,9.62,28.02,2.2185e+10,0.49,0.26,32.00,5.1453e+11,1.43,5.94,4.00,2.6163e+11,0.18,3.02,1.01,6.5587e+12,73.09,75.72,16.00,0.0000e+00,0.00,0.00,18.02,0.0,0.000e+00,0.000e+00,0.0,0.0,0.0,0.0,0.000e+00,0.000e+00,200.500,25.25,200.502,3392.602,164.9,117.594,116.1,133.0,999.900,0.266,-0.001,-0.001,0.300,0.002,0.000,0.000,0.000,99,0.0
570.0,200.000,25.00,75.00,3593.220,3393.220,3.306,141.0,2.969e-08,3.798e-13,18.315,14.730,344.4,5.392e+02,0.000,432.649,345.6,2.190e-06,2.920e-11,0.0,2.620e-13,5.508e-13,3.228e-13,-15.0,45.00,373.5,472.56,-98.7,-99.1,-98.1,-98.9,-26.2,-10.3,0.000,-2.6,35.5,1.449,-28.8,25.2,1.449,22.0,22.0,4.400,172.16,3.29,191.80,4.21,112.48,12.58,1.48,88774.9,1.3369e+13,0.000e+00,1.517e+00,17.111,1.1411,4.9222e+10,0.86,0.37,39.96,0.0000e+00,0.00,0.00,44.01,7.2996e+11,8.94,5.46,28.01,5.9223e+10,0.05,0.44,2.02,1.5132e+12,18.53,11.32,28.02,4.2608e+10,0.60,0.32,32.00,7.0872e+11,1.24,5.30,4.00,3.0845e+11,0.14,2.31,1.01,9.9573e+12,69.64,74.48,16.00,0.0000e+00,0.00,0.00,18.02,0.0,0.000e+00,0.000e+00,0.0,0.0,0.0,0.0,0.000e+00,0.000e+00,200.616,25.25,200.618,3392.602,160.3,117.388,123.1,141.0,999.900,0.246,-0.001,-0.001,0.300,0.002,0.000,0.000,0.000,99,0.0
580.0,200.000,50.00,25.00,3585.533,3385.533,3.317,130.9,3.752e-08,4.798e-13,17.690,14.419,344.9,7.533e+02,0.000,419.670,345.6,2.190e-06,2.920e-11,0.0,3.309e-13,6.957e-13,4.086e-13,-14.8,45.00,373.7,1189.42,-98.4,-98.9,-97.6,-98.6,25.7,-145.6,0.000,-13.1,1.4,1.503,12.6,-144.2,1.503,22.0,22.0,4.400,172.16,3.29,191.76,0.88,125.14,12.58,1.48,88774.9,1.7194e+13,0.000e+00,1.521e+00,16.805,1.2075,5.0356e+10,0.70,0.29,39.96,0.0000e+00,0.00,0.00,44.01,8.0928e+11,7.85,4.71,28.01,7.8203e+10,0.05,0.45,2.02,1.6775e+12,16.27,9.76,28.02,4.5988e+10,0.51,0.27,32.00,8.5727e+11,1.19,4.99,4.00,4.3980e+11,0.15,2.56,1.01,1.3236e+13,73.29,76.98,16.00,0.0000e+00,0.00,0.00,18.02,0.0,0.000e+00,0.000e+00,0.0,0.0,0.0,0.0,0.000e+00,0.000e+00,201.109,50.31,201.112,3384.421,182.2,120.703,122.2,130.9,999.900,0.269,-0.001,-0.001,0.300,0.002,0.000,0.000,0.000,99,0.0
590.0,200.000,50.00,50.00,3585.767,3385.767,3.317,126.0,1.920e-08,2.687e-13,18.233,14.879,330.4,7.443e+02,0.000,444.521,345.6,2.190e-06,2.920e-11,0.0,1.853e-13,3.896e-13,1.994e-13,-25.8,45.00,383.5,334.83,-99.1,-99.4,-98.7,-99.3,-25.1,-129.2,0.000,-14.3,16.3,6.831,-39.4,-112.9,6.831,22.0,22.0,4.400,172.16,3.29,191.72,2.55,117.10,12.58,1.48,88774.9,9.9974e+12,0.000e+00,1.527e+00,16.185,1.1045,2.0530e+10,0.51,0.21,39.96,0.0000e+00,0.00,0.00,44.01,4.0768e+11,7.06,4.08,28.01,6.2415e+10,0.08,0.62,2.02,8.4496e+11,14.63,8.45,28.02,2.1587e+10,0.43,0.22,32.00,6.3582e+11,1.57,6.36,4.00,3.6891e+11,0.23,3.69,1.01,7.6355e+12,75.50,76.37,16.00,0.0000e+00,0.00,0.00,18.02,0.0,0.000e+00,0.000e+00,0.0,0.0,0.0,0.0,0.000e+00,0.000e+00,201.343,50.31,201.347,3384.421,171.7,118.666,113.8,126.0,999.900,0.261,-0.001,-0.001,0.300,0.002,0.000,0.000,0.000,99,0.0
600.0,200.000,50.00,75.00,3585.946,3385.946,3.316,129.6,2.397e-08,2.996e-13,18.534,15.056,349.4,7.604e+02,0.000,448.167,345.6,2.190e-06,2.920e-11,0.0,2.066e-13,4.344e-13,1.967e-13,-34.3,45.00,431.1,334.75,-99.0,-99.3,-98.5,-99.3,-82.9,-61.4,0.000,-7.7,59.7,-1.107,-90.6,-1.8,-1.107,22.0,22.0,4.400,172.16,3.29,191.68,4.22,103.97,12.58,1.48,88774.9,1.1081e+13,0.000e+00,1.526e+00,16.280,1.2093,2.4685e+10,0.55,0.22,39.96,0.0000e+00,0.00,0.00,44.01,4.7549e+11,7.38,4.29,28.01,6.8131e+10,0.08,0.61,2.02,9.8552e+11,15.31,8.89,28.02,2.5435e+10,0.45,0.23,32.00,7.1741e+11,1.59,6.47,4.00,3.9247e+11,0.22,3.54,1.01,8.3917e+12,74.43,75.73,16.00,0.0000e+00,0.00,0.00,18.02,0.0,0.000e+00,0.000e+00,0.0,0.0,0.0,0.0,0.000e+00,0.000e+00,201.522,50.31,201.525,3384.421,166.5,117.663,112.1,129.6,999.900,0.243,-0.001,-0.001,0.300,0.002,0.000,0.000,0.000,99,0.0
610.0,200.000,75.00,25.00,3579.449,3379.449,3.326,151.0,1.116e-07,1.198e-12,18.354,14.818,375.6,8.309e+02,0.000,417.201,345.6,2.190e-06,2.920e-11,0.0,8.261e-13,1.737e-12,8.409e-13,-29.8,45.00,448.2,788.64,-95.9,-97.2,-94.1,-97.1,-77.5,-137.1,0.000,31.5,10.2,3.457,-46.0,-126.8,3.457,22.0,22.0,4.400,172.16,3.29,191.64,0.89,101.10,12.58,1.48,88774.9,4.1150e+13,0.000e+00,1.514e+00,17.530,1.3005,1.9169e+11,1.06,0.47,39.96,0.0000e+00,0.00,0.00,44.01,2.3289e+12,9.04,5.66,28.01,1.2246e+11,0.03,0.30,2.02,4.8284e+12,18.75,11.73,28.02,1.4529e+11,0.64,0.35,32.00,1.6229e+12,0.90,3.94,4.00,5.8202e+11,0.08,1.41,1.01,3.1328e+13,69.48,76.13,16.00,0.0000e+00,0.00,0.00,18.02,0.0,0.000e+00,0.000e+00,0.0,0.0,0.0,0.0,0.000e+00,0.000e+00,201.919,75.16,201.920,3377.529,159.7,118.450,129.1,151.0,999.900,0.218,-0.001,-0.001,0.300,0.002,0.000,0.000,0.000,99,0.0
620.0,200.000,75.00,50.00,3579.558,3379.558,3.325,147.3,9.700e-08,1.053e-12,18.610,15.053,373.8,8.238e+02,0.000,425.464,345.6,2.190e-06,2.920e-11,0.0,7.259e-13,1.526e-12,8.070e-13,-23.3,45.00,426.9,134.94,-96.4,-97.5,-94.8,-97.2,-131.3,-87.5,0.000,28.2,-23.7,2.656,-103.1,-111.2,2.656,22.0,22.0,4.400,172.16,3.29,191.59,2.56,98.29,12.58,1.48,88774.9,3.6689e+13,0.000e+00,1.516e+00,17.277,1.3004,1.4596e+11,0.92,0.40,39.96,0.0000e+00,0.00,0.00,44.01,1.9659e+12,8.69,5.36,28.01,1.2936e+11,0.04,0.35,2.02,4.0755e+12,18.01,11.11,28.02,1.1849e+11,0.60,0.32,32.00,1.6433e+12,1.04,4.48,4.00,6.3806e+11,0.10,1.74,1.01,2.7972e+13,70.60,76.24,16.00,0.0000e+00,0.00,0.00,18.02,0.0,0.000e+00,0.000e+00,0.0,0.0,0.0,0.0,0.000e+00,0.000e+00,202.029,75.16,202.030,3377.529,158.1,117.543,124.9,147.3,999.900,0.272,-0.001,-0.001,0.300,0.002,0.000,0.000,0.000,99,0.0
630.0,200.000,75.00,75.00,3579.552,3379.552,3.325,147.8,8.906e-08,9.801e-13,18.754,15.162,371.2,8.125e+02,0.000,430.098,345.6,2.190e-06,2.920e-11,0.0,6.759e-13,1.421e-12,7.639e-13,-22.1,45.00,420.5,134.95,-96.6,-97.7,-95.1,-97.4,-160.6,-11.8,0.000,-5.7,2.6,4.675,-166.3,-9.3,4.675,22.0,22.0,4.400,172.17,3.29,191.55,4.23,93.33,12.58,1.48,88774.9,3.4224e+13,0.000e+00,1.516e+00,17.246,1.2756,1.3392e+11,0.91,0.39,39.96,0.0000e+00,0.00,0.00,44.01,1.8310e+12,8.69,5.35,28.01,1.2447e+11,0.04,0.36,2.02,3.7958e+12,18.02,11.09,28.02,1.0981e+11,0.60,0.32,32.00,1.5826e+12,1.07,4.62,4.00,6.1239e+11,0.10,1.79,1.01,2.6035e+13,70.57,76.07,16.00,0.0000e+00,0.00,0.00,18.02,0.0,0.000e+00,0.000e+00,0.0,0.0,0.0,0.0,0.000e+00,0.000e+00,202.022,75.16,202.023,3377.529,156.9,117.048,123.0,147.8,999.900,0.287,-0.001,-0.001,0.300,0.002,0.000,0.000,0.000,99,0.0
640.0,150.000,25.00,25.00,3542.838,3392.838,3.402,127.5,8.251e-07,2.983e-11,7.516,7.379,197.2,6.062e+02,0.000,153.446,288.6,2.700e-05,4.730e-10,0.0,2.057e-11,4.325e-11,3.524e-11,18.2,45.00,181.4,3849.30,-93.7,-95.7,-90.9,-92.5,25.0,-83.3,0.000,-0.4,-18.1,4.221,24.6,-101.4,4.221,17.0,17.0,3.400,172.17,3.29,191.51,0.90,148.56,12.58,1.48,88774.9,4.6890e+14,2.171e+02,1.405e+00,38.305,1.0000,8.4644e+12,1.88,1.81,39.96,3.3435e+14,81.92,71.30,44.01,2.3442e+13,3.66,5.00,28.01,4.9454e+10,0.00,0.01,2.02,4.8648e+13,7.59,10.37,28.02,2.3953e+12,0.43,0.51,32.00,7.0863e+11,0.02,0.15,4.00,2.4474e+11,0.00,0.05,1.01,5.0604e+13,4.51,10.79,16.00,0.0000e+00,0.00,0.00,18.02,156.6,2.512e-06,6.785e-11,-11.7,-2.1,126.9,192.3,2.281e-11,1.054e-10,150.235,25.25,150.236,3392.602,180.1,119.386,114.6,127.8,999.900,0.284,-0.001,-0.001,0.300,0.002,0.000,0.000,0.000,99,0.0
650.0,150.000,25.00,50.00,3543.104,3393.104,3.401,132.6,7.256e-07,2.372e-11,9.686,8.354,208.0,5.322e+02,0.000,197.733,288.6,2.700e-05,4.730e-10,0.0,1.636e-11,3.439e-11,1.657e-11,-30.1,45.00,248.8,618.81,-95.0,-96.5,-92.7,-96.5,7.1,-50.2,0.000,8.8,-4.3,2.932,15.9,-54.5,2.932,17.0,17.0,3.400,172.17,3.29,191.47,2.57,132.97,12.58,1.48,88774.9,3.9633e+14,2.307e+02,1.413e+00,36.038,1.0000,7.1770e+12,2.01,1.81,39.96,2.4965e+14,76.92,62.99,44.01,2.0466e+13,4.01,5.16,28.01,4.6009e+10,0.00,0.01,2.02,4.2471e+13,8.33,10.72,28.02,2.0709e+12,0.46,0.52,32.00,6.8372e+11,0.02,0.17,4.00,2.2026e+11,0.00,0.06,1.01,7.3543e+13,8.24,18.56,16.00,0.0000e+00,0.00,0.00,18.02,156.6,2.512e-06,6.785e-11,-11.7,-2.1,126.9,192.3,2.281e-11,1.054e-10,150.500,25.25,150.502,3392.602,164.9,117.578,116.2,133.1,999.900,0.266,-0.001,-0.001,0.300,0.002,0.000,0.000,0.000,99,0.0
660.0,150.000,25.00,75.00,3543.220,3393.220,3.401,140.1,1.144e-06,3.211e-11,11.640,9.369,225.5,5.392e+02,0.000,232.476,288.6,2.700e-05,4.730e-10,0.0,2.215e-11,4.656e-11,2.882e-11,-10.3,45.00,238.0,618.71,-93.2,-95.3,-90.2,-93.9,-20.9,-9.4,0.000,4.6,-7.2,2.993,-16.3,-16.6,2.993,17.0,17.0,3.400,172.17,3.29,191.43,4.24,112.16,12.58,1.48,88774.9,5.9121e+14,2.542e+02,1.428e+00,32.709,1.0000,1.0882e+13,2.25,1.84,39.96,3.0387e+14,69.15,51.40,44.01,2.9075e+13,4.21,4.92,28.01,5.6740e+10,0.00,0.01,2.02,6.0340e+13,8.74,10.21,28.02,3.0067e+12,0.50,0.51,32.00,9.0333e+11,0.02,0.15,4.00,2.5552e+11,0.00,0.04,1.01,1.8283e+14,15.13,30.92,16.00,0.0000e+00,0.00,0.00,18.02,156.6,2.512e-06,6.785e-11,-11.7,-2.1,126.9,192.3,2.281e-11,1.054e-10,150.617,25.25,150.618,3392.602,160.4,117.398,123.3,141.1,999.900,0.246,-0.001,-0.001,0.300,0.002,0.000,0.000,0.000,99,0.0
670.0,150.000,50.00,25.00,3535.533,3385.533,3.412,130.5,2.130e-06,6.285e-11,9.325,8.375,220.5,7.533e+02,0.000,183.560,288.6,2.700e-05,4.730e-10,0.0,4.335e-11,9.113e-11,2.630e-11,-58.2,45.00,340.8,1557.24,-86.7,-90.8,-80.7,-94.4,24.7,-130.4,0.000,-31.5,-0.1,-4.623,-6.8,-130.5,-4.623,17.0,17.0,3.400,172.17,3.29,191.39,0.91,125.08,12.58,1.48,88774.9,1.1823e+15,2.597e+02,1.434e+00,32.015,1.0000,2.1604e+13,2.28,1.83,39.96,5.8289e+14,67.77,49.30,44.01,5.4751e+13,4.05,4.63,28.01,9.5233e+10,0.00,0.01,2.02,1.1363e+14,8.41,9.61,28.02,5.7627e+12,0.49,0.49,32.00,1.4173e+12,0.01,0.12,4.00,4.5869e+11,0.00,0.04,1.01,4.0167e+14,16.98,33.97,16.00,0.0000e+00,0.00,0.00,18.02,158.1,3.798e-06,9.736e-11,-2.7,8.7,125.4,189.5,2.403e-11,1.605e-10,151.110,50.32,151.112,3384.421,182.2,120.670,122.0,130.8,999.900,0.269,-0.001,-0.001,0.300,0.002,0.000,0.000,0.000,99,0.0
680.0,150.000,50.00,50.00,3535.767,3385.767,3.411,125.4,9.418e-07,3.243e-11,8.399,7.795,202.8,7.443e+02,0.000,172.082,288.6,2.700e-05,4.730e-10,0.0,2.237e-11,4.703e-11,5.490e-11,69.3,45.00,155.8,438.35,-93.1,-95.3,-90.1,-88.4,-20.7,-119.7,0.000,24.3,7.7,8.481,3.6,-112.0,8.481,17.0,17.0,3.400,172.17,3.29,191.35,2.58,116.94,12.58,1.48,88774.9,5.4409e+14,2.316e+02,1.416e+00,35.897,1.0000,9.7732e+12,2.00,1.80,39.96,3.3962e+14,76.53,62.42,44.01,2.8433e+13,4.08,5.23,28.01,6.6764e+10,0.00,0.01,2.02,5.9003e+13,8.46,10.84,28.02,2.8579e+12,0.47,0.53,32.00,9.3570e+11,0.02,0.17,4.00,3.3557e+11,0.00,0.06,1.01,1.0306e+14,8.44,18.94,16.00,0.0000e+00,0.00,0.00,18.02,158.1,3.798e-06,9.736e-11,-2.7,8.7,125.4,189.5,2.403e-11,1.605e-10,151.344,50.32,151.347,3384.421,171.7,118.642,113.7,126.0,999.900,0.261,-0.001,-0.001,0.300,0.002,0.000,0.000,0.000,99,0.0
690.0,150.000,50.00,75.00,3535.946,3385.946,3.411,128.3,7.558e-07,2.484e-11,10.515,8.485,207.7,7.605e+02,0.000,217.966,288.6,2.700e-05,4.730e-10,0.0,1.713e-11,3.602e-11,9.008e-12,-63.7,45.00,345.0,438.27,-94.7,-96.4,-92.4,-98.1,-76.4,-59.6,0.000,-4.0,12.2,3.527,-80.5,-47.4,3.527,17.0,17.0,3.400,172.17,3.29,191.31,4.25,103.76,12.58,1.48,88774.9,4.2668e+14,2.371e+02,1.419e+00,35.064,1.0000,7.6664e+12,2.05,1.80,39.96,2.5306e+14,74.44,59.31,44.01,2.2757e+13,4.26,5.33,28.01,5.5827e+10,0.00,0.01,2.02,4.7224e+13,8.84,11.07,28.02,2.2721e+12,0.49,0.53,32.00,8.0263e+11,0.02,0.19,4.00,2.7445e+11,0.00,0.06,1.01,9.2561e+13,9.90,21.69,16.00,0.0000e+00,0.00,0.00,18.02,158.1,3.798e-06,9.736e-11,-2.7,8.7,125.4,189.5,2.403e-11,1.605e-10,151.523,50.32,151.525,3384.421,166.5,117.659,112.1,129.7,999.900,0.243,-0.001,-0.001,0.300,0.002,0.000,0.000,0.000,99,0.0
700.0,150.000,75.00,25.00,3529.449,3379.449,3.420,148.2,3.850e-06,8.617e-11,12.385,10.168,254.9,8.309e+02,0.000,237.659,288.6,2.700e-05,4.730e-10,0.0,5.943e-11,1.250e-10,5.904e-11,-31.5,45.00,308.0,1032.51,-81.8,-87.4,-73.6,-87.5,-77.3,-129.5,0.000,-4.2,-15.3,5.379,-81.5,-144.9,5.379,17.0,17.0,3.400,172.17,3.29,191.27,0.92,101.08,12.58,1.48,88774.9,1.8822e+15,3.016e+02,1.455e+00,27.571,1.0000,3.4487e+13,2.66,1.83,39.96,6.3364e+14,53.74,33.66,44.01,8.3913e+13,4.53,4.46,28.01,1.3359e+11,0.00,0.01,2.02,1.7416e+14,9.40,9.25,28.02,8.9529e+12,0.55,0.48,32.00,2.3111e+12,0.02,0.12,4.00,5.5465e+11,0.00,0.03,1.01,9.4408e+14,29.11,50.16,16.00,0.0000e+00,0.00,0.00,18.02,162.9,4.764e-06,1.094e-10,-6.0,5.9,144.3,179.4,6.280e-11,1.537e-10,151.919,75.16,151.920,3377.529,159.7,118.435,129.1,151.0,999.900,0.218,-0.001,-0.001,0.300,0.002,0.000,0.000,0.000,99,0.0
710.0,150.000,75.00,50.00,3529.558,3379.558,3.420,144.7,3.167e-06,7.094e-11,12.710,10.288,255.2,8.238e+02,0.000,246.266,288.6,2.700e-05,4.730e-10,0.0,4.892e-11,1.029e-10,6.094e-11,-14.1,45.00,275.3,176.65,-85.0,-89.7,-78.3,-87.1,-128.9,-80.1,0.000,6.5,-10.0,1.795,-122.4,-90.1,1.795,17.0,17.0,3.400,172.17,3.29,191.23,2.58,98.23,12.58,1.48,88774.9,1.5857e+15,3.086e+02,1.458e+00,26.941,1.0000,2.8900e+13,2.70,1.82,39.96,4.9292e+14,50.78,31.09,44.01,7.4803e+13,4.90,4.72,28.01,1.3622e+11,0.00,0.01,2.02,1.5524e+14,10.18,9.79,28.02,7.8179e+12,0.59,0.49,32.00,2.2755e+12,0.02,0.14,4.00,5.8472e+11,0.00,0.04,1.01,8.2303e+14,30.82,51.90,16.00,0.0000e+00,0.00,0.00,18.02,162.9,4.764e-06,1.094e-10,-6.0,5.9,144.3,179.4,6.280e-11,1.537e-10,152.029,75.16,152.030,3377.529,158.1,117.532,124.9,147.3,999.900,0.272,-0.001,-0.001,0.300,0.002,0.000,0.000,0.000,99,0.0
720.0,150.000,75.00,75.00,3529.552,3379.552,3.420,145.1,2.807e-06,6.315e-11,12.924,10.301,254.4,8.126e+02,0.000,251.810,288.6,2.700e-05,4.730e-10,0.0,4.355e-11,9.157e-11,6.697e-11,6.0,45.00,247.1,176.67,-86.6,-90.8,-80.6,-85.8,-157.5,-5.3,0.000,16.8,-18.2,-0.071,-140.7,-23.6,-0.071,17.0,17.0,3.400,172.17,3.29,191.19,4.25,93.25,12.58,1.48,88774.9,1.4009e+15,3.063e+02,1.457e+00,27.148,1.0000,2.5498e+13,2.68,1.82,39.96,4.4430e+14,51.41,31.72,44.01,6.7304e+13,4.96,4.80,28.01,1.2790e+11,0.00,0.01,2.02,1.3968e+14,10.29,9.97,28.02,6.9884e+12,0.59,0.50,32.00,2.1377e+12,0.02,0.15,4.00,5.4756e+11,0.00,0.04,1.01,7.1432e+14,30.05,50.99,16.00,0.0000e+00,0.00,0.00,18.02,162.9,4.764e-06,1.094e-10,-6.0,5.9,144.3,179.4,6.280e-11,1.537e-10,152.022,75.16,152.023,3377.529,156.9,117.045,123.0,147.8,999.900,0.287,-0.001,-0.001,0.300,0.002,0.000,0.000,0.000,99,0.0
730.0,100.000,25.00,25.00,3492.838,3392.838,3.501,114.4,1.572e-03,6.774e-08,6.334,6.521,180.6,6.062e+02,0.000,81.471,139.0,4.230e-03,1.590e-07,0.0,5.211e-08,8.806e-08,8.861e-08,30.8,30.00,157.9,6576.62,-57.4,-67.2,-44.6,-44.3,-6.6,-3.0,0.000,-16.1,-26.3,-0.705,-22.7,-29.2,-0.705,12.0,12.0,2.400,172.17,3.29,191.15,0.92,148.41,12.58,1.48,88774.9,9.9565e+17,2.029e+02,1.405e+00,40.972,1.0000,1.7196e+16,1.68,1.73,39.96,8.5656e+17,92.41,86.03,44.01,7.1318e+15,0.49,0.72,28.01,0.0000e+00,0.00,0.00,2.02,2.8828e+16,1.98,2.90,28.02,1.7291e+15,0.14,0.17,32.00,0.0000e+00,0.00,0.00,4.00,0.0000e+00,0.00,0.00,1.01,8.4204e+16,3.30,8.46,16.00,0.0000e+00,0.00,0.00,18.02,119.8,1.528e-03,6.369e-08,-4.8,0.5,103.3,131.9,5.124e-08,7.317e-08,100.235,25.25,100.236,3392.602,180.0,119.352,114.6,127.8,999.900,0.284,-0.001,-0.001,0.300,0.002,0.000,0.000,0.000,99,0.0
740.0,100.000,25.00,50.00,3493.104,3393.104,3.500,105.5,1.279e-03,5.991e-08,5.912,5.892,173.4,5.322e+02,0.000,76.488,139.0,4.230e-03,1.590e-07,0.0,4.608e-08,7.788e-08,6.239e-08,4.1,30.00,169.9,1267.18,-62.3,-71.0,-51.0,-60.8,9.9,-13.0,0.000,0.1,-21.2,-2.232,10.0,-34.2,-2.232,12.0,12.0,2.400,172.17,3.29,191.11,2.59,132.69,12.58,1.48,88774.9,8.7792e+17,2.023e+02,1.408e+00,41.093,1.0000,1.5113e+16,1.67,1.72,39.96,7.5903e+17,92.59,86.46,44.01,6.5450e+15,0.51,0.75,28.01,0.0000e+00,0.00,0.00,2.02,2.5344e+16,1.97,2.89,28.02,1.5367e+15,0.14,0.18,32.00,0.0000e+00,0.00,0.00,4.00,0.0000e+00,0.00,0.00,1.01,7.0352e+16,3.12,8.01,16.00,0.0000e+00,0.00,0.00,18.02,119.8,1.528e-03,6.369e-08,-4.8,0.5,103.3,131.9,5.124e-08,7.317e-08,100.501,25.25,100.502,3392.602,164.8,117.562,116.2,133.3,999.900,0.266,-0.001,-0.001,0.300,0.002,0.000,0.000,0.000,99,0.0
750.0,100.000,25.00,75.00,3493.220,3393.220,3.500,103.7,1.087e-03,5.299e-08,5.718,5.539,169.8,5.392e+02,0.000,74.989,139.0,4.230e-03,1.590e-07,0.0,4.076e-08,6.888e-08,6.826e-08,28.8,30.00,149.6,1267.31,-66.7,-74.4,-56.7,-57.1,14.5,-21.7,0.000,19.5,15.4,1.174,34.0,-6.2,1.174,12.0,12.0,2.400,172.17,3.29,191.07,4.26,111.84,12.58,1.48,88774.9,7.5988e+17,1.980e+02,1.405e+00,41.993,1.0000,1.3079e+16,1.64,1.72,39.96,6.8140e+17,93.98,89.67,44.01,5.6870e+15,0.50,0.75,28.01,0.0000e+00,0.00,0.00,2.02,2.1934e+16,1.93,2.89,28.02,1.3313e+15,0.13,0.18,32.00,0.0000e+00,0.00,0.00,4.00,0.0000e+00,0.00,0.00,1.01,3.6449e+16,1.83,4.80,16.00,0.0000e+00,0.00,0.00,18.02,119.8,1.528e-03,6.369e-08,-4.8,0.5,103.3,131.9,5.124e-08,7.317e-08,100.617,25.25,100.618,3392.602,160.5,117.409,123.4,141.2,999.900,0.246,-0.001,-0.001,0.300,0.002,0.000,0.000,0.000,99,0.0
760.0,100.000,50.00,25.00,3485.533,3385.533,3.511,116.3,3.334e-03,1.416e-07,6.208,6.295,181.8,7.533e+02,0.000,76.531,139.0,4.230e-03,1.590e-07,0.0,1.089e-07,1.841e-07,1.068e-07,-24.6,30.00,209.3,3188.48,-10.9,-31.5,15.8,-32.8,-14.1,4.3,0.000,-24.9,3.9,-0.376,-39.0,8.3,-0.376,12.0,12.0,2.400,172.17,3.29,191.03,0.93,125.01,12.58,1.48,88774.9,2.0754e+18,2.024e+02,1.404e+00,41.086,1.0000,3.6045e+16,1.69,1.74,39.96,1.7938e+18,92.58,86.43,44.01,1.4476e+16,0.48,0.70,28.01,0.0000e+00,0.00,0.00,2.02,6.0415e+16,1.99,2.91,28.02,3.5953e+15,0.13,0.17,32.00,0.0000e+00,0.00,0.00,4.00,0.0000e+00,0.00,0.00,1.01,1.6704e+17,3.13,8.05,16.00,0.0000e+00,0.00,0.00,18.02,119.3,3.393e-03,1.414e-07,7.7,1.6,105.2,128.5,1.224e-07,1.573e-07,101.111,50.32,101.112,3384.421,182.1,120.637,121.9,130.6,999.900,0.269,-0.001,-0.001,0.300,0.002,0.000,0.000,0.000,99,0.0
770.0,100.000,50.00,50.00,3485.767,3385.767,3.510,109.0,2.992e-03,1.346e-07,5.923,5.928,176.9,7.443e+02,0.000,73.593,139.0,4.230e-03,1.590e-07,0.0,1.036e-07,1.750e-07,1.300e-07,-3.4,30.00,180.0,896.89,-15.3,-34.9,10.1,-18.2,8.4,13.6,0.000,0.5,2.3,-0.019,8.9,15.9,-0.019,12.0,12.0,2.400,172.17,3.29,190.99,2.60,116.78,12.58,1.48,88774.9,1.9880e+18,2.039e+02,1.408e+00,40.786,1.0000,3.4396e+16,1.70,1.73,39.96,1.6968e+18,92.10,85.35,44.01,1.4479e+16,0.50,0.73,28.01,0.0000e+00,0.00,0.00,2.02,5.7671e+16,1.99,2.90,28.02,3.4718e+15,0.14,0.17,32.00,0.0000e+00,0.00,0.00,4.00,0.0000e+00,0.00,0.00,1.01,1.8113e+17,3.57,9.11,16.00,0.0000e+00,0.00,0.00,18.02,119.3,3.393e-03,1.414e-07,7.7,1.6,105.2,128.5,1.224e-07,1.573e-07,101.345,50.32,101.347,3384.421,171.6,118.618,113.7,126.0,999.900,0.261,-0.001,-0.001,0.300,0.002,0.000,0.000,0.000,99,0.0
780.0,100.000,50.00,75.00,3485.946,3385.946,3.510,105.2,2.711e-03,1.268e-07,5.734,5.649,173.5,7.605e+02,0.000,71.928,139.0,4.230e-03,1.590e-07,0.0,9.753e-08,1.648e-07,1.508e-07,18.9,30.00,159.1,897.00,-20.3,-38.7,3.7,-5.2,23.4,2.9,0.000,-13.4,-21.4,-0.749,9.9,-18.5,-0.749,12.0,12.0,2.400,172.17,3.29,190.95,4.27,103.54,12.58,1.48,88774.9,1.8668e+18,2.033e+02,1.408e+00,40.902,1.0000,3.2238e+16,1.69,1.73,39.96,1.6011e+18,92.28,85.77,44.01,1.3894e+16,0.51,0.74,28.01,0.0000e+00,0.00,0.00,2.02,5.4061e+16,1.98,2.90,28.02,3.2738e+15,0.14,0.18,32.00,0.0000e+00,0.00,0.00,4.00,0.0000e+00,0.00,0.00,1.01,1.6223e+17,3.40,8.69,16.00,0.0000e+00,0.00,0.00,18.02,119.3,3.393e-03,1.414e-07,7.7,1.6,105.2,128.5,1.224e-07,1.573e-07,101.524,50.32,101.525,3384.421,166.5,117.655,112.1,129.8,999.900,0.243,-0.001,-0.001,0.300,0.002,0.000,0.000,0.000,99,0.0
790.0,100.000,75.00,25.00,3479.449,3379.449,3.519,114.4,4.886e-03,2.089e-07,6.616,6.496,181.4,8.310e+02,0.000,79.689,139.0,4.230e-03,1.590e-07,0.0,1.607e-07,2.715e-07,1.715e-07,-17.9,30.00,200.1,2113.69,31.4,1.0,70.8,7.9,-20.3,-25.9,0.000,4.7,2.1,2.575,-15.6,-23.8,2.575,12.0,12.0,2.400,172.17,3.29,190.91,0.94,101.06,12.58,1.48,88774.9,3.0924e+18,2.044e+02,1.406e+00,40.673,1.0000,5.3223e+16,1.69,1.72,39.96,2.6275e+18,91.94,84.97,44.01,2.2593e+16,0.50,0.73,28.01,0.0000e+00,0.00,0.00,2.02,8.9241e+16,1.99,2.89,28.02,5.3836e+15,0.14,0.17,32.00,0.0000e+00,0.00,0.00,4.00,0.0000e+00,0.00,0.00,1.01,2.9448e+17,3.75,9.52,16.00,0.0000e+00,0.00,0.00,18.02,118.6,5.140e-03,2.143e-07,13.1,0.6,109.3,124.7,1.921e-07,2.346e-07,101.919,75.16,101.920,3377.529,159.7,118.420,129.0,150.9,999.900,0.218,-0.001,-0.001,0.300,0.002,0.000,0.000,0.000,99,0.0
800.0,100.000,75.00,50.00,3479.558,3379.558,3.518,110.9,4.616e-03,2.016e-07,6.383,6.251,179.6,8.238e+02,0.000,77.188,139.0,4.230e-03,1.590e-07,0.0,1.551e-07,2.621e-07,3.156e-07,56.6,30.00,143.5,360.60,26.8,-2.5,64.8,98.5,-14.0,-11.8,0.000,-28.2,-5.8,-3.601,-42.2,-17.6,-3.601,12.0,12.0,2.400,172.17,3.29,190.86,2.61,98.17,12.58,1.48,88774.9,3.0141e+18,2.064e+02,1.409e+00,40.282,1.0000,5.1784e+16,1.70,1.72,39.96,2.5188e+18,91.30,83.57,44.01,2.2471e+16,0.52,0.75,28.01,0.0000e+00,0.00,0.00,2.02,8.6842e+16,2.00,2.88,28.02,5.2681e+15,0.14,0.17,32.00,0.0000e+00,0.00,0.00,4.00,0.0000e+00,0.00,0.00,1.01,3.2891e+17,4.33,10.91,16.00,0.0000e+00,0.00,0.00,18.02,118.6,5.140e-03,2.143e-07,13.1,0.6,109.3,124.7,1.921e-07,2.346e-07,102.029,75.16,102.030,3377.529,158.0,117.521,124.8,147.2,999.900,0.272,-0.001,-0.001,0.300,0.002,0.000,0.000,0.000,99,0.0
810.0,100.000,75.00,75.00,3479.552,3379.552,3.518,109.3,4.425e-03,1.953e-07,6.258,6.097,178.7,8.126e+02,0.000,75.855,139.0,4.230e-03,1.590e-07,0.0,1.502e-07,2.539e-07,2.609e-07,33.6,30.00,154.7,360.53,22.8,-5.5,59.7,64.1,-9.2,-5.2,0.000,-2.5,4.7,-4.841,-11.7,-0.5,-4.841,12.0,12.0,2.400,172.17,3.29,190.82,4.28,93.17,12.58,1.48,88774.9,2.9335e+18,2.074e+02,1.410e+00,40.094,1.0000,5.0352e+16,1.71,1.72,39.96,2.4318e+18,90.99,82.90,44.01,2.2113e+16,0.53,0.75,28.01,0.0000e+00,0.00,0.00,2.02,8.4449e+16,2.01,2.88,28.02,5.1387e+15,0.14,0.18,32.00,0.0000e+00,0.00,0.00,4.00,0.0000e+00,0.00,0.00,1.01,3.3966e+17,4.62,11.58,16.00,0.0000e+00,0.00,0.00,18.02,118.6,5.140e-03,2.143e-07,13.1,0.6,109.3,124.7,1.921e-07,2.346e-07,102.023,75.16,102.023,3377.529,156.9,117.042,123.0,147.9,999.900,0.287,-0.001,-0.001,0.300,0.002,0.000,0.000,0.000,99,0.0
820.0,50.000,25.00,25.00,3442.838,3392.838,3.604,139.1,2.309e+00,8.789e-05,8.047,8.604,190.9,6.061e+02,0.004,44.826,152.2,3.150e+00,1.080e-04,0.0,8.199e-05,9.421e-05,8.908e-05,1.4,7.19,189.6,16111.56,-18.6,-24.1,-12.8,-17.5,-36.8,41.2,0.000,-6.9,2.7,-0.245,-43.8,43.9,-0.245,7.0,7.0,1.400,172.17,3.29,190.78,0.95,148.26,12.58,1.48,88774.9,1.2194e+21,1.889e+02,1.387e+00,43.403,0.9861,2.2656e+19,1.71,1.86,39.96,1.1559e+21,96.11,94.79,44.01,1.3731e+18,0.07,0.11,28.01,0.0000e+00,0.00,0.00,2.02,3.7760e+19,2.00,3.10,28.02,1.7850e+18,0.11,0.15,32.00,0.0000e+00,0.00,0.00,4.00,0.0000e+00,0.00,0.00,1.01,0.0000e+00,0.00,0.00,16.00,2.4290e+13,0.00,0.00,18.02,140.2,2.267e+00,8.558e-05,-39.1,2.4,132.2,145.8,8.092e-05,9.020e-05,50.236,25.26,50.236,3392.602,180.0,999.000,0.0,0.0,999.900,0.284,-0.001,0.000,0.300,0.002,0.000,0.361,1838.143,99,0.0
830.0,50.000,25.00,50.00,3443.104,3393.104,3.603,136.7,2.230e+00,8.637e-05,7.935,8.345,189.3,5.322e+02,0.004,43.449,152.2,3.150e+00,1.080e-04,0.0,8.058e-05,9.258e-05,8.021e-05,-7.1,7.19,196.4,3534.69,-20.0,-25.4,-14.3,-25.7,-19.9,42.9,0.000,-0.3,5.4,2.035,-20.2,48.3,2.035,7.0,7.0,1.400,172.17,3.29,190.74,2.62,132.40,12.58,1.48,88774.9,1.1984e+21,1.889e+02,1.387e+00,43.403,0.9861,2.2265e+19,1.71,1.86,39.96,1.1359e+21,96.11,94.79,44.01,1.3494e+18,0.07,0.11,28.01,0.0000e+00,0.00,0.00,2.02,3.7108e+19,2.00,3.10,28.02,1.7542e+18,0.11,0.15,32.00,0.0000e+00,0.00,0.00,4.00,0.0000e+00,0.00,0.00,1.01,0.0000e+00,0.00,0.00,16.00,1.1298e+13,0.00,0.00,18.02,140.2,2.267e+00,8.558e-05,-39.1,2.4,132.2,145.8,8.092e-05,9.020e-05,50.501,25.26,50.502,3392.602,164.7,999.000,0.0,0.0,999.900,0.266,-0.001,0.000,0.300,0.002,0.000,0.434,2209.271,99,0.0
840.0,50.000,25.00,75.00,3443.220,3393.220,3.603,134.9,2.158e+00,8.471e-05,7.868,7.982,188.0,5.392e+02,0.004,43.437,152.2,3.150e+00,1.080e-04,0.0,7.903e-05,9.080e-05,7.561e-05,-10.7,7.19,199.0,3534.56,-21.6,-26.8,-15.9,-30.0,-5.9,37.4,0.000,-9.2,-0.7,-1.097,-15.1,36.8,-1.097,7.0,7.0,1.400,172.17,3.29,190.70,4.29,111.52,12.58,1.48,88774.9,1.1753e+21,1.889e+02,1.388e+00,43.403,0.9861,2.1836e+19,1.71,1.86,39.96,1.1140e+21,96.11,94.79,44.01,1.3234e+18,0.07,0.11,28.01,0.0000e+00,0.00,0.00,2.02,3.6393e+19,2.00,3.10,28.02,1.7204e+18,0.11,0.15,32.00,0.0000e+00,0.00,0.00,4.00,0.0000e+00,0.00,0.00,1.01,0.0000e+00,0.00,0.00,16.00,6.3021e+12,0.00,0.00,18.02,140.2,2.267e+00,8.558e-05,-39.1,2.4,132.2,145.8,8.092e-05,9.020e-05,50.618,25.26,50.618,3392.602,160.6,999.000,0.0,0.0,999.900,0.246,-0.001,0.000,0.300,0.002,0.000,0.406,2067.914,99,0.0
850.0,50.000,50.00,25.00,3435.533,3385.533,3.614,155.2,2.173e+00,7.417e-05,9.056,9.490,201.0,7.533e+02,0.003,52.963,152.2,3.150e+00,1.080e-04,0.0,6.920e-05,7.951e-05,7.512e-05,1.3,7.19,199.7,8892.88,-31.3,-35.9,-26.4,-30.4,43.5,43.9,0.000,-5.4,-1.3,-0.439,38.1,42.6,-0.439,7.0,7.0,1.400,172.17,3.29,190.66,0.96,124.94,12.58,1.48,88774.9,1.0292e+21,1.887e+02,1.379e+00,43.399,0.9851,1.9236e+19,1.72,1.87,39.96,9.7525e+20,96.09,94.76,44.01,1.1658e+18,0.07,0.11,28.01,0.0000e+00,0.00,0.00,2.02,3.2059e+19,2.01,3.11,28.02,1.5155e+18,0.11,0.15,32.00,0.0000e+00,0.00,0.00,4.00,0.0000e+00,0.00,0.00,1.01,0.0000e+00,0.00,0.00,16.00,2.1515e+15,0.00,0.00,18.02,150.9,2.236e+00,7.853e-05,31.0,-0.9,144.1,156.0,7.266e-05,8.468e-05,51.111,50.33,51.112,3384.421,182.1,999.000,0.0,0.0,999.900,0.269,-0.001,0.000,0.300,0.002,0.000,0.191,972.378,99,0.0
860.0,50.000,50.00,50.00,3435.767,3385.767,3.613,155.2,2.138e+00,7.301e-05,8.936,9.538,201.0,7.443e+02,0.003,52.299,152.2,3.150e+00,1.080e-04,0.0,6.811e-05,7.826e-05,6.886e-05,-5.7,7.19,206.9,2502.37,-32.4,-36.9,-27.5,-36.2,56.9,28.3,0.000,-9.8,-4.8,2.293,47.1,23.5,2.293,7.0,7.0,1.400,172.17,3.29,190.62,2.63,116.61,12.58,1.48,88774.9,1.0131e+21,1.887e+02,1.379e+00,43.399,0.9851,1.8934e+19,1.72,1.87,39.96,9.5995e+20,96.09,94.76,44.01,1.1475e+18,0.07,0.11,28.01,0.0000e+00,0.00,0.00,2.02,3.1556e+19,2.01,3.11,28.02,1.4918e+18,0.11,0.15,32.00,0.0000e+00,0.00,0.00,4.00,0.0000e+00,0.00,0.00,1.01,0.0000e+00,0.00,0.00,16.00,2.1207e+15,0.00,0.00,18.02,150.9,2.236e+00,7.853e-05,31.0,-0.9,144.1,156.0,7.266e-05,8.468e-05,51.346,50.33,51.347,3384.421,171.5,999.000,0.0,0.0,999.900,0.261,-0.001,0.000,0.300,0.002,0.000,0.189,964.286,99,0.0
870.0,50.000,50.00,75.00,3435.946,3385.946,3.613,154.9,2.130e+00,7.290e-05,8.853,9.515,200.8,7.605e+02,0.003,52.034,152.2,3.150e+00,1.080e-04,0.0,6.801e-05,7.814e-05,7.077e-05,-2.9,7.19,203.8,2502.42,-32.5,-37.0,-27.6,-34.5,60.2,5.8,0.000,-2.6,-8.5,1.255,57.6,-2.7,1.255,7.0,7.0,1.400,172.17,3.29,190.58,4.29,103.33,12.58,1.48,88774.9,1.0116e+21,1.887e+02,1.379e+00,43.399,0.9851,1.8906e+19,1.72,1.87,39.96,9.5852e+20,96.09,94.76,44.01,1.1458e+18,0.07,0.11,28.01,0.0000e+00,0.00,0.00,2.02,3.1509e+19,2.01,3.11,28.02,1.4895e+18,0.11,0.15,32.00,0.0000e+00,0.00,0.00,4.00,0.0000e+00,0.00,0.00,1.01,0.0000e+00,0.00,0.00,16.00,1.9553e+15,0.00,0.00,18.02,150.9,2.236e+00,7.853e-05,31.0,-0.9,144.1,156.0,7.266e-05,8.468e-05,51.524,50.33,51.525,3384.421,166.6,999.000,0.0,0.0,999.900,0.243,-0.001,0.000,0.300,0.002,0.000,0.180,917.666,99,0.0
880.0,50.000,75.00,25.00,3429.449,3379.449,3.621,153.8,1.407e+00,4.838e-05,9.324,9.182,200.3,8.310e+02,0.002,59.502,152.2,3.150e+00,1.080e-04,0.0,4.514e-05,5.186e-05,4.502e-05,-7.0,7.19,207.6,5894.65,-55.2,-58.2,-52.0,-58.3,43.5,-19.6,0.000,5.5,-0.9,-0.539,49.0,-20.5,-0.539,7.0,7.0,1.400,172.17,3.29,190.54,0.96,101.03,12.58,1.48,88774.9,6.7131e+20,1.890e+02,1.380e+00,43.405,0.9868,1.2435e+19,1.71,1.85,39.96,6.3641e+20,96.12,94.80,44.01,7.5366e+17,0.07,0.11,28.01,0.0000e+00,0.00,0.00,2.02,2.0726e+19,1.99,3.09,28.02,9.7975e+17,0.11,0.15,32.00,0.0000e+00,0.00,0.00,4.00,0.0000e+00,0.00,0.00,1.01,0.0000e+00,0.00,0.00,16.00,1.4939e+15,0.00,0.00,18.02,152.5,1.415e+00,4.908e-05,50.8,-0.1,148.6,155.2,4.639e-05,5.058e-05,51.920,75.17,51.920,3377.529,159.6,999.000,0.0,0.0,999.900,0.218,-0.001,0.000,0.300,0.002,0.000,0.054,277.030,99,0.0
890.0,50.000,75.00,50.00,3429.558,3379.558,3.621,154.1,1.372e+00,4.713e-05,9.235,9.151,200.5,8.238e+02,0.002,59.082,152.2,3.150e+00,1.080e-04,0.0,4.397e-05,5.051e-05,5.137e-05,9.0,7.19,192.0,1006.22,-56.4,-59.3,-53.2,-52.4,39.6,-17.4,0.000,0.6,-0.9,0.254,40.2,-18.4,0.254,7.0,7.0,1.400,172.17,3.29,190.50,2.63,98.11,12.58,1.48,88774.9,6.5384e+20,1.890e+02,1.380e+00,43.405,0.9868,1.2112e+19,1.71,1.85,39.96,6.1986e+20,96.12,94.80,44.01,7.3405e+17,0.07,0.11,28.01,0.0000e+00,0.00,0.00,2.02,2.0186e+19,1.99,3.09,28.02,9.5426e+17,0.11,0.15,32.00,0.0000e+00,0.00,0.00,4.00,0.0000e+00,0.00,0.00,1.01,0.0000e+00,0.00,0.00,16.00,1.6037e+15,0.00,0.00,18.02,152.5,1.415e+00,4.908e-05,50.8,-0.1,148.6,155.2,4.639e-05,5.058e-05,52.029,75.17,52.030,3377.529,158.0,999.000,0.0,0.0,999.900,0.272,-0.001,0.000,0.300,0.002,0.000,0.052,264.511,99,0.0
900.0,50.000,75.00,75.00,3429.552,3379.552,3.621,153.4,1.346e+00,4.643e-05,9.087,9.011,200.1,8.126e+02,0.002,58.185,152.2,3.150e+00,1.080e-04,0.0,4.331e-05,4.976e-05,5.172e-05,11.4,7.19,189.5,1006.05,-57.0,-59.9,-53.9,-52.1,34.1,-13.3,0.000,-4.1,-3.4,-0.236,30.1,-16.8,-0.236,7.0,7.0,1.400,172.17,3.29,190.46,4.30,93.08,12.58,1.48,88774.9,6.4413e+20,1.890e+02,1.380e+00,43.405,0.9868,1.1932e+19,1.71,1.85,39.96,6.1064e+20,96.12,94.80,44.01,7.2314e+17,0.07,0.11,28.01,0.0000e+00,0.00,0.00,2.02,1.9886e+19,1.99,3.09,28.02,9.4008e+17,0.11,0.15,32.00,0.0000e+00,0.00,0.00,4.00,0.0000e+00,0.00,0.00,1.01,0.0000e+00,0.00,0.00,16.00,1.3524e+15,0.00,0.00,18.02,152.5,1.415e+00,4.908e-05,50.8,-0.1,148.6,155.2,4.639e-05,5.058e-05,52.023,75.17,52.023,3377.529,156.9,999.000,0.0,0.0,999.900,0.287,-0.001,0.000,0.300,0.002,0.000,0.051,261.534,99,0.0
