ElapsedTime_s,Height_km,Latitude_deg,LongitudeE_deg,TotalRadius_km,LatitudeRadius_km,Gravity_ms2,Temperature_K,Pressure_Pa,Density_kgm3,PressureScaleHeight_km,DensityScaleHeight_km,SpeedOfSound_ms,PressureAtSurface_Pa,SigmaLevel,PressureAltitude_km,ReferenceTemperature_K,ReferencePressure_Pa,ReferenceDensity_kgm3,ProfileWeight,LowDensity_kgm3,HighDensity_kgm3,PerturbedDensity_kgm3,DensityPerturbation_pct,DensityStandardDeviation_pct,PerturbedSpeedOfSound_ms,RelativeStepSize,DensityDeviation_pct,LowDensityDeviation_pct,HighDensityDeviation_pct,PerturbedDensityDeviation_pct,EWWind_ms,NSWind_ms,EWWindPerturbation_ms,NSWindPerturbation_ms,PerturbedEWWind_ms,PerturbedNSWind_ms,EWStandardDeviation_ms,NSStandardDeviation_ms,LongitudeOfTheSun,SubsolarLatitude_deg,SubsolarLongitudeE_deg,LocalSolarTime_hr,SolarZenithAngle_deg,OneWayLightTime_min,OrbitalRadius_AU,SecondsPerSol,TotalNumberDensity_m3,SpecificGasConstant_JkgK,SpecificHeatRatio,AverageMolecularWeight,CompressibilityFactor,
0.0,0.000,22.00,48.00,70782.555,70782.555,23.734,166.1,1.000e+05,1.740e-01,25.331,-38.082,900.2,1.000e+05,1.000,-0.000,166.1,1.000e+05,1.740e-01,0.0,1.740e-01,1.740e-01,1.740e-01,0.0,0.00,900.2,0.00,0.0,0.0,0.0,0.0,0.0,0.0,-0.0,-0.0,0.0,0.0,0.0,0.0,325.53,-1.54,277.52,20.70,127.02,45.08,5.20,35733.2,0.0000e+00,3.460e+03,1.410e+00,0.000,0.0000,
500.0,5.000,22.30,48.50,70769.349,70764.349,23.746,155.5,8.151e+04,1.481e-01,23.653,35.049,880.9,1.000e+05,0.815,4.837,155.5,8.151e+04,1.481e-01,0.0,1.481e-01,1.481e-01,1.481e-01,0.0,0.00,880.9,188913.66,0.0,0.0,0.0,0.0,0.0,0.0,0.0,-0.0,0.0,0.0,0.0,0.0,325.53,-1.54,272.48,21.07,131.63,45.08,5.20,35733.2,0.0000e+00,3.540e+03,1.410e+00,0.000,0.0000,
1000.0,10.000,22.60,49.00,70755.963,70745.963,23.758,145.0,6.547e+04,1.276e-01,22.005,31.118,850.6,1.000e+05,0.655,9.320,145.0,6.547e+04,1.276e-01,0.0,1.276e-01,1.276e-01,1.276e-01,0.0,0.00,850.6,188631.81,0.0,0.0,0.0,0.0,0.0,0.0,-0.0,-0.0,0.0,0.0,0.0,0.0,325.53,-1.54,267.44,21.44,136.07,45.08,5.20,35733.2,0.0000e+00,3.539e+03,1.410e+00,0.000,0.0000,
1500.0,15.000,22.90,49.50,70742.399,70727.399,23.770,135.9,5.182e+04,1.077e-01,20.702,27.987,823.4,1.000e+05,0.518,13.611,135.9,5.182e+04,1.077e-01,0.0,1.077e-01,1.077e-01,1.077e-01,0.0,0.00,823.4,188346.46,0.0,0.0,0.0,0.0,0.0,0.0,0.0,0.0,0.0,0.0,0.0,0.0,325.53,-1.54,262.40,21.81,140.27,45.08,5.20,35733.2,0.0000e+00,3.539e+03,1.410e+00,0.000,0.0000,
2000.0,20.000,23.20,50.00,70728.660,70708.660,23.782,127.4,4.073e+04,8.988e-02,22.193,27.395,799.4,1.000e+05,0.407,19.933,127.4,4.073e+04,8.988e-02,0.0,8.988e-02,8.988e-02,8.988e-02,0.0,0.00,799.4,188057.64,0.0,0.0,0.0,0.0,0.0,0.0,0.0,0.0,0.0,0.0,0.0,0.0,325.53,-1.54,257.37,22.18,144.16,45.08,5.20,35733.2,0.0000e+00,3.558e+03,1.410e+00,0.000,0.0000,
2500.0,25.000,23.50,50.50,70714.748,70689.748,23.795,120.0,3.217e+04,7.446e-02,18.800,21.983,780.5,1.000e+05,0.322,21.324,120.0,3.217e+04,7.446e-02,0.0,7.446e-02,7.446e-02,7.446e-02,0.0,0.00,780.5,187765.36,0.0,0.0,0.0,0.0,0.0,0.0,0.0,0.0,0.0,0.0,0.0,0.0,325.53,-1.54,252.33,22.54,147.62,45.08,5.20,35733.2,0.0000e+00,3.600e+03,1.410e+00,0.000,0.0000,
3000.0,30.000,23.80,51.00,70700.666,70670.666,23.807,110.7,2.427e+04,6.090e-02,17.156,44.157,749.6,1.000e+05,0.243,24.293,110.7,2.427e+04,6.090e-02,0.0,6.090e-02,6.090e-02,6.090e-02,0.0,0.00,749.6,187469.63,0.0,0.0,0.0,0.0,0.0,0.0,-0.0,-0.0,0.0,0.0,0.0,0.0,325.54,-1.54,247.29,22.91,150.52,45.08,5.20,35733.2,0.0000e+00,3.598e+03,1.410e+00,0.000,0.0000,
3500.0,35.000,24.10,51.50,70686.416,70651.416,23.820,109.0,1.816e+04,4.629e-02,16.952,-24.833,743.7,1.000e+05,0.182,28.922,109.0,1.816e+04,4.629e-02,0.0,4.629e-02,4.629e-02,4.629e-02,0.0,0.00,743.7,187170.48,0.0,0.0,0.0,0.0,0.0,0.0,-0.0,-0.0,0.0,0.0,0.0,0.0,325.54,-1.54,242.25,23.28,152.66,45.08,5.20,35733.2,0.0000e+00,3.599e+03,1.410e+00,0.000,0.0000,
4000.0,40.000,24.40,52.00,70672.001,70632.001,23.833,113.2,1.359e+04,3.335e-02,17.445,21.831,757.9,1.000e+05,0.136,34.822,113.2,1.359e+04,3.335e-02,0.0,3.335e-02,3.335e-02,3.335e-02,0.0,0.00,757.9,186867.92,0.0,0.0,0.0,0.0,0.0,0.0,-0.0,0.0,0.0,0.0,0.0,0.0,325.54,-1.54,237.21,23.65,153.87,45.08,5.20,35733.2,0.0000e+00,3.599e+03,1.410e+00,0.000,0.0000,
4500.0,45.000,24.70,52.50,70657.424,70612.424,23.845,112.6,1.021e+04,2.518e-02,17.736,27.665,756.0,1.000e+05,0.102,40.471,112.6,1.021e+04,2.518e-02,0.0,2.518e-02,2.518e-02,2.518e-02,0.0,0.00,756.0,186561.97,0.0,0.0,0.0,0.0,0.0,0.0,-0.0,0.0,0.0,0.0,0.0,0.0,325.54,-1.54,232.18,0.02,154.02,45.08,5.20,35733.2,0.0000e+00,3.599e+03,1.410e+00,0.000,0.0000,
5000.0,50.000,25.00,53.00,70642.686,70592.686,23.859,113.8,7.696e+03,1.878e-02,17.639,76.977,760.1,1.000e+05,0.077,45.235,113.8,7.696e+03,1.878e-02,0.0,1.878e-02,1.878e-02,1.878e-02,0.0,0.00,760.1,186252.65,0.0,0.0,0.0,0.0,0.0,0.0,0.0,0.0,0.0,0.0,0.0,0.0,325.54,-1.54,227.14,0.39,153.11,45.08,5.20,35733.2,0.0000e+00,3.599e+03,1.410e+00,0.000,0.0000,
5500.0,55.000,25.30,53.50,70627.791,70572.791,23.872,113.2,5.785e+03,1.420e-02,17.501,-100.536,758.1,1.000e+05,0.058,49.876,113.2,5.785e+03,1.420e-02,0.0,1.420e-02,1.420e-02,1.420e-02,0.0,0.00,758.1,185939.97,0.0,0.0,0.0,0.0,0.0,0.0,0.0,-0.0,0.0,0.0,0.0,0.0,325.54,-1.54,222.10,0.76,151.23,45.08,5.20,35733.2,0.0000e+00,3.600e+03,1.410e+00,0.000,0.0000,
6000.0,60.000,25.60,54.00,70612.742,70552.742,23.885,122.6,4.374e+03,9.916e-03,18.902,11.755,788.7,1.000e+05,0.044,59.153,122.6,4.374e+03,9.916e-03,0.0,9.916e-03,9.916e-03,9.916e-03,0.0,0.00,788.7,185623.96,0.0,0.0,0.0,0.0,0.0,0.0,-0.0,0.0,0.0,0.0,0.0,0.0,325.54,-1.54,217.06,1.13,148.58,45.08,5.20,35733.2,0.0000e+00,3.598e+03,1.410e+00,0.000,0.0000,
6500.0,65.000,25.90,54.50,70597.540,70532.540,23.898,126.2,3.385e+03,7.456e-03,19.575,15.495,800.1,1.000e+05,0.034,66.277,126.2,3.385e+03,7.456e-03,0.0,7.456e-03,7.456e-03,7.456e-03,0.0,0.00,800.1,185304.63,0.0,0.0,0.0,0.0,0.0,0.0,-0.0,0.0,0.0,0.0,0.0,0.0,325.54,-1.54,212.03,1.50,145.33,45.07,5.20,35733.2,0.0000e+00,3.598e+03,1.410e+00,0.000,0.0000,
7000.0,70.000,26.20,55.00,70582.188,70512.188,23.912,134.6,2.638e+03,5.450e-03,20.851,29.055,826.1,1.000e+05,0.026,75.797,134.6,2.638e+03,5.450e-03,0.0,5.450e-03,5.450e-03,5.450e-03,0.0,0.00,826.1,184981.99,0.0,0.0,0.0,0.0,0.0,0.0,-0.0,0.0,0.0,0.0,0.0,0.0,325.54,-1.54,206.99,1.87,141.64,45.07,5.20,35733.2,0.0000e+00,3.598e+03,1.410e+00,0.000,0.0000,
7500.0,75.000,26.50,55.50,70566.690,70491.690,23.926,132.4,2.071e+03,4.346e-03,20.565,16.776,819.7,1.000e+05,0.021,79.735,132.4,2.071e+03,4.346e-03,0.0,4.346e-03,4.346e-03,4.346e-03,0.0,0.00,819.7,184656.08,0.0,0.0,0.0,0.0,0.0,0.0,0.0,0.0,0.0,0.0,0.0,0.0,325.54,-1.54,201.95,2.24,137.64,45.07,5.20,35733.2,0.0000e+00,3.599e+03,1.410e+00,0.000,0.0000,
8000.0,80.000,26.80,56.00,70551.047,70471.047,23.939,143.8,1.640e+03,3.169e-03,22.123,17.048,854.3,1.000e+05,0.016,90.931,143.8,1.640e+03,3.169e-03,0.0,3.169e-03,3.169e-03,3.169e-03,0.0,0.00,854.3,184326.91,0.0,0.0,0.0,0.0,0.0,0.0,0.0,0.0,0.0,0.0,0.0,0.0,325.54,-1.54,196.91,2.61,133.41,45.07,5.20,35733.2,0.0000e+00,3.600e+03,1.410e+00,0.000,0.0000,
8500.0,85.000,27.10,56.50,70535.262,70450.262,23.953,153.7,1.321e+03,2.389e-03,23.719,20.819,883.2,1.000e+05,0.013,102.623,153.7,1.321e+03,2.389e-03,0.0,2.389e-03,2.389e-03,2.389e-03,0.0,0.00,883.2,183994.48,0.0,0.0,0.0,0.0,0.0,0.0,-0.0,-0.0,0.0,0.0,0.0,0.0,325.54,-1.54,191.87,2.98,129.02,45.07,5.20,35733.2,0.0000e+00,3.599e+03,1.410e+00,0.000,0.0000,
9000.0,90.000,27.40,57.00,70519.339,70429.339,23.967,158.2,1.075e+03,1.887e-03,24.534,23.055,896.3,1.000e+05,0.011,111.199,158.2,1.075e+03,1.887e-03,0.0,1.887e-03,1.887e-03,1.887e-03,0.0,0.00,896.3,183658.84,0.0,0.0,0.0,0.0,0.0,0.0,0.0,-0.0,0.0,0.0,0.0,0.0,325.54,-1.54,186.84,3.34,124.51,45.07,5.20,35733.2,0.0000e+00,3.600e+03,1.410e+00,0.000,0.0000,
9500.0,95.000,27.70,57.50,70503.279,70408.279,23.981,160.4,8.784e+02,1.521e-03,24.863,23.800,902.4,1.000e+05,0.009,117.722,160.4,8.784e+02,1.521e-03,0.0,1.521e-03,1.521e-03,1.521e-03,0.0,0.00,902.4,183319.98,0.0,0.0,0.0,0.0,0.0,0.0,-0.0,-0.0,0.0,0.0,0.0,0.0,325.54,-1.54,181.80,3.71,119.92,45.07,5.20,35733.2,0.0000e+00,3.600e+03,1.410e+00,0.000,0.0000,
10000.0,100.000,28.00,58.00,70487.085,70387.085,23.995,158.0,7.176e+02,1.262e-03,24.456,29.503,895.4,1.000e+05,0.007,120.740,158.0,7.176e+02,1.262e-03,0.0,1.262e-03,1.262e-03,1.262e-03,0.0,0.00,895.4,182977.94,0.0,0.0,0.0,0.0,0.0,0.0,0.0,-0.0,0.0,0.0,0.0,0.0,325.54,-1.54,176.76,4.08,115.28,45.07,5.20,35733.2,0.0000e+00,3.599e+03,1.410e+00,0.000,0.0000,
10500.0,105.000,28.30,58.50,70470.761,70365.761,24.010,153.1,5.833e+02,1.059e-03,23.702,25.685,881.3,1.000e+05,0.006,121.929,153.1,5.833e+02,1.059e-03,0.0,1.059e-03,1.059e-03,1.059e-03,0.0,0.00,881.3,182632.73,0.0,0.0,0.0,0.0,0.0,0.0,0.0,0.0,0.0,0.0,0.0,0.0,325.54,-1.54,171.72,4.45,110.60,45.07,5.20,35733.2,0.0000e+00,3.597e+03,1.410e+00,0.000,0.0000,
11000.0,110.000,28.60,59.00,70454.309,70344.309,24.024,152.7,4.724e+02,8.597e-04,23.698,25.272,880.2,1.000e+05,0.005,126.907,152.7,4.724e+02,8.597e-04,0.0,8.597e-04,8.597e-04,8.597e-04,0.0,0.00,880.2,182284.37,0.0,0.0,0.0,0.0,0.0,0.0,-0.0,-0.0,0.0,0.0,0.0,0.0,325.54,-1.54,166.69,4.82,105.90,45.07,5.20,35733.2,0.0000e+00,3.599e+03,1.410e+00,0.000,0.0000,
11500.0,115.000,28.90,59.50,70437.731,70322.731,24.039,150.2,3.818e+02,7.064e-04,23.289,23.415,872.9,1.000e+05,0.004,129.674,150.2,3.818e+02,7.064e-04,0.0,7.064e-04,7.064e-04,7.064e-04,0.0,0.00,872.9,181932.88,0.0,0.0,0.0,0.0,0.0,0.0,-0.0,-0.0,0.0,0.0,0.0,0.0,325.54,-1.54,161.65,5.19,101.21,45.07,5.20,35733.2,0.0000e+00,3.599e+03,1.410e+00,0.000,0.0000,
12000.0,120.000,29.20,60.00,70421.030,70301.030,24.053,149.9,3.080e+02,5.709e-04,23.299,22.638,872.2,1.000e+05,0.003,134.732,149.9,3.080e+02,5.709e-04,0.0,5.709e-04,5.709e-04,5.709e-04,0.0,0.00,872.2,181578.27,0.0,0.0,0.0,0.0,0.0,0.0,0.0,0.0,0.0,0.0,0.0,0.0,325.54,-1.54,156.61,5.56,96.52,45.07,5.20,35733.2,0.0000e+00,3.599e+03,1.410e+00,0.000,0.0000,
12500.0,125.000,29.50,60.50,70404.209,70279.209,24.068,153.1,2.488e+02,4.516e-04,23.527,20.402,881.4,1.000e+05,0.002,141.071,153.1,2.488e+02,4.516e-04,0.0,4.516e-04,4.516e-04,4.516e-04,0.0,0.00,881.4,181220.57,0.0,0.0,0.0,0.0,0.0,0.0,0.0,0.0,0.0,0.0,0.0,0.0,325.54,-1.54,151.57,5.93,91.86,45.07,5.20,35733.2,0.0000e+00,3.599e+03,1.410e+00,0.000,0.0000,
13000.0,130.000,29.80,61.00,70387.271,70257.271,24.083,155.9,2.021e+02,3.600e-04,24.260,23.547,889.7,1.000e+05,0.002,150.514,155.9,2.021e+02,3.600e-04,0.0,3.600e-04,3.600e-04,3.600e-04,0.0,0.00,889.7,180859.80,0.0,0.0,0.0,0.0,0.0,0.0,-0.0,0.0,0.0,0.0,0.0,0.0,325.55,-1.54,146.53,6.30,87.24,45.07,5.20,35733.2,0.0000e+00,3.600e+03,1.410e+00,0.000,0.0000,
13500.0,135.000,30.10,61.50,70370.219,70235.219,24.098,157.3,1.645e+02,2.905e-04,24.360,24.111,893.5,1.000e+05,0.002,156.149,157.3,1.645e+02,2.905e-04,0.0,2.905e-04,2.905e-04,2.905e-04,0.0,0.00,893.5,180495.98,0.0,0.0,0.0,0.0,0.0,0.0,-0.0,0.0,0.0,0.0,0.0,0.0,325.55,-1.54,141.50,6.67,82.67,45.06,5.20,35733.2,0.0000e+00,3.599e+03,1.410e+00,0.000,0.0000,
14000.0,140.000,30.40,62.00,70353.055,70213.055,24.112,161.1,1.342e+02,2.316e-04,24.838,19.920,903.9,1.000e+05,0.001,164.263,161.1,1.342e+02,2.316e-04,0.0,2.316e-04,2.316e-04,2.316e-04,0.0,0.00,903.9,180129.12,0.0,0.0,0.0,0.0,0.0,0.0,-0.0,-0.0,0.0,0.0,0.0,0.0,325.55,-1.54,136.46,7.04,78.16,45.06,5.20,35733.2,0.0000e+00,3.598e+03,1.410e+00,0.000,0.0000,
14500.0,145.000,30.70,62.50,70335.782,70190.782,24.128,164.7,1.102e+02,1.859e-04,25.587,24.682,914.4,1.000e+05,0.001,174.254,164.7,1.102e+02,1.859e-04,0.0,1.859e-04,1.859e-04,1.859e-04,0.0,0.00,914.4,179759.25,0.0,0.0,0.0,0.0,0.0,0.0,-0.0,0.0,0.0,0.0,0.0,0.0,325.55,-1.54,131.42,7.41,73.74,45.06,5.20,35733.2,0.0000e+00,3.599e+03,1.410e+00,0.000,0.0000,
15000.0,150.000,31.00,63.00,70318.403,70168.403,24.143,167.1,9.075e+01,1.509e-04,25.873,23.095,920.9,1.000e+05,0.001,181.234,167.1,9.075e+01,1.509e-04,0.0,1.509e-04,1.509e-04,1.509e-04,0.0,0.00,920.9,179386.38,0.0,0.0,0.0,0.0,0.0,0.0,-0.0,0.0,0.0,0.0,0.0,0.0,325.55,-1.54,126.38,7.77,69.42,45.06,5.20,35733.2,0.0000e+00,3.600e+03,1.410e+00,0.000,0.0000,
15500.0,155.000,31.30,63.50,70300.920,70145.920,24.158,168.7,7.493e+01,1.234e-04,26.265,26.151,925.1,1.000e+05,0.001,189.011,168.7,7.493e+01,1.234e-04,0.0,1.234e-04,1.234e-04,1.234e-04,0.0,0.00,925.1,179010.53,0.0,0.0,0.0,0.0,0.0,0.0,0.0,0.0,0.0,0.0,0.0,0.0,325.55,-1.54,121.35,8.14,65.22,45.06,5.20,35733.2,0.0000e+00,3.598e+03,1.410e+00,0.000,0.0000,
16000.0,160.000,31.60,64.00,70283.337,70123.337,24.173,168.5,6.194e+01,1.021e-04,26.252,26.809,924.7,1.000e+05,0.001,193.920,168.5,6.194e+01,1.021e-04,0.0,1.021e-04,1.021e-04,1.021e-04,0.0,0.00,924.7,178631.73,0.0,0.0,0.0,0.0,0.0,0.0,-0.0,-0.0,0.0,0.0,0.0,0.0,325.55,-1.54,116.31,8.51,61.18,45.06,5.20,35733.2,0.0000e+00,3.598e+03,1.410e+00,0.000,0.0000,
16500.0,165.000,31.90,64.50,70265.656,70100.656,24.188,169.6,5.119e+01,8.386e-05,26.238,24.709,927.8,1.000e+05,0.001,198.814,169.6,5.119e+01,8.386e-05,0.0,8.386e-05,8.386e-05,8.386e-05,0.0,0.00,927.8,178250.00,0.0,0.0,0.0,0.0,0.0,0.0,-0.0,0.0,0.0,0.0,0.0,0.0,325.55,-1.54,111.27,8.88,57.33,45.06,5.20,35733.2,0.0000e+00,3.599e+03,1.410e+00,0.000,0.0000,
17000.0,170.000,32.20,65.00,70247.880,70077.880,24.204,164.1,4.220e+01,7.145e-05,25.398,29.031,912.6,1.000e+05,0.000,197.353,164.1,4.220e+01,7.145e-05,0.0,7.145e-05,7.145e-05,7.145e-05,0.0,0.00,912.6,177865.34,0.0,0.0,0.0,0.0,0.0,0.0,-0.0,-0.0,0.0,0.0,0.0,0.0,325.55,-1.54,106.23,9.25,53.71,45.06,5.20,35733.2,0.0000e+00,3.600e+03,1.410e+00,0.000,0.0000,
17500.0,175.000,32.50,65.50,70230.011,70055.011,24.219,159.5,3.460e+01,6.028e-05,24.969,29.704,899.6,1.000e+05,0.000,198.982,159.5,3.460e+01,6.028e-05,0.0,6.028e-05,6.028e-05,6.028e-05,0.0,0.00,899.6,177477.80,0.0,0.0,0.0,0.0,0.0,0.0,0.0,0.0,0.0,0.0,0.0,0.0,325.55,-1.54,101.19,9.62,50.36,45.06,5.20,35733.2,0.0000e+00,3.599e+03,1.410e+00,0.000,0.0000,
18000.0,180.000,32.80,66.00,70212.054,70032.054,24.235,157.6,2.824e+01,4.980e-05,24.550,22.987,894.2,1.000e+05,0.000,200.629,157.6,2.824e+01,4.980e-05,0.0,4.980e-05,4.980e-05,4.980e-05,0.0,0.00,894.2,177087.37,0.0,0.0,0.0,0.0,0.0,0.0,-0.0,0.0,0.0,0.0,0.0,0.0,325.55,-1.54,96.16,9.99,47.36,45.06,5.20,35733.2,0.0000e+00,3.598e+03,1.410e+00,0.000,0.0000,
18500.0,185.000,33.10,66.50,70194.010,70009.010,24.250,158.2,2.304e+01,4.046e-05,24.640,26.233,896.1,1.000e+05,0.000,206.378,158.2,2.304e+01,4.046e-05,0.0,4.046e-05,4.046e-05,4.046e-05,0.0,0.00,896.1,176694.09,0.0,0.0,0.0,0.0,0.0,0.0,0.0,-0.0,0.0,0.0,0.0,0.0,325.55,-1.54,91.12,10.36,44.76,45.06,5.20,35733.2,0.0000e+00,3.599e+03,1.410e+00,0.000,0.0000,
19000.0,190.000,33.40,67.00,70175.882,69985.882,24.266,161.0,1.882e+01,3.248e-05,24.745,21.163,904.0,1.000e+05,0.000,212.258,161.0,1.882e+01,3.248e-05,0.0,3.248e-05,3.248e-05,3.248e-05,0.0,0.00,904.0,176297.97,0.0,0.0,0.0,0.0,0.0,0.0,-0.0,0.0,0.0,0.0,0.0,0.0,325.55,-1.54,86.08,10.73,42.64,45.06,5.20,35733.2,0.0000e+00,3.600e+03,1.410e+00,0.000,0.0000,
19500.0,195.000,33.70,67.50,70157.672,69962.672,24.282,158.5,1.540e+01,2.698e-05,24.601,24.446,897.2,1.000e+05,0.000,215.957,158.5,1.540e+01,2.698e-05,0.0,2.698e-05,2.698e-05,2.698e-05,0.0,0.00,897.2,175899.04,0.0,0.0,0.0,0.0,0.0,0.0,-0.0,0.0,0.0,0.0,0.0,0.0,325.55,-1.54,81.04,11.10,41.06,45.06,5.20,35733.2,0.0000e+00,3.601e+03,1.410e+00,0.000,0.0000,
20000.0,200.000,34.00,68.00,70139.385,69939.385,24.298,158.0,1.257e+01,2.210e-05,24.637,25.972,895.5,1.000e+05,0.000,221.279,158.0,1.257e+01,2.210e-05,0.0,2.210e-05,2.210e-05,2.210e-05,0.0,0.00,895.5,175497.31,0.0,0.0,0.0,0.0,0.0,0.0,-0.0,0.0,0.0,0.0,0.0,0.0,325.55,-1.54,76.01,11.47,40.10,45.05,5.20,35733.2,0.0000e+00,3.600e+03,1.410e+00,0.000,0.0000,
20500.0,205.000,34.30,68.50,70121.023,69916.023,24.313,158.5,1.026e+01,1.797e-05,24.557,23.415,897.1,1.000e+05,0.000,225.558,158.5,1.026e+01,1.797e-05,0.0,1.797e-05,1.797e-05,1.797e-05,0.0,0.00,897.1,175092.81,0.0,0.0,0.0,0.0,0.0,0.0,-0.0,-0.0,0.0,0.0,0.0,0.0,325.55,-1.54,70.97,11.84,39.79,45.05,5.20,35733.2,0.0000e+00,3.601e+03,1.410e+00,0.000,0.0000,
21000.0,210.000,34.60,69.00,70102.588,69892.588,24.329,159.1,8.381e+00,1.463e-05,24.748,26.558,898.6,1.000e+05,0.000,232.311,159.1,8.381e+00,1.463e-05,0.0,1.463e-05,1.463e-05,1.463e-05,0.0,0.00,898.6,174685.54,0.0,0.0,0.0,0.0,0.0,0.0,-0.0,-0.0,0.0,0.0,0.0,0.0,325.55,-1.54,65.93,12.20,40.14,45.05,5.20,35733.2,0.0000e+00,3.599e+03,1.410e+00,0.000,0.0000,
21500.0,215.000,34.90,69.50,70084.083,69869.083,24.345,159.2,6.846e+00,1.195e-05,24.667,22.605,898.7,1.000e+05,0.000,236.540,159.2,6.846e+00,1.195e-05,0.0,1.195e-05,1.195e-05,1.195e-05,0.0,0.00,898.7,174275.55,0.0,0.0,0.0,0.0,0.0,0.0,-0.0,-0.0,0.0,0.0,0.0,0.0,325.55,-1.54,60.89,12.57,41.12,45.05,5.20,35733.2,0.0000e+00,3.599e+03,1.410e+00,0.000,0.0000,
22000.0,220.000,35.20,70.00,70065.511,69845.511,24.361,157.0,5.594e+00,9.901e-06,24.795,28.989,892.5,1.000e+05,0.000,242.778,157.0,5.594e+00,9.901e-06,0.0,9.901e-06,9.901e-06,9.901e-06,0.0,0.00,892.5,173862.83,0.0,0.0,0.0,0.0,0.0,0.0,0.0,0.0,0.0,0.0,0.0,0.0,325.55,-1.54,55.85,12.94,42.69,45.05,5.20,35733.2,0.0000e+00,3.599e+03,1.410e+00,0.000,0.0000,
22500.0,225.000,35.50,70.50,70046.876,69821.876,24.377,160.3,4.566e+00,7.915e-06,25.026,27.328,901.9,1.000e+05,0.000,250.114,160.3,4.566e+00,7.915e-06,0.0,7.915e-06,7.915e-06,7.915e-06,0.0,0.00,901.9,173447.43,0.0,0.0,0.0,0.0,0.0,0.0,0.0,-0.0,0.0,0.0,0.0,0.0,325.55,-1.54,50.82,13.31,44.78,45.05,5.20,35733.2,0.0000e+00,3.600e+03,1.410e+00,0.000,0.0000,
23000.0,230.000,35.80,71.00,70028.178,69798.178,24.393,156.8,3.732e+00,6.610e-06,24.487,28.419,892.3,1.000e+05,0.000,249.662,156.8,3.732e+00,6.610e-06,0.0,6.610e-06,6.610e-06,6.610e-06,0.0,0.00,892.3,173029.34,0.0,0.0,0.0,0.0,0.0,0.0,-0.0,0.0,0.0,0.0,0.0,0.0,325.56,-1.54,45.78,13.68,47.32,45.05,5.20,35733.2,0.0000e+00,3.601e+03,1.410e+00,0.000,0.0000,
23500.0,235.000,36.10,71.50,70009.423,69774.423,24.409,156.5,3.038e+00,5.391e-06,24.210,22.741,891.5,1.000e+05,0.000,251.822,156.5,3.038e+00,5.391e-06,0.0,5.391e-06,5.391e-06,5.391e-06,0.0,0.00,891.5,172608.61,0.0,0.0,0.0,0.0,0.0,0.0,-0.0,0.0,0.0,0.0,0.0,0.0,325.56,-1.54,40.74,14.05,50.22,45.05,5.20,35733.2,0.0000e+00,3.601e+03,1.410e+00,0.000,0.0000,
24000.0,240.000,36.40,72.00,69990.612,69750.612,24.425,155.8,2.476e+00,4.412e-06,24.329,23.223,889.5,1.000e+05,0.000,258.046,155.8,2.476e+00,4.412e-06,0.0,4.412e-06,4.412e-06,4.412e-06,0.0,0.00,889.5,172185.23,0.0,0.0,0.0,0.0,0.0,0.0,0.0,0.0,0.0,0.0,0.0,0.0,325.56,-1.54,35.70,14.42,53.42,45.05,5.20,35733.2,0.0000e+00,3.602e+03,1.410e+00,0.000,0.0000,
24500.0,245.000,36.70,72.50,69971.748,69726.748,24.442,158.6,2.018e+00,3.532e-06,24.718,21.165,897.5,1.000e+05,0.000,267.225,158.6,2.018e+00,3.532e-06,0.0,3.532e-06,3.532e-06,3.532e-06,0.0,0.00,897.5,171759.25,0.0,0.0,0.0,0.0,0.0,0.0,-0.0,0.0,0.0,0.0,0.0,0.0,325.56,-1.54,30.67,14.79,56.86,45.05,5.20,35733.2,0.0000e+00,3.602e+03,1.410e+00,0.000,0.0000,
25000.0,250.000,37.00,73.00,69952.834,69702.834,24.458,160.9,1.652e+00,2.851e-06,25.179,25.337,903.8,1.000e+05,0.000,277.249,160.9,1.652e+00,2.851e-06,0.0,2.851e-06,2.851e-06,2.851e-06,0.0,0.00,903.8,171330.67,0.0,0.0,0.0,0.0,0.0,0.0,0.0,0.0,0.0,0.0,0.0,0.0,325.56,-1.54,25.63,15.16,60.49,45.05,5.20,35733.2,0.0000e+00,3.602e+03,1.410e+00,0.000,0.0000,
25500.0,255.000,37.30,73.50,69933.873,69678.873,24.474,155.0,1.350e+00,2.420e-06,23.929,27.384,887.0,1.000e+05,0.000,268.312,155.0,1.350e+00,2.420e-06,0.0,2.420e-06,2.420e-06,2.420e-06,0.0,0.00,887.0,170899.51,0.0,0.0,0.0,0.0,0.0,0.0,0.0,-0.0,0.0,0.0,0.0,0.0,325.56,-1.54,20.59,15.53,64.26,45.05,5.20,35733.2,0.0000e+00,3.601e+03,1.410e+00,0.000,0.0000,
26000.0,260.000,37.60,74.00,69914.867,69654.867,24.490,151.1,1.095e+00,2.010e-06,23.464,25.523,876.3,1.000e+05,0.000,268.025,151.1,1.095e+00,2.010e-06,0.0,2.010e-06,2.010e-06,2.010e-06,0.0,0.00,876.3,170465.81,0.0,0.0,0.0,0.0,0.0,0.0,0.0,-0.0,0.0,0.0,0.0,0.0,325.56,-1.54,15.55,15.90,68.15,45.05,5.20,35733.2,0.0000e+00,3.605e+03,1.410e+00,0.000,0.0000,
26500.0,265.000,37.90,74.50,69895.820,69630.820,24.507,151.3,8.847e-01,1.622e-06,23.513,21.201,876.8,1.000e+05,0.000,273.589,151.3,8.847e-01,1.622e-06,0.0,1.622e-06,1.622e-06,1.622e-06,0.0,0.00,876.8,170029.56,0.0,0.0,0.0,0.0,0.0,0.0,0.0,0.0,0.0,0.0,0.0,0.0,325.56,-1.54,10.51,16.27,72.13,45.05,5.20,35733.2,0.0000e+00,3.603e+03,1.410e+00,0.000,0.0000,
27000.0,270.000,38.20,75.00,69876.734,69606.734,24.523,159.6,7.188e-01,1.249e-06,24.378,18.259,900.7,1.000e+05,0.000,288.709,159.6,7.188e-01,1.249e-06,0.0,1.249e-06,1.249e-06,1.249e-06,0.0,0.00,900.7,169590.81,0.0,0.0,0.0,0.0,0.0,0.0,0.0,0.0,0.0,0.0,0.0,0.0,325.56,-1.54,5.48,16.63,76.16,45.04,5.20,35733.2,0.0000e+00,3.606e+03,1.410e+00,0.000,0.0000,
27500.0,275.000,38.50,75.50,69857.612,69582.612,24.539,159.4,5.889e-01,1.025e-06,24.581,33.568,900.3,1.000e+05,0.000,296.015,159.4,5.889e-01,1.025e-06,0.0,1.025e-06,1.025e-06,1.025e-06,0.0,0.00,900.3,169149.57,0.0,0.0,0.0,0.0,0.0,0.0,0.0,-0.0,0.0,0.0,0.0,0.0,325.56,-1.54,0.44,17.00,80.22,45.04,5.20,35733.2,0.0000e+00,3.606e+03,1.410e+00,0.000,0.0000,
28000.0,280.000,38.80,76.00,69838.456,69558.456,24.555,153.7,4.797e-01,8.646e-07,23.942,23.205,884.5,1.000e+05,0.000,293.235,153.7,4.797e-01,8.646e-07,0.0,8.646e-07,8.646e-07,8.646e-07,0.0,0.00,884.5,168705.85,0.0,0.0,0.0,0.0,0.0,0.0,0.0,-0.0,0.0,0.0,0.0,0.0,325.56,-1.54,355.40,17.37,84.30,45.04,5.20,35733.2,0.0000e+00,3.609e+03,1.410e+00,0.000,0.0000,
28500.0,285.000,39.10,76.50,69819.270,69534.270,24.572,153.2,3.895e-01,7.040e-07,24.063,25.460,883.2,1.000e+05,0.000,299.728,153.2,3.895e-01,7.040e-07,0.0,7.040e-07,7.040e-07,7.040e-07,0.0,0.00,883.2,168259.68,0.0,0.0,0.0,0.0,0.0,0.0,-0.0,-0.0,0.0,0.0,0.0,0.0,325.56,-1.54,350.36,17.74,88.38,45.04,5.20,35733.2,0.0000e+00,3.611e+03,1.410e+00,0.000,0.0000,
29000.0,290.000,39.40,77.00,69800.057,69510.057,24.588,159.5,3.170e-01,5.498e-07,24.361,18.824,901.6,1.000e+05,0.000,308.452,159.5,3.170e-01,5.498e-07,0.0,5.498e-07,5.498e-07,5.498e-07,0.0,0.00,901.6,167811.08,0.0,0.0,0.0,0.0,0.0,0.0,0.0,-0.0,0.0,0.0,0.0,0.0,325.56,-1.54,345.33,18.11,92.43,45.04,5.20,35733.2,0.0000e+00,3.614e+03,1.410e+00,0.000,0.0000,
29500.0,295.000,39.70,77.50,69780.819,69485.819,24.604,171.5,2.615e-01,4.218e-07,27.000,29.917,935.1,1.000e+05,0.000,347.061,171.5,2.615e-01,4.218e-07,0.0,4.218e-07,4.218e-07,4.218e-07,0.0,0.00,935.1,167360.06,0.0,0.0,0.0,0.0,0.0,0.0,-0.0,0.0,0.0,0.0,0.0,0.0,325.56,-1.54,340.29,18.48,96.45,45.04,5.20,35733.2,0.0000e+00,3.617e+03,1.410e+00,0.000,0.0000,
30000.0,300.000,40.00,78.00,69761.558,69461.558,24.621,181.4,2.179e-01,3.319e-07,28.240,13.574,962.2,1.000e+05,0.000,368.156,181.4,2.179e-01,3.319e-07,0.0,3.319e-07,3.319e-07,3.319e-07,0.0,0.00,962.2,166906.66,0.0,0.0,0.0,0.0,0.0,0.0,0.0,-0.0,0.0,0.0,0.0,0.0,325.56,-1.54,335.25,18.85,100.40,45.04,5.20,35733.2,0.0000e+00,3.620e+03,1.410e+00,0.000,0.0000,
30500.0,305.000,40.30,78.50,69742.278,69437.278,24.637,204.0,1.847e-01,2.498e-07,32.123,22.864,1021.0,1.000e+05,0.000,424.087,204.0,1.847e-01,2.498e-07,0.0,2.498e-07,2.498e-07,2.498e-07,0.0,0.00,1021.0,166450.88,0.0,0.0,0.0,0.0,0.0,0.0,0.0,0.0,0.0,0.0,0.0,0.0,325.56,-1.54,330.21,19.22,104.28,45.04,5.20,35733.2,0.0000e+00,3.625e+03,1.410e+00,0.000,0.0000,
31000.0,310.000,40.60,79.00,69722.982,69412.982,24.653,204.5,1.583e-01,2.132e-07,32.506,36.166,1023.2,1.000e+05,0.000,434.155,204.5,1.583e-01,2.132e-07,0.0,2.132e-07,2.132e-07,2.132e-07,0.0,0.00,1023.2,165992.76,0.0,0.0,0.0,0.0,0.0,0.0,-0.0,0.0,0.0,0.0,0.0,0.0,325.56,-1.54,325.17,19.59,108.06,45.04,5.20,35733.2,0.0000e+00,3.631e+03,1.410e+00,0.000,0.0000,
31500.0,315.000,40.90,79.50,69703.671,69388.671,24.670,199.1,1.353e-01,1.869e-07,31.117,39.587,1010.5,1.000e+05,0.000,420.488,199.1,1.353e-01,1.869e-07,0.0,1.869e-07,1.869e-07,1.869e-07,0.0,0.00,1010.5,165532.30,0.0,0.0,0.0,0.0,0.0,0.0,0.0,-0.0,0.0,0.0,0.0,0.0,325.56,-1.54,320.14,19.96,111.71,45.04,5.20,35733.2,0.0000e+00,3.637e+03,1.410e+00,0.000,0.0000,
32000.0,320.000,41.20,80.00,69684.350,69364.350,24.686,195.2,1.152e-01,1.619e-07,30.956,28.161,1001.5,1.000e+05,0.000,423.295,195.2,1.152e-01,1.619e-07,0.0,1.619e-07,1.619e-07,1.619e-07,0.0,0.00,1001.5,165069.53,0.0,0.0,0.0,0.0,0.0,0.0,-0.0,0.0,0.0,0.0,0.0,0.0,325.56,-1.54,315.10,20.33,115.21,45.04,5.20,35733.2,0.0000e+00,3.645e+03,1.410e+00,0.000,0.0000,
32500.0,325.000,41.50,80.50,69665.020,69340.020,24.702,195.7,9.803e-02,1.371e-07,31.014,32.150,1003.9,1.000e+05,0.000,429.088,195.7,9.803e-02,1.371e-07,0.0,1.371e-07,1.371e-07,1.371e-07,0.0,0.00,1003.9,164604.48,0.0,0.0,0.0,0.0,0.0,0.0,-0.0,0.0,0.0,0.0,0.0,0.0,325.56,-1.54,310.06,20.70,118.54,45.04,5.20,35733.2,0.0000e+00,3.652e+03,1.410e+00,0.000,0.0000,
33000.0,330.000,41.80,81.00,69645.685,69315.685,24.719,192.8,8.339e-02,1.182e-07,30.886,34.222,997.5,1.000e+05,0.000,432.309,192.8,8.339e-02,1.182e-07,0.0,1.182e-07,1.182e-07,1.182e-07,0.0,0.00,997.5,164137.15,0.0,0.0,0.0,0.0,0.0,0.0,-0.0,-0.0,0.0,0.0,0.0,0.0,325.57,-1.54,305.02,21.07,121.64,45.04,5.20,35733.2,0.0000e+00,3.660e+03,1.410e+00,0.000,0.0000,
33500.0,335.000,42.10,81.50,69626.346,69291.346,24.735,193.5,7.085e-02,9.972e-08,31.087,26.061,1000.9,1.000e+05,0.000,440.192,193.5,7.085e-02,9.972e-08,0.0,9.972e-08,9.972e-08,9.972e-08,0.0,0.00,1000.9,163667.57,0.0,0.0,0.0,0.0,0.0,0.0,-0.0,-0.0,0.0,0.0,0.0,0.0,325.57,-1.54,299.99,21.43,124.49,45.03,5.20,35733.2,0.0000e+00,3.671e+03,1.410e+00,0.000,0.0000,
34000.0,340.000,42.40,82.00,69607.007,69267.007,24.751,198.4,6.038e-02,8.265e-08,31.838,28.342,1015.0,1.000e+05,0.000,455.923,198.4,6.038e-02,8.265e-08,0.0,8.265e-08,8.265e-08,8.265e-08,0.0,0.00,1015.0,163195.76,0.0,0.0,0.0,0.0,0.0,0.0,-0.0,0.0,0.0,0.0,0.0,0.0,325.57,-1.54,294.95,21.80,127.04,45.03,5.20,35733.2,0.0000e+00,3.683e+03,1.410e+00,0.000,0.0000,
34500.0,345.000,42.70,82.50,69587.671,69242.671,24.768,202.5,5.167e-02,6.907e-08,32.408,27.317,1027.0,1.000e+05,0.000,469.128,202.5,5.167e-02,6.907e-08,0.0,6.907e-08,6.907e-08,6.907e-08,0.0,0.00,1027.0,162721.75,0.0,0.0,0.0,0.0,0.0,0.0,-0.0,-0.0,0.0,0.0,0.0,0.0,325.57,-1.54,289.91,22.17,129.25,45.03,5.20,35733.2,0.0000e+00,3.693e+03,1.410e+00,0.000,0.0000,
35000.0,350.000,43.00,83.00,69568.340,69218.340,24.784,207.6,4.440e-02,5.770e-08,33.269,28.068,1041.6,1.000e+05,0.000,486.643,207.6,4.440e-02,5.770e-08,0.0,5.770e-08,5.770e-08,5.770e-08,0.0,0.00,1041.6,162245.54,0.0,0.0,0.0,0.0,0.0,0.0,-0.0,-0.0,0.0,0.0,0.0,0.0,325.57,-1.54,284.87,22.54,131.07,45.03,5.20,35733.2,0.0000e+00,3.706e+03,1.410e+00,0.000,0.0000,
35500.0,355.000,43.30,83.50,69549.016,69194.016,24.800,230.1,3.844e-02,4.489e-08,35.066,18.628,1098.8,1.000e+05,0.000,517.980,230.1,3.844e-02,4.489e-08,0.0,4.489e-08,4.489e-08,4.489e-08,0.0,0.00,1098.8,161767.16,0.0,0.0,0.0,0.0,0.0,0.0,-0.0,-0.0,0.0,0.0,0.0,0.0,325.57,-1.54,279.83,22.91,132.46,45.03,5.20,35733.2,0.0000e+00,3.721e+03,1.410e+00,0.000,0.0000,
36000.0,360.000,43.60,84.00,69529.704,69169.704,24.816,232.5,3.368e-02,3.875e-08,38.202,26.370,1106.9,1.000e+05,0.000,569.358,232.5,3.368e-02,3.875e-08,0.0,3.875e-08,3.875e-08,3.875e-08,0.0,0.00,1106.9,161286.64,0.0,0.0,0.0,0.0,0.0,0.0,-0.0,-0.0,0.0,0.0,0.0,0.0,325.57,-1.54,274.80,23.28,133.38,45.03,5.20,35733.2,0.0000e+00,3.738e+03,1.410e+00,0.000,0.0000,
36500.0,365.000,43.90,84.50,69510.404,69145.404,24.833,247.9,2.962e-02,3.183e-08,40.552,23.846,1145.3,1.000e+05,0.000,609.584,247.9,2.962e-02,3.183e-08,0.0,3.183e-08,3.183e-08,3.183e-08,0.0,0.00,1145.3,160803.98,0.0,0.0,0.0,0.0,0.0,0.0,0.0,0.0,0.0,0.0,0.0,0.0,325.57,-1.54,269.76,23.65,133.80,45.03,5.20,35733.2,0.0000e+00,3.754e+03,1.410e+00,0.000,0.0000,
37000.0,370.000,44.20,85.00,69491.120,69121.120,24.849,264.1,2.628e-02,2.640e-08,43.304,30.282,1184.8,1.000e+05,0.000,656.131,264.1,2.628e-02,2.640e-08,0.0,2.640e-08,2.640e-08,2.640e-08,0.0,0.00,1184.8,160319.21,0.0,0.0,0.0,0.0,0.0,0.0,-0.0,-0.0,0.0,0.0,0.0,0.0,325.57,-1.54,264.72,0.02,133.73,45.03,5.20,35733.2,0.0000e+00,3.769e+03,1.410e+00,0.000,0.0000,
37500.0,375.000,44.50,85.50,69471.855,69096.855,24.865,274.8,2.348e-02,2.257e-08,44.753,32.723,1211.0,1.000e+05,0.000,683.147,274.8,2.348e-02,2.257e-08,0.0,2.257e-08,2.257e-08,2.257e-08,0.0,0.00,1211.0,159832.35,0.0,0.0,0.0,0.0,0.0,0.0,-0.0,-0.0,0.0,0.0,0.0,0.0,325.57,-1.54,259.68,0.39,133.16,45.03,5.20,35733.2,0.0000e+00,3.785e+03,1.410e+00,0.000,0.0000,
38000.0,380.000,44.80,86.00,69452.611,69072.611,24.881,289.3,2.107e-02,1.917e-08,46.654,30.170,1245.1,1.000e+05,0.000,717.192,289.3,2.107e-02,1.917e-08,0.0,1.917e-08,1.917e-08,1.917e-08,0.0,0.00,1245.1,159343.43,0.0,0.0,0.0,0.0,0.0,0.0,-0.0,0.0,0.0,0.0,0.0,0.0,325.57,-1.54,254.65,0.76,132.13,45.03,5.20,35733.2,0.0000e+00,3.801e+03,1.410e+00,0.000,0.0000,
38500.0,385.000,45.10,86.50,69433.390,69048.390,24.897,306.9,1.904e-02,1.627e-08,51.900,27.590,1284.9,1.000e+05,0.000,803.095,306.9,1.904e-02,1.627e-08,0.0,1.627e-08,1.627e-08,1.627e-08,0.0,0.00,1284.9,158852.45,0.0,0.0,0.0,0.0,0.0,0.0,-0.0,-0.0,0.0,0.0,0.0,0.0,325.57,-1.54,249.61,1.13,130.66,45.03,5.20,35733.2,0.0000e+00,3.815e+03,1.410e+00,0.000,0.0000,
39000.0,390.000,45.40,87.00,69414.196,69024.196,24.913,331.7,1.734e-02,1.364e-08,56.091,30.243,1338.7,1.000e+05,0.000,873.216,331.7,1.734e-02,1.364e-08,0.0,1.364e-08,1.364e-08,1.364e-08,0.0,0.00,1338.7,158359.44,0.0,0.0,0.0,0.0,0.0,0.0,0.0,-0.0,0.0,0.0,0.0,0.0,325.57,-1.54,244.57,1.50,128.81,45.03,5.20,35733.2,0.0000e+00,3.832e+03,1.410e+00,0.000,0.0000,
39500.0,395.000,45.70,87.50,69395.031,69000.031,24.929,354.3,1.589e-02,1.166e-08,58.989,33.708,1386.4,1.000e+05,0.000,923.469,354.3,1.589e-02,1.166e-08,0.0,1.166e-08,1.166e-08,1.166e-08,0.0,0.00,1386.4,157864.41,0.0,0.0,0.0,0.0,0.0,0.0,0.0,0.0,0.0,0.0,0.0,0.0,325.57,-1.54,239.53,1.86,126.62,45.03,5.20,35733.2,0.0000e+00,3.848e+03,1.410e+00,0.000,0.0000,
40000.0,400.000,46.00,88.00,69375.897,68975.897,24.945,369.4,1.463e-02,1.026e-08,61.767,42.794,1418.5,1.000e+05,0.000,972.047,369.4,1.463e-02,1.026e-08,0.0,1.026e-08,1.026e-08,1.026e-08,0.0,0.00,1418.5,157367.40,0.0,0.0,0.0,0.0,0.0,0.0,-0.0,0.0,0.0,0.0,0.0,0.0,325.57,-1.54,234.49,2.23,124.14,45.03,5.20,35733.2,0.0000e+00,3.863e+03,1.410e+00,0.000,0.0000,
40500.0,405.000,46.30,88.50,69356.798,68951.798,24.961,375.9,1.351e-02,9.282e-09,62.616,52.421,1432.5,1.000e+05,0.000,990.425,375.9,1.351e-02,9.282e-09,0.0,9.282e-09,9.282e-09,9.282e-09,0.0,0.00,1432.5,156868.41,0.0,0.0,0.0,0.0,0.0,0.0,-0.0,0.0,0.0,0.0,0.0,0.0,325.57,-1.54,229.46,2.60,121.43,45.02,5.20,35733.2,0.0000e+00,3.871e+03,1.410e+00,0.000,0.0000,
41000.0,410.000,46.60,89.00,69337.735,68927.735,24.977,379.2,1.249e-02,8.486e-09,63.910,54.705,1440.8,1.000e+05,0.000,1015.879,379.2,1.249e-02,8.486e-09,0.0,8.486e-09,8.486e-09,8.486e-09,0.0,0.00,1440.8,156367.47,0.0,0.0,0.0,0.0,0.0,0.0,0.0,-0.0,0.0,0.0,0.0,0.0,325.57,-1.54,224.42,2.97,118.52,45.02,5.20,35733.2,0.0000e+00,3.883e+03,1.410e+00,0.000,0.0000,
41500.0,415.000,46.90,89.50,69318.711,68903.711,24.993,384.3,1.156e-02,7.729e-09,65.662,50.325,1452.2,1.000e+05,0.000,1048.823,384.3,1.156e-02,7.729e-09,0.0,7.729e-09,7.729e-09,7.729e-09,0.0,0.00,1452.2,155864.60,0.0,0.0,0.0,0.0,0.0,0.0,-0.0,0.0,0.0,0.0,0.0,0.0,325.57,-1.54,219.38,3.34,115.45,45.02,5.20,35733.2,0.0000e+00,3.892e+03,1.410e+00,0.000,0.0000,
42000.0,420.000,47.20,90.00,69299.729,68879.729,25.009,393.2,1.072e-02,6.984e-09,67.167,47.965,1471.1,1.000e+05,0.000,1077.940,393.2,1.072e-02,6.984e-09,0.0,6.984e-09,6.984e-09,6.984e-09,0.0,0.00,1471.1,155359.81,0.0,0.0,0.0,0.0,0.0,0.0,-0.0,0.0,0.0,0.0,0.0,0.0,325.57,-1.54,214.34,3.71,112.26,45.02,5.20,35733.2,0.0000e+00,3.904e+03,1.410e+00,0.000,0.0000,
42500.0,425.000,47.50,90.50,69280.792,68855.792,25.024,405.7,9.958e-03,6.271e-09,68.444,45.169,1496.4,1.000e+05,0.000,1103.477,405.7,9.958e-03,6.271e-09,0.0,6.271e-09,6.271e-09,6.271e-09,0.0,0.00,1496.4,154853.12,0.0,0.0,0.0,0.0,0.0,0.0,0.0,-0.0,0.0,0.0,0.0,0.0,325.57,-1.54,209.31,4.08,108.98,45.02,5.20,35733.2,0.0000e+00,3.914e+03,1.410e+00,0.000,0.0000,
43000.0,430.000,47.80,91.00,69261.901,68831.901,25.040,424.2,9.276e-03,5.572e-09,71.467,41.198,1532.0,1.000e+05,0.000,1157.286,424.2,9.276e-03,5.572e-09,0.0,5.572e-09,5.572e-09,5.572e-09,0.0,0.00,1532.0,154344.56,0.0,0.0,0.0,0.0,0.0,0.0,0.0,-0.0,0.0,0.0,0.0,0.0,325.57,-1.54,204.27,4.45,105.63,45.02,5.20,35733.2,0.0000e+00,3.924e+03,1.410e+00,0.000,0.0000,
43500.0,435.000,48.10,91.50,69243.060,68808.060,25.056,451.9,8.674e-03,4.880e-09,75.255,36.989,1583.2,1.000e+05,0.000,1223.667,451.9,8.674e-03,4.880e-09,0.0,4.880e-09,4.880e-09,4.880e-09,0.0,0.00,1583.2,153834.15,0.0,0.0,0.0,0.0,0.0,0.0,-0.0,0.0,0.0,0.0,0.0,0.0,325.58,-1.54,199.23,4.82,102.25,45.02,5.20,35733.2,0.0000e+00,3.934e+03,1.410e+00,0.000,0.0000,
44000.0,440.000,48.40,92.00,69224.270,68784.270,25.071,483.0,8.151e-03,4.278e-09,84.666,42.055,1639.0,1.000e+05,0.000,1381.972,483.0,8.151e-03,4.278e-09,0.0,4.278e-09,4.278e-09,4.278e-09,0.0,0.00,1639.0,153321.90,0.0,0.0,0.0,0.0,0.0,0.0,0.0,-0.0,0.0,0.0,0.0,0.0,325.58,-1.54,194.19,5.19,98.85,45.02,5.20,35733.2,0.0000e+00,3.945e+03,1.410e+00,0.000,0.0000,
44500.0,445.000,48.70,92.50,69205.535,68760.535,25.087,508.3,7.688e-03,3.824e-09,88.333,54.684,1683.6,1.000e+05,0.000,1446.991,508.3,7.688e-03,3.824e-09,0.0,3.824e-09,3.824e-09,3.824e-09,0.0,0.00,1683.6,152807.82,0.0,0.0,0.0,0.0,0.0,0.0,-0.0,-0.0,0.0,0.0,0.0,0.0,325.58,-1.54,189.15,5.56,95.45,45.02,5.20,35733.2,0.0000e+00,3.955e+03,1.410e+00,0.000,0.0000,
45000.0,450.000,49.00,93.00,69186.856,68736.856,25.102,522.5,7.269e-03,3.508e-09,90.641,64.248,1709.2,1.000e+05,0.000,1489.876,522.5,7.269e-03,3.508e-09,0.0,3.508e-09,3.508e-09,3.508e-09,0.0,0.00,1709.2,152291.95,0.0,0.0,0.0,0.0,0.0,0.0,-0.0,0.0,0.0,0.0,0.0,0.0,325.58,-1.54,184.12,5.93,92.08,45.02,5.20,35733.2,0.0000e+00,3.966e+03,1.410e+00,0.000,0.0000,
45500.0,455.000,49.30,93.50,69168.237,68713.237,25.117,530.9,6.881e-03,3.262e-09,91.925,73.917,1724.6,1.000e+05,0.000,1516.011,530.9,6.881e-03,3.262e-09,0.0,3.262e-09,3.262e-09,3.262e-09,0.0,0.00,1724.6,151774.30,0.0,0.0,0.0,0.0,0.0,0.0,0.0,0.0,0.0,0.0,0.0,0.0,325.58,-1.54,179.08,6.29,88.76,45.02,5.20,35733.2,0.0000e+00,3.973e+03,1.410e+00,0.000,0.0000,
46000.0,460.000,49.60,94.00,69149.680,68689.680,25.133,535.5,6.519e-03,3.060e-09,92.498,80.248,1733.2,1.000e+05,0.000,1530.469,535.5,6.519e-03,3.060e-09,0.0,3.060e-09,3.060e-09,3.060e-09,0.0,0.00,1733.2,151254.89,0.0,0.0,0.0,0.0,0.0,0.0,-0.0,0.0,0.0,0.0,0.0,0.0,325.58,-1.54,174.04,6.66,85.50,45.02,5.20,35733.2,0.0000e+00,3.978e+03,1.410e+00,0.000,0.0000,
46500.0,465.000,49.90,94.50,69131.186,68666.186,25.148,538.3,6.178e-03,2.880e-09,93.492,83.380,1739.2,1.000e+05,0.000,1551.935,538.3,6.178e-03,2.880e-09,0.0,2.880e-09,2.880e-09,2.880e-09,0.0,0.00,1739.2,150733.73,0.0,0.0,0.0,0.0,0.0,0.0,-0.0,-0.0,0.0,0.0,0.0,0.0,325.58,-1.54,169.00,7.03,82.33,45.02,5.20,35733.2,0.0000e+00,3.985e+03,1.410e+00,0.000,0.0000,
47000.0,470.000,50.20,95.00,69112.759,68642.759,25.163,539.4,5.857e-03,2.722e-09,93.989,94.830,1741.9,1.000e+05,0.000,1565.200,539.4,5.857e-03,2.722e-09,0.0,2.722e-09,2.722e-09,2.722e-09,0.0,0.00,1741.9,150210.85,0.0,0.0,0.0,0.0,0.0,0.0,0.0,-0.0,0.0,0.0,0.0,0.0,325.58,-1.54,163.97,7.40,79.26,45.01,5.20,35733.2,0.0000e+00,3.990e+03,1.410e+00,0.000,0.0000,
47500.0,475.000,50.50,95.50,69094.401,68619.401,25.178,538.1,5.554e-03,2.583e-09,93.768,97.988,1741.2,1.000e+05,0.000,1566.505,538.1,5.554e-03,2.583e-09,0.0,2.583e-09,2.583e-09,2.583e-09,0.0,0.00,1741.2,149686.27,0.0,0.0,0.0,0.0,0.0,0.0,-0.0,-0.0,0.0,0.0,0.0,0.0,325.58,-1.54,158.93,7.77,76.32,45.01,5.20,35733.2,0.0000e+00,3.996e+03,1.410e+00,0.000,0.0000,
48000.0,480.000,50.80,96.00,69076.114,68596.114,25.193,535.8,5.265e-03,2.455e-09,93.525,99.372,1739.1,1.000e+05,0.000,1567.439,535.8,5.265e-03,2.455e-09,0.0,2.455e-09,2.455e-09,2.455e-09,0.0,0.00,1739.1,149160.00,0.0,0.0,0.0,0.0,0.0,0.0,0.0,-0.0,0.0,0.0,0.0,0.0,325.58,-1.54,153.89,8.14,73.54,45.01,5.20,35733.2,0.0000e+00,4.003e+03,1.410e+00,0.000,0.0000,
48500.0,485.000,51.10,96.50,69057.901,68572.901,25.208,534.0,4.991e-03,2.332e-09,93.390,94.070,1737.2,1.000e+05,0.000,1570.178,534.0,4.991e-03,2.332e-09,0.0,2.332e-09,2.332e-09,2.332e-09,0.0,0.00,1737.2,148632.06,0.0,0.0,0.0,0.0,0.0,0.0,0.0,-0.0,0.0,0.0,0.0,0.0,325.58,-1.54,148.85,8.51,70.93,45.01,5.20,35733.2,0.0000e+00,4.008e+03,1.410e+00,0.000,0.0000,
49000.0,490.000,51.40,97.00,69039.763,68549.763,25.223,535.4,4.731e-03,2.201e-09,93.671,80.727,1740.8,1.000e+05,0.000,1579.903,535.4,4.731e-03,2.201e-09,0.0,2.201e-09,2.201e-09,2.201e-09,0.0,0.00,1740.8,148102.47,0.0,0.0,0.0,0.0,0.0,0.0,-0.0,0.0,0.0,0.0,0.0,0.0,325.58,-1.54,143.81,8.88,68.51,45.01,5.20,35733.2,0.0000e+00,4.014e+03,1.410e+00,0.000,0.0000,
49500.0,495.000,51.70,97.50,69021.704,68526.704,25.238,539.5,4.487e-03,2.069e-09,94.643,80.586,1748.7,1.000e+05,0.000,1601.314,539.5,4.487e-03,2.069e-09,0.0,2.069e-09,2.069e-09,2.069e-09,0.0,0.00,1748.7,147571.25,0.0,0.0,0.0,0.0,0.0,0.0,-0.0,-0.0,0.0,0.0,0.0,0.0,325.58,-1.54,138.78,9.25,66.33,45.01,5.20,35733.2,0.0000e+00,4.020e+03,1.410e+00,0.000,0.0000,
50000.0,500.000,52.00,98.00,69003.726,68503.726,25.253,546.2,4.257e-03,1.936e-09,95.272,73.519,1760.8,1.000e+05,0.000,1616.970,546.2,4.257e-03,1.936e-09,0.0,1.936e-09,1.936e-09,1.936e-09,0.0,0.00,1760.8,147038.42,0.0,0.0,0.0,0.0,0.0,0.0,0.0,0.0,0.0,0.0,0.0,0.0,325.58,-1.54,133.74,9.62,64.39,45.01,5.20,35733.2,0.0000e+00,4.026e+03,1.410e+00,0.000,0.0000,
50500.0,505.000,52.30,98.50,68985.830,68480.830,25.267,555.5,4.042e-03,1.806e-09,96.665,71.893,1776.3,1.000e+05,0.000,1645.625,555.5,4.042e-03,1.806e-09,0.0,1.806e-09,1.806e-09,1.806e-09,0.0,0.00,1776.3,146503.99,0.0,0.0,0.0,0.0,0.0,0.0,-0.0,-0.0,0.0,0.0,0.0,0.0,325.58,-1.54,128.70,9.99,62.73,45.01,5.20,35733.2,0.0000e+00,4.028e+03,1.410e+00,0.000,0.0000,
51000.0,510.000,52.60,99.00,68968.020,68458.020,25.282,566.6,3.842e-03,1.682e-09,100.933,68.342,1794.8,1.000e+05,0.000,1723.393,566.6,3.842e-03,1.682e-09,0.0,1.682e-09,1.682e-09,1.682e-09,0.0,0.00,1794.8,145967.99,0.0,0.0,0.0,0.0,0.0,0.0,-0.0,-0.0,0.0,0.0,0.0,0.0,325.58,-1.54,123.66,10.36,61.36,45.01,5.20,35733.2,0.0000e+00,4.032e+03,1.410e+00,0.000,0.0000,
51500.0,515.000,52.90,99.50,68950.297,68435.297,25.297,579.8,3.657e-03,1.563e-09,102.751,67.113,1816.5,1.000e+05,0.000,1759.506,579.8,3.657e-03,1.563e-09,0.0,1.563e-09,1.563e-09,1.563e-09,0.0,0.00,1816.5,145430.42,0.0,0.0,0.0,0.0,0.0,0.0,0.0,-0.0,0.0,0.0,0.0,0.0,325.58,-1.54,118.62,10.73,60.32,45.01,5.20,35733.2,0.0000e+00,4.036e+03,1.410e+00,0.000,0.0000,
52000.0,520.000,53.20,100.00,68932.664,68412.664,25.311,594.4,3.485e-03,1.451e-09,105.591,68.472,1840.1,1.000e+05,0.000,1813.232,594.4,3.485e-03,1.451e-09,0.0,1.451e-09,1.451e-09,1.451e-09,0.0,0.00,1840.1,144891.32,0.0,0.0,0.0,0.0,0.0,0.0,-0.0,-0.0,0.0,0.0,0.0,0.0,325.58,-1.54,113.59,11.09,59.60,45.01,5.20,35733.2,0.0000e+00,4.040e+03,1.410e+00,0.000,0.0000,
52500.0,525.000,53.50,100.50,68915.123,68390.123,25.325,608.6,3.324e-03,1.351e-09,107.050,71.870,1862.9,1.000e+05,0.000,1843.330,608.6,3.324e-03,1.351e-09,0.0,1.351e-09,1.351e-09,1.351e-09,0.0,0.00,1862.9,144350.70,0.0,0.0,0.0,0.0,0.0,0.0,-0.0,0.0,0.0,0.0,0.0,0.0,325.58,-1.54,108.55,11.46,59.22,45.01,5.20,35733.2,0.0000e+00,4.044e+03,1.410e+00,0.000,0.0000,
53000.0,530.000,53.80,101.00,68897.676,68367.676,25.339,621.0,3.175e-03,1.263e-09,110.306,77.136,1882.7,1.000e+05,0.000,1904.482,621.0,3.175e-03,1.263e-09,0.0,1.263e-09,1.263e-09,1.263e-09,0.0,0.00,1882.7,143808.57,0.0,0.0,0.0,0.0,0.0,0.0,0.0,0.0,0.0,0.0,0.0,0.0,325.58,-1.54,103.51,11.83,59.18,45.01,5.20,35733.2,0.0000e+00,4.048e+03,1.410e+00,0.000,0.0000,
53500.0,535.000,54.10,101.50,68880.326,68345.326,25.354,631.7,3.035e-03,1.185e-09,111.947,80.452,1900.1,1.000e+05,0.000,1937.834,631.7,3.035e-03,1.185e-09,0.0,1.185e-09,1.185e-09,1.185e-09,0.0,0.00,1900.1,143264.96,0.0,0.0,0.0,0.0,0.0,0.0,-0.0,-0.0,0.0,0.0,0.0,0.0,325.58,-1.54,98.47,12.20,59.48,45.01,5.20,35733.2,0.0000e+00,4.053e+03,1.410e+00,0.000,0.0000,
54000.0,540.000,54.40,102.00,68863.074,68323.074,25.368,642.5,2.904e-03,1.114e-09,113.564,81.267,1916.8,1.000e+05,0.000,1970.857,642.5,2.904e-03,1.114e-09,0.0,1.114e-09,1.114e-09,1.114e-09,0.0,0.00,1916.8,142719.87,0.0,0.0,0.0,0.0,0.0,0.0,0.0,0.0,0.0,0.0,0.0,0.0,325.59,-1.54,93.44,12.57,60.11,45.00,5.20,35733.2,0.0000e+00,4.056e+03,1.410e+00,0.000,0.0000,
54500.0,545.000,54.70,102.50,68845.923,68300.923,25.382,650.4,2.780e-03,1.053e-09,115.051,89.910,1929.6,1.000e+05,0.000,2001.682,650.4,2.780e-03,1.053e-09,0.0,1.053e-09,1.053e-09,1.053e-09,0.0,0.00,1929.6,142173.34,0.0,0.0,0.0,0.0,0.0,0.0,0.0,-0.0,0.0,0.0,0.0,0.0,325.59,-1.54,88.40,12.94,61.05,45.00,5.20,35733.2,0.0000e+00,4.060e+03,1.410e+00,0.000,0.0000,
55000.0,550.000,55.00,103.00,68828.875,68278.875,25.395,656.0,2.663e-03,9.990e-10,116.098,96.142,1938.7,1.000e+05,0.000,2024.897,656.0,2.663e-03,9.990e-10,0.0,9.990e-10,9.990e-10,9.990e-10,0.0,0.00,1938.7,141625.37,0.0,0.0,0.0,0.0,0.0,0.0,-0.0,-0.0,0.0,0.0,0.0,0.0,325.59,-1.54,83.36,13.31,62.27,45.00,5.20,35733.2,0.0000e+00,4.063e+03,1.410e+00,0.000,0.0000,
55500.0,555.000,55.30,103.50,68811.932,68256.932,25.409,660.5,2.551e-03,9.502e-10,117.864,103.114,1945.6,1.000e+05,0.000,2060.760,660.5,2.551e-03,9.502e-10,0.0,9.502e-10,9.502e-10,9.502e-10,0.0,0.00,1945.6,141075.99,0.0,0.0,0.0,0.0,0.0,0.0,0.0,0.0,0.0,0.0,0.0,0.0,325.59,-1.54,78.32,13.68,63.76,45.00,5.20,35733.2,0.0000e+00,4.065e+03,1.410e+00,0.000,0.0000,
56000.0,560.000,55.60,104.00,68795.096,68235.096,25.423,664.0,2.445e-03,9.054e-10,118.535,106.709,1951.3,1.000e+05,0.000,2077.524,664.0,2.445e-03,9.054e-10,0.0,9.054e-10,9.054e-10,9.054e-10,0.0,0.00,1951.3,140525.21,0.0,0.0,0.0,0.0,0.0,0.0,-0.0,-0.0,0.0,0.0,0.0,0.0,325.59,-1.54,73.28,14.05,65.48,45.00,5.20,35733.2,0.0000e+00,4.067e+03,1.410e+00,0.000,0.0000,
56500.0,565.000,55.90,104.50,68778.370,68213.370,25.436,666.5,2.344e-03,8.642e-10,118.098,109.068,1955.6,1.000e+05,0.000,2074.855,666.5,2.344e-03,8.642e-10,0.0,8.642e-10,8.642e-10,8.642e-10,0.0,0.00,1955.6,139973.05,0.0,0.0,0.0,0.0,0.0,0.0,0.0,-0.0,0.0,0.0,0.0,0.0,325.59,-1.54,68.25,14.42,67.41,45.00,5.20,35733.2,0.0000e+00,4.070e+03,1.410e+00,0.000,0.0000,
57000.0,570.000,56.20,105.00,68761.755,68191.755,25.450,668.4,2.247e-03,8.257e-10,119.165,112.043,1958.8,1.000e+05,0.000,2098.629,668.4,2.247e-03,8.257e-10,0.0,8.257e-10,8.257e-10,8.257e-10,0.0,0.00,1958.8,139419.52,0.0,0.0,0.0,0.0,0.0,0.0,-0.0,-0.0,0.0,0.0,0.0,0.0,325.59,-1.54,63.21,14.79,69.52,45.00,5.20,35733.2,0.0000e+00,4.071e+03,1.410e+00,0.000,0.0000,
57500.0,575.000,56.50,105.50,68745.253,68170.253,25.463,669.6,2.155e-03,7.899e-10,120.277,113.666,1961.3,1.000e+05,0.000,2123.239,669.6,2.155e-03,7.899e-10,0.0,7.899e-10,7.899e-10,7.899e-10,0.0,0.00,1961.3,138864.65,0.0,0.0,0.0,0.0,0.0,0.0,-0.0,0.0,0.0,0.0,0.0,0.0,325.59,-1.54,58.17,15.16,71.78,45.00,5.20,35733.2,0.0000e+00,4.074e+03,1.410e+00,0.000,0.0000,
58000.0,580.000,56.80,106.00,68728.867,68148.867,25.476,670.3,2.067e-03,7.563e-10,119.154,116.661,1963.0,1.000e+05,0.000,2108.384,670.3,2.067e-03,7.563e-10,0.0,7.563e-10,7.563e-10,7.563e-10,0.0,0.00,1963.0,138308.45,0.0,0.0,0.0,0.0,0.0,0.0,-0.0,-0.0,0.0,0.0,0.0,0.0,325.59,-1.54,53.13,15.52,74.16,45.00,5.20,35733.2,0.0000e+00,4.077e+03,1.410e+00,0.000,0.0000,
58500.0,585.000,57.10,106.50,68712.599,68127.599,25.490,670.6,1.982e-03,7.247e-10,119.355,117.504,1963.7,1.000e+05,0.000,2116.952,670.6,1.982e-03,7.247e-10,0.0,7.247e-10,7.247e-10,7.247e-10,0.0,0.00,1963.7,137750.93,0.0,0.0,0.0,0.0,0.0,0.0,-0.0,0.0,0.0,0.0,0.0,0.0,325.59,-1.54,48.10,15.89,76.64,45.00,5.20,35733.2,0.0000e+00,4.079e+03,1.410e+00,0.000,0.0000,
59000.0,590.000,57.40,107.00,68696.450,68106.450,25.503,670.5,1.901e-03,6.947e-10,119.481,118.814,1964.1,1.000e+05,0.000,2124.183,670.5,1.901e-03,6.947e-10,0.0,6.947e-10,6.947e-10,6.947e-10,0.0,0.00,1964.1,137192.13,0.0,0.0,0.0,0.0,0.0,0.0,-0.0,0.0,0.0,0.0,0.0,0.0,325.59,-1.54,43.06,16.26,79.20,45.00,5.20,35733.2,0.0000e+00,4.080e+03,1.410e+00,0.000,0.0000,
59500.0,595.000,57.70,107.50,68680.423,68085.423,25.516,670.3,1.823e-03,6.662e-10,120.331,119.621,1964.3,1.000e+05,0.000,2144.310,670.3,1.823e-03,6.662e-10,0.0,6.662e-10,6.662e-10,6.662e-10,0.0,0.00,1964.3,136632.04,0.0,0.0,0.0,0.0,0.0,0.0,-0.0,0.0,0.0,0.0,0.0,0.0,325.59,-1.54,38.02,16.63,81.81,45.00,5.20,35733.2,0.0000e+00,4.083e+03,1.410e+00,0.000,0.0000,
60000.0,600.000,58.00,108.00,68664.520,68064.520,25.528,669.9,1.748e-03,6.390e-10,119.112,120.143,1964.1,1.000e+05,0.000,2127.573,669.9,1.748e-03,6.390e-10,0.0,6.390e-10,6.390e-10,6.390e-10,0.0,0.00,1964.1,136070.69,0.0,0.0,0.0,0.0,0.0,0.0,-0.0,-0.0,0.0,0.0,0.0,0.0,325.59,-1.54,32.98,17.00,84.44,45.00,5.20,35733.2,0.0000e+00,4.084e+03,1.410e+00,0.000,0.0000,
60500.0,605.000,58.30,108.50,68648.742,68043.742,25.541,669.6,1.677e-03,6.129e-10,120.040,119.655,1964.2,1.000e+05,0.000,2149.149,669.6,1.677e-03,6.129e-10,0.0,6.129e-10,6.129e-10,6.129e-10,0.0,0.00,1964.2,135508.10,0.0,0.0,0.0,0.0,0.0,0.0,-0.0,0.0,0.0,0.0,0.0,0.0,325.59,-1.54,27.94,17.37,87.09,44.99,5.20,35733.2,0.0000e+00,4.086e+03,1.410e+00,0.000,0.0000,
61000.0,610.000,58.60,109.00,68633.091,68023.091,25.554,669.3,1.609e-03,5.878e-10,121.256,119.795,1964.6,1.000e+05,0.000,2175.933,669.3,1.609e-03,5.878e-10,0.0,5.878e-10,5.878e-10,5.878e-10,0.0,0.00,1964.6,134944.27,0.0,0.0,0.0,0.0,0.0,0.0,0.0,0.0,0.0,0.0,0.0,0.0,325.59,-1.54,22.91,17.74,89.72,44.99,5.20,35733.2,0.0000e+00,4.090e+03,1.410e+00,0.000,0.0000,
61500.0,615.000,58.90,109.50,68617.571,68002.571,25.566,671.7,1.543e-03,5.617e-10,120.277,107.868,1968.1,1.000e+05,0.000,2163.407,671.7,1.543e-03,5.617e-10,0.0,5.617e-10,5.617e-10,5.617e-10,0.0,0.00,1968.1,134379.24,0.0,0.0,0.0,0.0,0.0,0.0,-0.0,0.0,0.0,0.0,0.0,0.0,325.59,-1.54,17.87,18.11,92.32,44.99,5.20,35733.2,0.0000e+00,4.090e+03,1.410e+00,0.000,0.0000,
62000.0,620.000,59.20,110.00,68602.181,67982.181,25.578,674.5,1.480e-03,5.365e-10,122.176,116.880,1972.5,1.000e+05,0.000,2202.645,674.5,1.480e-03,5.365e-10,0.0,5.365e-10,5.365e-10,5.365e-10,0.0,0.00,1972.5,133813.01,0.0,0.0,0.0,0.0,0.0,0.0,0.0,0.0,0.0,0.0,0.0,0.0,325.59,-1.54,12.83,18.48,94.88,44.99,5.20,35733.2,0.0000e+00,4.091e+03,1.410e+00,0.000,0.0000,
62500.0,625.000,59.50,110.50,68586.925,67961.925,25.591,675.4,1.421e-03,5.139e-10,119.920,115.202,1974.3,1.000e+05,0.000,2166.894,675.4,1.421e-03,5.139e-10,0.0,5.139e-10,5.139e-10,5.139e-10,0.0,0.00,1974.3,133245.61,0.0,0.0,0.0,0.0,0.0,0.0,0.0,0.0,0.0,0.0,0.0,0.0,325.59,-1.54,7.79,18.85,97.36,44.99,5.20,35733.2,0.0000e+00,4.093e+03,1.410e+00,0.000,0.0000,
63000.0,630.000,59.80,111.00,68571.804,67941.804,25.603,676.6,1.363e-03,4.921e-10,122.004,114.452,1976.2,1.000e+05,0.000,2209.618,676.6,1.363e-03,4.921e-10,0.0,4.921e-10,4.921e-10,4.921e-10,0.0,0.00,1976.2,132677.04,0.0,0.0,0.0,0.0,0.0,0.0,0.0,0.0,0.0,0.0,0.0,0.0,325.59,-1.54,2.76,19.22,99.75,44.99,5.20,35733.2,0.0000e+00,4.093e+03,1.410e+00,0.000,0.0000,
63500.0,635.000,60.10,111.50,68556.820,67921.820,25.615,678.3,1.308e-03,4.710e-10,122.610,113.106,1979.1,1.000e+05,0.000,2225.617,678.3,1.308e-03,4.710e-10,0.0,4.710e-10,4.710e-10,4.710e-10,0.0,0.00,1979.1,132107.32,0.0,0.0,0.0,0.0,0.0,0.0,-0.0,0.0,0.0,0.0,0.0,0.0,325.59,-1.54,357.72,19.59,102.04,44.99,5.20,35733.2,0.0000e+00,4.096e+03,1.410e+00,0.000,0.0000,
64000.0,640.000,60.40,112.00,68541.975,67901.975,25.627,680.3,1.256e-03,4.506e-10,123.162,112.139,1982.7,1.000e+05,0.000,2240.642,680.3,1.256e-03,4.506e-10,0.0,4.506e-10,4.506e-10,4.506e-10,0.0,0.00,1982.7,131536.48,0.0,0.0,0.0,0.0,0.0,0.0,-0.0,0.0,0.0,0.0,0.0,0.0,325.59,-1.54,352.68,19.95,104.20,44.99,5.20,35733.2,0.0000e+00,4.098e+03,1.410e+00,0.000,0.0000,
64500.0,645.000,60.70,112.50,68527.271,67882.271,25.638,682.7,1.206e-03,4.308e-10,121.258,111.244,1986.5,1.000e+05,0.000,2210.957,682.7,1.206e-03,4.308e-10,0.0,4.308e-10,4.308e-10,4.308e-10,0.0,0.00,1986.5,130964.52,0.0,0.0,0.0,0.0,0.0,0.0,-0.0,-0.0,0.0,0.0,0.0,0.0,325.59,-1.54,347.64,20.32,106.22,44.99,5.20,35733.2,0.0000e+00,4.100e+03,1.410e+00,0.000,0.0000,
65000.0,650.000,61.00,113.00,68512.709,67862.709,25.650,685.6,1.158e-03,4.118e-10,124.625,110.195,1990.9,1.000e+05,0.000,2277.434,685.6,1.158e-03,4.118e-10,0.0,4.118e-10,4.118e-10,4.118e-10,0.0,0.00,1990.9,130391.47,0.0,0.0,0.0,0.0,0.0,0.0,0.0,-0.0,0.0,0.0,0.0,0.0,325.60,-1.54,342.60,20.69,108.08,44.99,5.20,35733.2,0.0000e+00,4.100e+03,1.410e+00,0.000,0.0000,
65500.0,655.000,61.30,113.50,68498.291,67843.291,25.661,688.9,1.112e-03,3.935e-10,123.247,109.048,1996.2,1.000e+05,0.000,2257.208,688.9,1.112e-03,3.935e-10,0.0,3.935e-10,3.935e-10,3.935e-10,0.0,0.00,1996.2,129817.33,0.0,0.0,0.0,0.0,0.0,0.0,-0.0,-0.0,0.0,0.0,0.0,0.0,325.60,-1.54,337.57,21.06,109.75,44.99,5.20,35733.2,0.0000e+00,4.102e+03,1.410e+00,0.000,0.0000,
66000.0,660.000,61.60,114.00,68484.020,67824.020,25.673,692.7,1.068e-03,3.757e-10,124.383,108.144,2001.9,1.000e+05,0.000,2283.049,692.7,1.068e-03,3.757e-10,0.0,3.757e-10,3.757e-10,3.757e-10,0.0,0.00,2001.9,129242.12,0.0,0.0,0.0,0.0,0.0,0.0,-0.0,0.0,0.0,0.0,0.0,0.0,325.60,-1.54,332.53,21.43,111.23,44.99,5.20,35733.2,0.0000e+00,4.103e+03,1.410e+00,0.000,0.0000,
66500.0,665.000,61.90,114.50,68469.896,67804.896,25.684,697.0,1.026e-03,3.587e-10,126.410,107.117,2008.6,1.000e+05,0.000,2325.277,697.0,1.026e-03,3.587e-10,0.0,3.587e-10,3.587e-10,3.587e-10,0.0,0.00,2008.6,128665.87,0.0,0.0,0.0,0.0,0.0,0.0,0.0,0.0,0.0,0.0,0.0,0.0,325.60,-1.54,327.49,21.80,112.50,44.99,5.20,35733.2,0.0000e+00,4.105e+03,1.410e+00,0.000,0.0000,
67000.0,670.000,62.20,115.00,68455.923,67785.923,25.695,701.8,9.862e-04,3.422e-10,125.230,106.391,2015.7,1.000e+05,0.000,2308.551,701.8,9.862e-04,3.422e-10,0.0,3.422e-10,3.422e-10,3.422e-10,0.0,0.00,2015.7,128088.58,0.0,0.0,0.0,0.0,0.0,0.0,0.0,-0.0,0.0,0.0,0.0,0.0,325.60,-1.54,322.45,22.17,113.54,44.99,5.20,35733.2,0.0000e+00,4.106e+03,1.410e+00,0.000,0.0000,
67500.0,675.000,62.50,115.50,68442.100,67767.100,25.706,707.0,9.480e-04,3.264e-10,127.199,105.298,2023.6,1.000e+05,0.000,2349.887,707.0,9.480e-04,3.264e-10,0.0,3.264e-10,3.264e-10,3.264e-10,0.0,0.00,2023.6,127510.28,0.0,0.0,0.0,0.0,0.0,0.0,-0.0,-0.0,0.0,0.0,0.0,0.0,325.60,-1.54,317.42,22.54,114.34,44.98,5.20,35733.2,0.0000e+00,4.108e+03,1.410e+00,0.000,0.0000,
68000.0,680.000,62.80,116.00,68428.430,67748.430,25.717,712.7,9.118e-04,3.113e-10,128.483,105.015,2032.3,1.000e+05,0.000,2378.609,712.7,9.118e-04,3.113e-10,0.0,3.113e-10,3.113e-10,3.113e-10,0.0,0.00,2032.3,126930.97,0.0,0.0,0.0,0.0,0.0,0.0,-0.0,-0.0,0.0,0.0,0.0,0.0,325.60,-1.54,312.38,22.91,114.91,44.98,5.20,35733.2,0.0000e+00,4.110e+03,1.410e+00,0.000,0.0000,
68500.0,685.000,63.10,116.50,68414.915,67729.915,25.728,719.1,8.771e-04,2.967e-10,129.301,104.123,2041.7,1.000e+05,0.000,2398.769,719.1,8.771e-04,2.967e-10,0.0,2.967e-10,2.967e-10,2.967e-10,0.0,0.00,2041.7,126350.67,0.0,0.0,0.0,0.0,0.0,0.0,-0.0,-0.0,0.0,0.0,0.0,0.0,325.60,-1.54,307.34,23.28,115.23,44.98,5.20,35733.2,0.0000e+00,4.111e+03,1.410e+00,0.000,0.0000,
69000.0,690.000,63.40,117.00,68401.557,67711.557,25.738,726.0,8.442e-04,2.828e-10,130.806,104.119,2051.6,1.000e+05,0.000,2431.699,726.0,8.442e-04,2.828e-10,0.0,2.828e-10,2.828e-10,2.828e-10,0.0,0.00,2051.6,125769.40,0.0,0.0,0.0,0.0,0.0,0.0,-0.0,-0.0,0.0,0.0,0.0,0.0,325.60,-1.54,302.30,23.65,115.31,44.98,5.20,35733.2,0.0000e+00,4.112e+03,1.410e+00,0.000,0.0000,
69500.0,695.000,63.70,117.50,68388.356,67693.356,25.749,733.2,8.127e-04,2.695e-10,131.787,103.487,2062.2,1.000e+05,0.000,2454.933,733.2,8.127e-04,2.695e-10,0.0,2.695e-10,2.695e-10,2.695e-10,0.0,0.00,2062.2,125187.17,0.0,0.0,0.0,0.0,0.0,0.0,0.0,0.0,0.0,0.0,0.0,0.0,325.60,-1.54,297.26,0.02,115.14,44.98,5.20,35733.2,0.0000e+00,4.113e+03,1.410e+00,0.000,0.0000,
70000.0,700.000,64.00,118.00,68375.316,67675.316,25.759,741.0,7.828e-04,2.568e-10,133.522,103.843,2073.2,1.000e+05,0.000,2492.273,741.0,7.828e-04,2.568e-10,0.0,2.568e-10,2.568e-10,2.568e-10,0.0,0.00,2073.2,124604.00,0.0,0.0,0.0,0.0,0.0,0.0,0.0,0.0,0.0,0.0,0.0,0.0,325.60,-1.54,292.23,0.38,114.74,44.98,5.20,35733.2,0.0000e+00,4.114e+03,1.410e+00,0.000,0.0000,
70500.0,705.000,64.30,118.50,68362.436,67657.436,25.769,749.2,7.542e-04,2.446e-10,134.661,102.653,2085.2,1.000e+05,0.000,2518.527,749.2,7.542e-04,2.446e-10,0.0,2.446e-10,2.446e-10,2.446e-10,0.0,0.00,2085.2,124019.90,0.0,0.0,0.0,0.0,0.0,0.0,0.0,0.0,0.0,0.0,0.0,0.0,325.60,-1.54,287.19,0.75,114.12,44.98,5.20,35733.2,0.0000e+00,4.116e+03,1.410e+00,0.000,0.0000,
71000.0,710.000,64.60,119.00,68349.719,67639.719,25.779,757.9,7.270e-04,2.330e-10,136.348,103.173,2097.5,1.000e+05,0.000,2555.087,757.9,7.270e-04,2.330e-10,0.0,2.330e-10,2.330e-10,2.330e-10,0.0,0.00,2097.5,123434.90,0.0,0.0,0.0,0.0,0.0,0.0,-0.0,-0.0,0.0,0.0,0.0,0.0,325.60,-1.54,282.15,1.12,113.28,44.98,5.20,35733.2,0.0000e+00,4.117e+03,1.410e+00,0.000,0.0000,
71500.0,715.000,64.90,119.50,68337.167,67622.167,25.789,766.9,7.012e-04,2.221e-10,137.911,104.456,2109.7,1.000e+05,0.000,2589.378,766.9,7.012e-04,2.221e-10,0.0,2.221e-10,2.221e-10,2.221e-10,0.0,0.00,2109.7,122848.99,0.0,0.0,0.0,0.0,0.0,0.0,0.0,-0.0,0.0,0.0,0.0,0.0,325.60,-1.54,277.11,1.49,112.26,44.98,5.20,35733.2,0.0000e+00,4.116e+03,1.410e+00,0.000,0.0000,
72000.0,720.000,65.20,120.00,68324.780,67604.780,25.799,776.1,6.764e-04,2.117e-10,141.477,105.473,2122.8,1.000e+05,0.000,2661.411,776.1,6.764e-04,2.117e-10,0.0,2.117e-10,2.117e-10,2.117e-10,0.0,0.00,2122.8,122262.21,0.0,0.0,0.0,0.0,0.0,0.0,0.0,-0.0,0.0,0.0,0.0,0.0,325.60,-1.54,272.08,1.86,111.06,44.98,5.20,35733.2,0.0000e+00,4.118e+03,1.410e+00,0.000,0.0000,
72500.0,725.000,65.50,120.50,68312.561,67587.561,25.809,785.4,6.529e-04,2.019e-10,142.907,106.245,2135.6,1.000e+05,0.000,2693.367,785.4,6.529e-04,2.019e-10,0.0,2.019e-10,2.019e-10,2.019e-10,0.0,0.00,2135.6,121674.55,0.0,0.0,0.0,0.0,0.0,0.0,0.0,0.0,0.0,0.0,0.0,0.0,325.60,-1.54,267.04,2.23,109.71,44.98,5.20,35733.2,0.0000e+00,4.118e+03,1.410e+00,0.000,0.0000,
73000.0,730.000,65.80,121.00,68300.511,67570.511,25.818,794.9,6.305e-04,1.926e-10,145.299,106.562,2148.6,1.000e+05,0.000,2743.515,794.9,6.305e-04,1.926e-10,0.0,1.926e-10,1.926e-10,1.926e-10,0.0,0.00,2148.6,121086.05,0.0,0.0,0.0,0.0,0.0,0.0,0.0,-0.0,0.0,0.0,0.0,0.0,325.60,-1.54,262.00,2.60,108.23,44.98,5.20,35733.2,0.0000e+00,4.119e+03,1.410e+00,0.000,0.0000,
73500.0,735.000,66.10,121.50,68288.632,67553.632,25.828,804.3,6.092e-04,1.838e-10,146.047,113.668,2161.8,1.000e+05,0.000,2762.659,804.3,6.092e-04,1.838e-10,0.0,1.838e-10,1.838e-10,1.838e-10,0.0,0.00,2161.8,120496.70,0.0,0.0,0.0,0.0,0.0,0.0,-0.0,-0.0,0.0,0.0,0.0,0.0,325.60,-1.54,256.96,2.97,106.63,44.98,5.20,35733.2,0.0000e+00,4.121e+03,1.410e+00,0.000,0.0000,
74000.0,740.000,66.40,122.00,68276.924,67536.924,25.837,812.0,5.887e-04,1.759e-10,148.134,116.614,2172.3,1.000e+05,0.000,2807.218,812.0,5.887e-04,1.759e-10,0.0,1.759e-10,1.759e-10,1.759e-10,0.0,0.00,2172.3,119906.54,0.0,0.0,0.0,0.0,0.0,0.0,0.0,0.0,0.0,0.0,0.0,0.0,325.60,-1.54,251.92,3.34,104.93,44.98,5.20,35733.2,0.0000e+00,4.122e+03,1.410e+00,0.000,0.0000,
74500.0,745.000,66.70,122.50,68265.390,67520.390,25.846,819.5,5.692e-04,1.685e-10,149.000,116.824,2182.2,1.000e+05,0.000,2828.639,819.5,5.692e-04,1.685e-10,0.0,1.685e-10,1.685e-10,1.685e-10,0.0,0.00,2182.2,119315.56,0.0,0.0,0.0,0.0,0.0,0.0,0.0,0.0,0.0,0.0,0.0,0.0,325.60,-1.54,246.89,3.71,103.17,44.97,5.20,35733.2,0.0000e+00,4.122e+03,1.410e+00,0.000,0.0000,
75000.0,750.000,67.00,123.00,68254.031,67504.031,25.855,826.6,5.504e-04,1.615e-10,150.104,120.937,2192.2,1.000e+05,0.000,2854.646,826.6,5.504e-04,1.615e-10,0.0,1.615e-10,1.615e-10,1.615e-10,0.0,0.00,2192.2,118723.79,0.0,0.0,0.0,0.0,0.0,0.0,-0.0,-0.0,0.0,0.0,0.0,0.0,325.60,-1.54,241.85,4.08,101.34,44.97,5.20,35733.2,0.0000e+00,4.123e+03,1.410e+00,0.000,0.0000,
75500.0,755.000,67.30,123.50,68242.848,67487.848,25.864,833.5,5.324e-04,1.550e-10,151.480,121.977,2201.0,1.000e+05,0.000,2885.835,833.5,5.324e-04,1.550e-10,0.0,1.550e-10,1.550e-10,1.550e-10,0.0,0.00,2201.0,118131.25,0.0,0.0,0.0,0.0,0.0,0.0,-0.0,-0.0,0.0,0.0,0.0,0.0,325.60,-1.54,236.81,4.45,99.49,44.97,5.20,35733.2,0.0000e+00,4.122e+03,1.410e+00,0.000,0.0000,
76000.0,760.000,67.60,124.00,68231.843,67471.843,25.872,840.0,5.152e-04,1.488e-10,152.852,123.104,2209.8,1.000e+05,0.000,2917.013,840.0,5.152e-04,1.488e-10,0.0,1.488e-10,1.488e-10,1.488e-10,0.0,0.00,2209.8,117537.93,0.0,0.0,0.0,0.0,0.0,0.0,-0.0,-0.0,0.0,0.0,0.0,0.0,325.61,-1.54,231.77,4.82,97.61,44.97,5.20,35733.2,0.0000e+00,4.123e+03,1.410e+00,0.000,0.0000,
76500.0,765.000,67.90,124.50,68221.017,67456.017,25.881,846.2,4.986e-04,1.429e-10,154.197,127.442,2218.3,1.000e+05,0.000,2947.730,846.2,4.986e-04,1.429e-10,0.0,1.429e-10,1.429e-10,1.429e-10,0.0,0.00,2218.3,116943.87,0.0,0.0,0.0,0.0,0.0,0.0,-0.0,0.0,0.0,0.0,0.0,0.0,325.61,-1.54,226.74,5.18,95.73,44.97,5.20,35733.2,0.0000e+00,4.125e+03,1.410e+00,0.000,0.0000,
77000.0,770.000,68.20,125.00,68210.372,67440.372,25.889,851.9,4.827e-04,1.374e-10,155.490,127.444,2225.9,1.000e+05,0.000,2977.470,851.9,4.827e-04,1.374e-10,0.0,1.374e-10,1.374e-10,1.374e-10,0.0,0.00,2225.9,116349.06,0.0,0.0,0.0,0.0,0.0,0.0,0.0,0.0,0.0,0.0,0.0,0.0,325.61,-1.54,221.70,5.55,93.87,44.97,5.20,35733.2,0.0000e+00,4.125e+03,1.410e+00,0.000,0.0000,
77500.0,775.000,68.50,125.50,68199.908,67424.908,25.897,857.3,4.675e-04,1.321e-10,155.679,132.666,2233.5,1.000e+05,0.000,2986.102,857.3,4.675e-04,1.321e-10,0.0,1.321e-10,1.321e-10,1.321e-10,0.0,0.00,2233.5,115753.54,0.0,0.0,0.0,0.0,0.0,0.0,0.0,-0.0,0.0,0.0,0.0,0.0,325.61,-1.54,216.66,5.92,92.05,44.97,5.20,35733.2,0.0000e+00,4.127e+03,1.410e+00,0.000,0.0000,
78000.0,780.000,68.80,126.00,68189.628,67409.628,25.905,862.2,4.527e-04,1.272e-10,156.683,133.761,2239.7,1.000e+05,0.000,3010.376,862.2,4.527e-04,1.272e-10,0.0,1.272e-10,1.272e-10,1.272e-10,0.0,0.00,2239.7,115157.31,0.0,0.0,0.0,0.0,0.0,0.0,0.0,-0.0,0.0,0.0,0.0,0.0,325.61,-1.54,211.62,6.29,90.27,44.97,5.20,35733.2,0.0000e+00,4.126e+03,1.410e+00,0.000,0.0000,
78500.0,785.000,69.10,126.50,68179.531,67394.531,25.913,866.7,4.385e-04,1.226e-10,158.436,137.712,2245.7,1.000e+05,0.000,3049.107,866.7,4.385e-04,1.226e-10,0.0,1.226e-10,1.226e-10,1.226e-10,0.0,0.00,2245.7,114560.38,0.0,0.0,0.0,0.0,0.0,0.0,-0.0,-0.0,0.0,0.0,0.0,0.0,325.61,-1.54,206.58,6.66,88.55,44.97,5.20,35733.2,0.0000e+00,4.127e+03,1.410e+00,0.000,0.0000,
79000.0,790.000,69.40,127.00,68169.621,67379.621,25.921,870.8,4.249e-04,1.182e-10,158.758,136.400,2251.2,1.000e+05,0.000,3060.326,870.8,4.249e-04,1.182e-10,0.0,1.182e-10,1.182e-10,1.182e-10,0.0,0.00,2251.2,113962.77,0.0,0.0,0.0,0.0,0.0,0.0,-0.0,-0.0,0.0,0.0,0.0,0.0,325.61,-1.54,201.55,7.03,86.91,44.97,5.20,35733.2,0.0000e+00,4.128e+03,1.410e+00,0.000,0.0000,
79500.0,795.000,69.70,127.50,68159.898,67364.898,25.929,874.3,4.117e-04,1.140e-10,158.584,145.115,2256.5,1.000e+05,0.000,3061.954,874.3,4.117e-04,1.140e-10,0.0,1.140e-10,1.140e-10,1.140e-10,0.0,0.00,2256.5,113364.49,0.0,0.0,0.0,0.0,0.0,0.0,0.0,0.0,0.0,0.0,0.0,0.0,325.61,-1.54,196.51,7.40,85.36,44.97,5.20,35733.2,0.0000e+00,4.130e+03,1.410e+00,0.000,0.0000,
80000.0,800.000,70.00,128.00,68150.363,67350.363,25.936,877.1,3.990e-04,1.101e-10,160.176,144.135,2259.9,1.000e+05,0.000,3097.741,877.1,3.990e-04,1.101e-10,0.0,1.101e-10,1.101e-10,1.101e-10,0.0,0.00,2259.9,112765.56,0.0,0.0,0.0,0.0,0.0,0.0,0.0,-0.0,0.0,0.0,0.0,0.0,325.61,-1.54,191.47,7.77,83.91,44.97,5.20,35733.2,0.0000e+00,4.130e+03,1.410e+00,0.000,0.0000,
80500.0,805.000,70.30,128.50,68141.017,67336.017,25.943,879.6,3.867e-04,1.064e-10,160.721,151.546,2263.6,1.000e+05,0.000,3113.290,879.6,3.867e-04,1.064e-10,0.0,1.064e-10,1.064e-10,1.064e-10,0.0,0.00,2263.6,112165.99,0.0,0.0,0.0,0.0,0.0,0.0,-0.0,-0.0,0.0,0.0,0.0,0.0,325.61,-1.54,186.43,8.14,82.58,44.97,5.20,35733.2,0.0000e+00,4.131e+03,1.410e+00,0.000,0.0000,
81000.0,810.000,70.60,129.00,68131.862,67321.862,25.951,881.7,3.748e-04,1.029e-10,160.054,146.796,2265.9,1.000e+05,0.000,3105.364,881.7,3.748e-04,1.029e-10,0.0,1.029e-10,1.029e-10,1.029e-10,0.0,0.00,2265.9,111565.79,0.0,0.0,0.0,0.0,0.0,0.0,-0.0,-0.0,0.0,0.0,0.0,0.0,325.61,-1.54,181.40,8.51,81.37,44.96,5.20,35733.2,0.0000e+00,4.130e+03,1.410e+00,0.000,0.0000,
81500.0,815.000,70.90,129.50,68122.899,67307.899,25.958,883.3,3.633e-04,9.953e-11,160.899,156.077,2268.8,1.000e+05,0.000,3126.777,883.3,3.633e-04,9.953e-11,0.0,9.953e-11,9.953e-11,9.953e-11,0.0,0.00,2268.8,110964.98,0.0,0.0,0.0,0.0,0.0,0.0,-0.0,-0.0,0.0,0.0,0.0,0.0,325.61,-1.54,176.36,8.88,80.29,44.96,5.20,35733.2,0.0000e+00,4.133e+03,1.410e+00,0.000,0.0000,
82000.0,820.000,71.20,130.00,68114.129,67294.129,25.964,884.4,3.522e-04,9.639e-11,161.971,156.295,2269.9,1.000e+05,0.000,3152.633,884.4,3.522e-04,9.639e-11,0.0,9.639e-11,9.639e-11,9.639e-11,0.0,0.00,2269.9,110363.57,0.0,0.0,0.0,0.0,0.0,0.0,-0.0,-0.0,0.0,0.0,0.0,0.0,325.61,-1.54,171.32,9.25,79.36,44.96,5.20,35733.2,0.0000e+00,4.132e+03,1.410e+00,0.000,0.0000,
82500.0,825.000,71.50,130.50,68105.554,67280.554,25.971,885.1,3.415e-04,9.336e-11,161.732,158.290,2271.1,1.000e+05,0.000,3152.975,885.1,3.415e-04,9.336e-11,0.0,9.336e-11,9.336e-11,9.336e-11,0.0,0.00,2271.1,109761.58,0.0,0.0,0.0,0.0,0.0,0.0,-0.0,0.0,0.0,0.0,0.0,0.0,325.61,-1.54,166.28,9.61,78.57,44.96,5.20,35733.2,0.0000e+00,4.133e+03,1.410e+00,0.000,0.0000,
83000.0,830.000,71.80,131.00,68097.174,67267.174,25.978,885.5,3.311e-04,9.046e-11,161.289,159.792,2271.8,1.000e+05,0.000,3149.327,885.5,3.311e-04,9.046e-11,0.0,9.046e-11,9.046e-11,9.046e-11,0.0,0.00,2271.8,109159.01,0.0,0.0,0.0,0.0,0.0,0.0,-0.0,0.0,0.0,0.0,0.0,0.0,325.61,-1.54,161.24,9.98,77.94,44.96,5.20,35733.2,0.0000e+00,4.134e+03,1.410e+00,0.000,0.0000,
83500.0,835.000,72.10,131.50,68088.990,67253.990,25.984,885.5,3.210e-04,8.768e-11,161.606,162.895,2272.1,1.000e+05,0.000,3160.517,885.5,3.210e-04,8.768e-11,0.0,8.768e-11,8.768e-11,8.768e-11,0.0,0.00,2272.1,108555.88,0.0,0.0,0.0,0.0,0.0,0.0,-0.0,0.0,0.0,0.0,0.0,0.0,325.61,-1.54,156.21,10.35,77.46,44.96,5.20,35733.2,0.0000e+00,4.135e+03,1.410e+00,0.000,0.0000,
84000.0,840.000,72.40,132.00,68081.004,67241.004,25.990,885.3,3.112e-04,8.503e-11,161.425,163.939,2271.8,1.000e+05,0.000,3161.985,885.3,3.112e-04,8.503e-11,0.0,8.503e-11,8.503e-11,8.503e-11,0.0,0.00,2271.8,107952.21,0.0,0.0,0.0,0.0,0.0,0.0,0.0,-0.0,0.0,0.0,0.0,0.0,325.61,-1.54,151.17,10.72,77.13,44.96,5.20,35733.2,0.0000e+00,4.135e+03,1.410e+00,0.000,0.0000,
84500.0,845.000,72.70,132.50,68073.217,67228.217,25.996,884.7,3.017e-04,8.248e-11,160.296,165.918,2271.2,1.000e+05,0.000,3144.837,884.7,3.017e-04,8.248e-11,0.0,8.248e-11,8.248e-11,8.248e-11,0.0,0.00,2271.2,107348.00,0.0,0.0,0.0,0.0,0.0,0.0,0.0,-0.0,0.0,0.0,0.0,0.0,325.61,-1.54,146.13,11.09,76.96,44.96,5.20,35733.2,0.0000e+00,4.135e+03,1.410e+00,0.000,0.0000,
85000.0,850.000,73.00,133.00,68065.629,67215.629,26.002,883.8,2.925e-04,8.003e-11,162.110,166.874,2270.0,1.000e+05,0.000,3185.485,883.8,2.925e-04,8.003e-11,0.0,8.003e-11,8.003e-11,8.003e-11,0.0,0.00,2270.0,106743.27,0.0,0.0,0.0,0.0,0.0,0.0,-0.0,-0.0,0.0,0.0,0.0,0.0,325.61,-1.54,141.09,11.46,76.95,44.96,5.20,35733.2,0.0000e+00,4.135e+03,1.410e+00,0.000,0.0000,
85500.0,855.000,73.30,133.50,68058.242,67203.242,26.008,882.7,2.836e-04,7.767e-11,160.890,168.429,2269.0,1.000e+05,0.000,3166.459,882.7,2.836e-04,7.767e-11,0.0,7.767e-11,7.767e-11,7.767e-11,0.0,0.00,2269.0,106138.04,0.0,0.0,0.0,0.0,0.0,0.0,0.0,0.0,0.0,0.0,0.0,0.0,325.61,-1.54,136.06,11.83,77.08,44.96,5.20,35733.2,0.0000e+00,4.137e+03,1.410e+00,0.000,0.0000,
86000.0,860.000,73.60,134.00,68051.057,67191.057,26.014,881.4,2.749e-04,7.539e-11,160.890,168.429,2267.4,1.000e+05,0.000,3171.459,881.4,2.749e-04,7.539e-11,0.0,7.539e-11,7.539e-11,7.539e-11,0.0,0.00,2267.4,105532.31,0.0,0.0,0.0,0.0,0.0,0.0,0.0,-0.0,0.0,0.0,0.0,0.0,325.61,-1.54,131.02,12.20,77.35,44.96,5.20,35733.2,0.0000e+00,4.137e+03,1.410e+00,0.000,0.0000,
86500.0,865.000,73.90,134.50,68044.075,67179.075,26.019,880.0,2.665e-04,7.319e-11,161.598,168.765,2265.9,1.000e+05,0.000,3190.413,880.0,2.665e-04,7.319e-11,0.0,7.319e-11,7.319e-11,7.319e-11,0.0,0.00,2265.9,104926.09,0.0,0.0,0.0,0.0,0.0,0.0,0.0,-0.0,0.0,0.0,0.0,0.0,325.61,-1.54,125.98,12.57,77.76,44.96,5.20,35733.2,0.0000e+00,4.138e+03,1.410e+00,0.000,0.0000,
87000.0,870.000,74.20,135.00,68037.297,67167.297,26.024,878.5,2.584e-04,7.106e-11,160.556,169.267,2264.1,1.000e+05,0.000,3174.846,878.5,2.584e-04,7.106e-11,0.0,7.106e-11,7.106e-11,7.106e-11,0.0,0.00,2264.1,104319.41,0.0,0.0,0.0,0.0,0.0,0.0,-0.0,-0.0,0.0,0.0,0.0,0.0,325.62,-1.54,120.94,12.94,78.29,44.96,5.20,35733.2,0.0000e+00,4.138e+03,1.410e+00,0.000,0.0000,
87500.0,875.000,74.50,135.50,68030.724,67155.724,26.029,876.9,2.504e-04,6.900e-11,159.569,169.951,2262.0,1.000e+05,0.000,3160.319,876.9,2.504e-04,6.900e-11,0.0,6.900e-11,6.900e-11,6.900e-11,0.0,0.00,2262.0,103712.28,0.0,0.0,0.0,0.0,0.0,0.0,0.0,0.0,0.0,0.0,0.0,0.0,325.62,-1.54,115.90,13.31,78.93,44.96,5.20,35733.2,0.0000e+00,4.138e+03,1.410e+00,0.000,0.0000,
88000.0,880.000,74.80,136.00,68024.356,67144.356,26.034,875.2,2.427e-04,6.700e-11,160.682,169.995,2260.0,1.000e+05,0.000,3187.367,875.2,2.427e-04,6.700e-11,0.0,6.700e-11,6.700e-11,6.700e-11,0.0,0.00,2260.0,103104.70,0.0,0.0,0.0,0.0,0.0,0.0,0.0,-0.0,0.0,0.0,0.0,0.0,325.62,-1.54,110.87,13.68,79.68,44.95,5.20,35733.2,0.0000e+00,4.139e+03,1.410e+00,0.000,0.0000,
88500.0,885.000,75.10,136.50,68018.196,67133.196,26.039,873.6,2.352e-04,6.504e-11,159.927,168.465,2258.2,1.000e+05,0.000,3177.395,873.6,2.352e-04,6.504e-11,0.0,6.504e-11,6.504e-11,6.504e-11,0.0,0.00,2258.2,102496.69,0.0,0.0,0.0,0.0,0.0,0.0,0.0,0.0,0.0,0.0,0.0,0.0,325.62,-1.54,105.83,14.04,80.51,44.95,5.20,35733.2,0.0000e+00,4.140e+03,1.410e+00,0.000,0.0000,
89000.0,890.000,75.40,137.00,68012.243,67122.243,26.044,872.0,2.280e-04,6.315e-11,159.250,169.567,2256.1,1.000e+05,0.000,3168.936,872.0,2.280e-04,6.315e-11,0.0,6.315e-11,6.315e-11,6.315e-11,0.0,0.00,2256.1,101888.26,0.0,0.0,0.0,0.0,0.0,0.0,0.0,0.0,0.0,0.0,0.0,0.0,325.62,-1.54,100.79,14.41,81.43,44.95,5.20,35733.2,0.0000e+00,4.140e+03,1.410e+00,0.000,0.0000,
89500.0,895.000,75.70,137.50,68006.498,67111.498,26.048,870.6,2.209e-04,6.129e-11,158.352,166.107,2254.4,1.000e+05,0.000,3156.064,870.6,2.209e-04,6.129e-11,0.0,6.129e-11,6.129e-11,6.129e-11,0.0,0.00,2254.4,101279.43,0.0,0.0,0.0,0.0,0.0,0.0,-0.0,-0.0,0.0,0.0,0.0,0.0,325.62,-1.54,95.75,14.78,82.40,44.95,5.20,35733.2,0.0000e+00,4.140e+03,1.410e+00,0.000,0.0000,
90000.0,900.000,76.00,138.00,68000.963,67100.963,26.053,869.1,2.141e-04,5.948e-11,160.454,167.715,2252.8,1.000e+05,0.000,3202.976,869.1,2.141e-04,5.948e-11,0.0,5.948e-11,5.948e-11,5.948e-11,0.0,0.00,2252.8,100670.20,0.0,0.0,0.0,0.0,0.0,0.0,0.0,0.0,0.0,0.0,0.0,0.0,325.62,-1.54,90.72,15.15,83.43,44.95,5.20,35733.2,0.0000e+00,4.141e+03,1.410e+00,0.000,0.0000,
90500.0,905.000,76.30,138.50,67995.638,67090.638,26.057,867.8,2.075e-04,5.772e-11,157.532,165.212,2251.2,1.000e+05,0.000,3149.611,867.8,2.075e-04,5.772e-11,0.0,5.772e-11,5.772e-11,5.772e-11,0.0,0.00,2251.2,100060.59,0.0,0.0,0.0,0.0,0.0,0.0,-0.0,-0.0,0.0,0.0,0.0,0.0,325.62,-1.54,85.68,15.52,84.50,44.95,5.20,35733.2,0.0000e+00,4.142e+03,1.410e+00,0.000,0.0000,
91000.0,910.000,76.60,139.00,67990.524,67080.524,26.061,866.8,2.010e-04,5.599e-11,159.976,164.264,2250.0,1.000e+05,0.000,3203.516,866.8,2.010e-04,5.599e-11,0.0,5.599e-11,5.599e-11,5.599e-11,0.0,0.00,2250.0,99450.61,0.0,0.0,0.0,0.0,0.0,0.0,0.0,0.0,0.0,0.0,0.0,0.0,325.62,-1.54,80.64,15.89,85.60,44.95,5.20,35733.2,0.0000e+00,4.142e+03,1.410e+00,0.000,0.0000,
91500.0,915.000,76.90,139.50,67985.622,67070.622,26.065,866.0,1.948e-04,5.430e-11,159.664,161.789,2249.4,1.000e+05,0.000,3202.264,866.0,1.948e-04,5.430e-11,0.0,5.430e-11,5.430e-11,5.430e-11,0.0,0.00,2249.4,98840.28,0.0,0.0,0.0,0.0,0.0,0.0,-0.0,-0.0,0.0,0.0,0.0,0.0,325.62,-1.54,75.60,16.26,86.70,44.95,5.20,35733.2,0.0000e+00,4.144e+03,1.410e+00,0.000,0.0000,
92000.0,920.000,77.20,140.00,67980.933,67060.933,26.068,865.4,1.888e-04,5.264e-11,157.227,161.522,2248.7,1.000e+05,0.000,3158.351,865.4,1.888e-04,5.264e-11,0.0,5.264e-11,5.264e-11,5.264e-11,0.0,0.00,2248.7,98229.60,0.0,0.0,0.0,0.0,0.0,0.0,-0.0,-0.0,0.0,0.0,0.0,0.0,325.62,-1.54,70.56,16.63,87.81,44.95,5.20,35733.2,0.0000e+00,4.144e+03,1.410e+00,0.000,0.0000,
92500.0,925.000,77.50,140.50,67976.458,67051.458,26.072,865.1,1.829e-04,5.102e-11,160.023,158.464,2248.4,1.000e+05,0.000,3219.562,865.1,1.829e-04,5.102e-11,0.0,5.102e-11,5.102e-11,5.102e-11,0.0,0.00,2248.4,97618.59,0.0,0.0,0.0,0.0,0.0,0.0,0.0,0.0,0.0,0.0,0.0,0.0,325.62,-1.54,65.53,17.00,88.91,44.95,5.20,35733.2,0.0000e+00,4.145e+03,1.410e+00,0.000,0.0000,
93000.0,930.000,77.80,141.00,67972.197,67042.197,26.075,865.1,1.773e-04,4.943e-11,157.741,157.291,2248.6,1.000e+05,0.000,3178.604,865.1,1.773e-04,4.943e-11,0.0,4.943e-11,4.943e-11,4.943e-11,0.0,0.00,2248.6,97007.27,0.0,0.0,0.0,0.0,0.0,0.0,0.0,-0.0,0.0,0.0,0.0,0.0,325.62,-1.54,60.49,17.37,89.98,44.95,5.20,35733.2,0.0000e+00,4.145e+03,1.410e+00,0.000,0.0000,
93500.0,935.000,78.10,141.50,67968.150,67033.150,26.078,865.4,1.717e-04,4.788e-11,158.224,155.190,2248.9,1.000e+05,0.000,3193.351,865.4,1.717e-04,4.788e-11,0.0,4.788e-11,4.788e-11,4.788e-11,0.0,0.00,2248.9,96395.63,0.0,0.0,0.0,0.0,0.0,0.0,-0.0,0.0,0.0,0.0,0.0,0.0,325.62,-1.54,55.45,17.74,91.02,44.95,5.20,35733.2,0.0000e+00,4.145e+03,1.410e+00,0.000,0.0000,
94000.0,940.000,78.40,142.00,67964.320,67024.320,26.081,866.1,1.664e-04,4.635e-11,158.913,152.115,2250.0,1.000e+05,0.000,3212.277,866.1,1.664e-04,4.635e-11,0.0,4.635e-11,4.635e-11,4.635e-11,0.0,0.00,2250.0,95783.70,0.0,0.0,0.0,0.0,0.0,0.0,-0.0,0.0,0.0,0.0,0.0,0.0,325.62,-1.54,50.41,18.11,92.02,44.95,5.20,35733.2,0.0000e+00,4.145e+03,1.410e+00,0.000,0.0000,
94500.0,945.000,78.70,142.50,67960.706,67015.706,26.084,867.1,1.613e-04,4.485e-11,159.833,151.944,2251.6,1.000e+05,0.000,3235.892,867.1,1.613e-04,4.485e-11,0.0,4.485e-11,4.485e-11,4.485e-11,0.0,0.00,2251.6,95171.48,0.0,0.0,0.0,0.0,0.0,0.0,-0.0,0.0,0.0,0.0,0.0,0.0,325.62,-1.54,45.38,18.47,92.96,44.94,5.20,35733.2,0.0000e+00,4.146e+03,1.410e+00,0.000,0.0000,
95000.0,950.000,79.00,143.00,67957.310,67007.310,26.087,868.4,1.563e-04,4.339e-11,161.012,149.884,2253.6,1.000e+05,0.000,3264.783,868.4,1.563e-04,4.339e-11,0.0,4.339e-11,4.339e-11,4.339e-11,0.0,0.00,2253.6,94558.99,0.0,0.0,0.0,0.0,0.0,0.0,0.0,-0.0,0.0,0.0,0.0,0.0,325.62,-1.54,40.34,18.84,93.85,44.94,5.20,35733.2,0.0000e+00,4.148e+03,1.410e+00,0.000,0.0000,
95500.0,955.000,79.30,143.50,67954.131,66999.131,26.089,870.3,1.515e-04,4.197e-11,158.879,148.563,2256.2,1.000e+05,0.000,3226.485,870.3,1.515e-04,4.197e-11,0.0,4.197e-11,4.197e-11,4.197e-11,0.0,0.00,2256.2,93946.24,0.0,0.0,0.0,0.0,0.0,0.0,-0.0,-0.0,0.0,0.0,0.0,0.0,325.62,-1.54,35.30,19.21,94.66,44.94,5.20,35733.2,0.0000e+00,4.149e+03,1.410e+00,0.000,0.0000,
96000.0,960.000,79.60,144.00,67951.171,66991.171,26.092,872.2,1.468e-04,4.057e-11,160.694,145.810,2258.8,1.000e+05,0.000,3268.381,872.2,1.468e-04,4.057e-11,0.0,4.057e-11,4.057e-11,4.057e-11,0.0,0.00,2258.8,93333.24,0.0,0.0,0.0,0.0,0.0,0.0,-0.0,0.0,0.0,0.0,0.0,0.0,325.62,-1.54,30.26,19.58,95.40,44.94,5.20,35733.2,0.0000e+00,4.149e+03,1.410e+00,0.000,0.0000,
96500.0,965.000,79.90,144.50,67948.430,66983.430,26.094,874.8,1.423e-04,3.921e-11,162.245,145.567,2262.4,1.000e+05,0.000,3304.989,874.8,1.423e-04,3.921e-11,0.0,3.921e-11,3.921e-11,3.921e-11,0.0,0.00,2262.4,92720.01,0.0,0.0,0.0,0.0,0.0,0.0,-0.0,0.0,0.0,0.0,0.0,0.0,325.62,-1.54,25.22,19.95,96.07,44.94,5.20,35733.2,0.0000e+00,4.150e+03,1.410e+00,0.000,0.0000,
97000.0,970.000,80.20,145.00,67945.909,66975.909,26.096,877.5,1.380e-04,3.788e-11,162.245,145.567,2266.4,1.000e+05,0.000,3309.989,877.5,1.380e-04,3.788e-11,0.0,3.788e-11,3.788e-11,3.788e-11,0.0,0.00,2266.4,92106.55,0.0,0.0,0.0,0.0,0.0,0.0,-0.0,0.0,0.0,0.0,0.0,0.0,325.62,-1.54,20.19,20.32,96.64,44.94,5.20,35733.2,0.0000e+00,4.152e+03,1.410e+00,0.000,0.0000,
97500.0,975.000,80.50,145.50,67943.608,66968.608,26.098,880.7,1.338e-04,3.660e-11,160.774,144.691,2270.4,1.000e+05,0.000,3284.962,880.7,1.338e-04,3.660e-11,0.0,3.660e-11,3.660e-11,3.660e-11,0.0,0.00,2270.4,91492.88,0.0,0.0,0.0,0.0,0.0,0.0,-0.0,0.0,0.0,0.0,0.0,0.0,325.63,-1.54,15.15,20.69,97.13,44.94,5.20,35733.2,0.0000e+00,4.151e+03,1.410e+00,0.000,0.0000,
98000.0,980.000,80.80,146.00,67941.528,66961.528,26.099,883.9,1.297e-04,3.535e-11,163.409,144.172,2274.9,1.000e+05,0.000,3343.819,883.9,1.297e-04,3.535e-11,0.0,3.535e-11,3.535e-11,3.535e-11,0.0,0.00,2274.9,90879.01,0.0,0.0,0.0,0.0,0.0,0.0,-0.0,-0.0,0.0,0.0,0.0,0.0,325.63,-1.54,10.11,21.06,97.53,44.94,5.20,35733.2,0.0000e+00,4.152e+03,1.410e+00,0.000,0.0000,
98500.0,985.000,81.10,146.50,67939.670,66954.670,26.101,887.3,1.258e-04,3.415e-11,161.886,144.350,2279.3,1.000e+05,0.000,3317.652,887.3,1.258e-04,3.415e-11,0.0,3.415e-11,3.415e-11,3.415e-11,0.0,0.00,2279.3,90264.95,0.0,0.0,0.0,0.0,0.0,0.0,0.0,0.0,0.0,0.0,0.0,0.0,325.63,-1.54,5.07,21.43,97.85,44.94,5.20,35733.2,0.0000e+00,4.152e+03,1.410e+00,0.000,0.0000,
99000.0,990.000,81.40,147.00,67938.034,66948.034,26.102,890.5,1.220e-04,3.299e-11,164.805,146.241,2283.6,1.000e+05,0.000,3382.492,890.5,1.220e-04,3.299e-11,0.0,3.299e-11,3.299e-11,3.299e-11,0.0,0.00,2283.6,89650.71,0.0,0.0,0.0,0.0,0.0,0.0,-0.0,-0.0,0.0,0.0,0.0,0.0,325.63,-1.54,0.03,21.80,98.07,44.94,5.20,35733.2,0.0000e+00,4.153e+03,1.410e+00,0.000,0.0000,
99500.0,995.000,81.70,147.50,67936.620,66941.620,26.103,893.9,1.184e-04,3.188e-11,163.908,144.770,2288.2,1.000e+05,0.000,3369.066,893.9,1.184e-04,3.188e-11,0.0,3.188e-11,3.188e-11,3.188e-11,0.0,0.00,2288.2,89036.30,0.0,0.0,0.0,0.0,0.0,0.0,-0.0,0.0,0.0,0.0,0.0,0.0,325.63,-1.54,355.00,22.17,98.21,44.94,5.20,35733.2,0.0000e+00,4.154e+03,1.410e+00,0.000,0.0000,
100000.0,1000.000,82.00,148.00,67935.430,66935.430,26.104,896.9,1.148e-04,3.081e-11,161.569,148.528,2291.8,1.000e+05,0.000,3325.952,896.9,1.148e-04,3.081e-11,0.0,3.081e-11,3.081e-11,3.081e-11,0.0,0.00,2291.8,88421.73,0.0,0.0,0.0,0.0,0.0,0.0,0.0,-0.0,0.0,0.0,0.0,0.0,325.63,-1.54,349.96,22.54,98.26,44.94,5.20,35733.2,0.0000e+00,4.153e+03,1.410e+00,0.000,0.0000,
